# WaveFront *.obj file (generated by Autodesk ATF)

mtllib AX-12A.mtl

g Solid1

v -7.090000 -28.949001 -18.959000
v -7.090000 -28.949001 -18.920000
v -7.090000 -28.949001 -18.700000
v -7.090000 -28.949001 -18.661000
v -7.090000 -28.935750 -18.950000
v -7.090000 -28.935750 -18.920000
v -7.090000 -28.935750 -18.700000
v -7.090000 -28.935750 -18.670000
v -7.090000 -28.896251 -18.950000
v -7.090000 -28.896251 -18.920000
v -7.090000 -28.896251 -18.700000
v -7.090000 -28.896251 -18.670000
v -7.090000 -28.882999 -18.959000
v -7.090000 -28.882999 -18.920000
v -7.090000 -28.882999 -18.700000
v -7.090000 -28.882999 -18.661000
v -7.090000 -28.868999 -18.959000
v -7.090000 -28.868999 -18.920000
v -7.090000 -28.868999 -18.700000
v -7.090000 -28.868999 -18.661000
v -7.090000 -28.855751 -18.950000
v -7.090000 -28.855751 -18.920000
v -7.090000 -28.855751 -18.700000
v -7.090000 -28.855751 -18.670000
v -7.090000 -28.816249 -18.950000
v -7.090000 -28.816249 -18.920000
v -7.090000 -28.816249 -18.700000
v -7.090000 -28.816249 -18.670000
v -7.090000 -28.803000 -18.959000
v -7.090000 -28.803000 -18.920000
v -7.090000 -28.803000 -18.700000
v -7.090000 -28.803000 -18.661000
v -7.090000 -28.789001 -18.959000
v -7.090000 -28.789001 -18.920000
v -7.090000 -28.789001 -18.700000
v -7.090000 -28.789001 -18.661000
v -7.090000 -28.775749 -18.950000
v -7.090000 -28.775749 -18.920000
v -7.090000 -28.775749 -18.700000
v -7.090000 -28.775749 -18.670000
v -7.090000 -28.736250 -18.950000
v -7.090000 -28.736250 -18.920000
v -7.090000 -28.736250 -18.700000
v -7.090000 -28.736250 -18.670000
v -7.090000 -28.722999 -18.959000
v -7.090000 -28.722999 -18.920000
v -7.090000 -28.722999 -18.700000
v -7.090000 -28.722999 -18.661000
v -7.090000 -28.708999 -18.959000
v -7.090000 -28.708999 -18.920000
v -7.090000 -28.708999 -18.700000
v -7.090000 -28.708999 -18.661000
v -7.090000 -28.695750 -18.950000
v -7.090000 -28.695750 -18.920000
v -7.090000 -28.695750 -18.700000
v -7.090000 -28.695750 -18.670000
v -7.090000 -28.656249 -18.950000
v -7.090000 -28.656249 -18.920000
v -7.090000 -28.656249 -18.700000
v -7.090000 -28.656249 -18.670000
v -7.090000 -28.643000 -18.959000
v -7.090000 -28.643000 -18.920000
v -7.090000 -28.643000 -18.700000
v -7.090000 -28.643000 -18.661000
v -7.079000 -28.949001 -18.970000
v -7.079000 -28.949001 -18.650000
v -7.079000 -28.935750 -18.950000
v -7.079000 -28.935750 -18.920000
v -7.079000 -28.935750 -18.700000
v -7.079000 -28.935750 -18.670000
v -7.079000 -28.896251 -18.950000
v -7.079000 -28.896251 -18.920000
v -7.079000 -28.896251 -18.700000
v -7.079000 -28.896251 -18.670000
v -7.079000 -28.882999 -18.970000
v -7.079000 -28.882999 -18.650000
v -7.079000 -28.868999 -18.970000
v -7.079000 -28.868999 -18.650000
v -7.079000 -28.855751 -18.950000
v -7.079000 -28.855751 -18.920000
v -7.079000 -28.855751 -18.700000
v -7.079000 -28.855751 -18.670000
v -7.079000 -28.816249 -18.950000
v -7.079000 -28.816249 -18.920000
v -7.079000 -28.816249 -18.700000
v -7.079000 -28.816249 -18.670000
v -7.079000 -28.803000 -18.970000
v -7.079000 -28.803000 -18.650000
v -7.079000 -28.789001 -18.970000
v -7.079000 -28.789001 -18.650000
v -7.079000 -28.775749 -18.950000
v -7.079000 -28.775749 -18.920000
v -7.079000 -28.775749 -18.700000
v -7.079000 -28.775749 -18.670000
v -7.079000 -28.736250 -18.950000
v -7.079000 -28.736250 -18.920000
v -7.079000 -28.736250 -18.700000
v -7.079000 -28.736250 -18.670000
v -7.079000 -28.722999 -18.970000
v -7.079000 -28.722999 -18.650000
v -7.079000 -28.708999 -18.970000
v -7.079000 -28.708999 -18.650000
v -7.079000 -28.695750 -18.950000
v -7.079000 -28.695750 -18.920000
v -7.079000 -28.695750 -18.700000
v -7.079000 -28.695750 -18.670000
v -7.079000 -28.656249 -18.950000
v -7.079000 -28.656249 -18.920000
v -7.079000 -28.656249 -18.700000
v -7.079000 -28.656249 -18.670000
v -7.079000 -28.643000 -18.970000
v -7.079000 -28.643000 -18.650000
v -7.077674 -28.918893 -18.970000
v -7.077674 -28.918893 -18.650000
v -7.077674 -28.913107 -18.970000
v -7.077674 -28.913107 -18.650000
v -7.077674 -28.838892 -18.970000
v -7.077674 -28.838892 -18.650000
v -7.077674 -28.833108 -18.970000
v -7.077674 -28.833108 -18.650000
v -7.077674 -28.758893 -18.970000
v -7.077674 -28.758893 -18.650000
v -7.077674 -28.753107 -18.970000
v -7.077674 -28.753107 -18.650000
v -7.077674 -28.678892 -18.970000
v -7.077674 -28.678892 -18.650000
v -7.077674 -28.673108 -18.970000
v -7.077674 -28.673108 -18.650000
v -7.075715 -28.918488 -18.950000
v -7.075715 -28.918488 -18.670000
v -7.075920 -28.917327 -18.652000
v -7.075920 -28.914673 -18.968000
v -7.075715 -28.913512 -18.950000
v -7.075715 -28.913512 -18.670000
v -7.075715 -28.838487 -18.950000
v -7.075715 -28.838487 -18.670000
v -7.075920 -28.837326 -18.652000
v -7.075920 -28.834674 -18.968000
v -7.075715 -28.833513 -18.950000
v -7.075715 -28.833513 -18.670000
v -7.075715 -28.758488 -18.950000
v -7.075715 -28.758488 -18.670000
v -7.075920 -28.757327 -18.652000
v -7.075920 -28.754673 -18.968000
v -7.075715 -28.753512 -18.950000
v -7.075715 -28.753512 -18.670000
v -7.075715 -28.678489 -18.950000
v -7.075715 -28.678489 -18.670000
v -7.075920 -28.677325 -18.652000
v -7.075920 -28.674674 -18.968000
v -7.075715 -28.673513 -18.950000
v -7.075715 -28.673513 -18.670000
v -7.075000 -28.961000 -18.951000
v -7.075000 -28.961000 -18.920000
v -7.075000 -28.961000 -18.700000
v -7.075000 -28.961000 -18.669000
v -7.075000 -28.949001 -18.951000
v -7.075000 -28.949001 -18.920000
v -7.075000 -28.949001 -18.700000
v -7.075000 -28.949001 -18.669000
v -7.075164 -28.924105 -18.970000
v -7.075164 -28.924105 -18.650000
v -7.075285 -28.919899 -18.968000
v -7.075285 -28.912098 -18.652000
v -7.075164 -28.907895 -18.970000
v -7.075164 -28.907895 -18.650000
v -7.075000 -28.882999 -18.951000
v -7.075000 -28.882999 -18.920000
v -7.075000 -28.882999 -18.700000
v -7.075000 -28.882999 -18.669000
v -7.075000 -28.868999 -18.951000
v -7.075000 -28.868999 -18.920000
v -7.075000 -28.868999 -18.700000
v -7.075000 -28.868999 -18.669000
v -7.075164 -28.844106 -18.970000
v -7.075164 -28.844106 -18.650000
v -7.075285 -28.839900 -18.968000
v -7.075285 -28.832099 -18.652000
v -7.075164 -28.827894 -18.970000
v -7.075164 -28.827894 -18.650000
v -7.075000 -28.803000 -18.951000
v -7.075000 -28.803000 -18.920000
v -7.075000 -28.803000 -18.700000
v -7.075000 -28.803000 -18.669000
v -7.075000 -28.789001 -18.951000
v -7.075000 -28.789001 -18.920000
v -7.075000 -28.789001 -18.700000
v -7.075000 -28.789001 -18.669000
v -7.075164 -28.764105 -18.970000
v -7.075164 -28.764105 -18.650000
v -7.075285 -28.759902 -18.968000
v -7.075285 -28.752100 -18.652000
v -7.075164 -28.747895 -18.970000
v -7.075164 -28.747895 -18.650000
v -7.075000 -28.722999 -18.951000
v -7.075000 -28.722999 -18.920000
v -7.075000 -28.722999 -18.700000
v -7.075000 -28.722999 -18.669000
v -7.075000 -28.708999 -18.951000
v -7.075000 -28.708999 -18.920000
v -7.075000 -28.708999 -18.700000
v -7.075000 -28.708999 -18.669000
v -7.075164 -28.684106 -18.970000
v -7.075164 -28.684106 -18.650000
v -7.075285 -28.679900 -18.968000
v -7.075285 -28.672099 -18.652000
v -7.075164 -28.667896 -18.970000
v -7.075164 -28.667896 -18.650000
v -7.075000 -28.643000 -18.951000
v -7.075000 -28.643000 -18.920000
v -7.075000 -28.643000 -18.700000
v -7.075000 -28.643000 -18.669000
v -7.075000 -28.631001 -18.951000
v -7.075000 -28.631001 -18.920000
v -7.075000 -28.631001 -18.700000
v -7.075000 -28.631001 -18.669000
v -7.073523 -28.922954 -18.950000
v -7.073523 -28.922954 -18.670000
v -7.074053 -28.922248 -18.652000
v -7.074053 -28.909752 -18.968000
v -7.073523 -28.909047 -18.950000
v -7.073523 -28.909047 -18.670000
v -7.073523 -28.842955 -18.950000
v -7.073523 -28.842955 -18.670000
v -7.074053 -28.842249 -18.652000
v -7.074053 -28.829751 -18.968000
v -7.073523 -28.829045 -18.950000
v -7.073523 -28.829045 -18.670000
v -7.073523 -28.762956 -18.950000
v -7.073523 -28.762956 -18.670000
v -7.074053 -28.762248 -18.652000
v -7.074053 -28.749752 -18.968000
v -7.073523 -28.749046 -18.950000
v -7.073523 -28.749046 -18.670000
v -7.073523 -28.682954 -18.950000
v -7.073523 -28.682954 -18.670000
v -7.074053 -28.682249 -18.652000
v -7.074053 -28.669751 -18.968000
v -7.073523 -28.669045 -18.950000
v -7.073523 -28.669045 -18.670000
v -7.072294 -28.924234 -18.968000
v -7.072294 -28.907766 -18.652000
v -7.072294 -28.844233 -18.968000
v -7.072294 -28.827767 -18.652000
v -7.072294 -28.764234 -18.968000
v -7.072294 -28.747766 -18.652000
v -7.072294 -28.684235 -18.968000
v -7.072294 -28.667767 -18.652000
v -7.070640 -28.927712 -18.970000
v -7.070640 -28.927712 -18.650000
v -7.070640 -28.904288 -18.970000
v -7.070640 -28.904288 -18.650000
v -7.070640 -28.847713 -18.970000
v -7.070640 -28.847713 -18.650000
v -7.070640 -28.824286 -18.970000
v -7.070640 -28.824286 -18.650000
v -7.070640 -28.767712 -18.970000
v -7.070640 -28.767712 -18.650000
v -7.070640 -28.744287 -18.970000
v -7.070640 -28.744287 -18.650000
v -7.070640 -28.687713 -18.970000
v -7.070640 -28.687713 -18.650000
v -7.070640 -28.664289 -18.970000
v -7.070640 -28.664289 -18.650000
v -7.069587 -28.925998 -18.950000
v -7.069587 -28.925998 -18.670000
v -7.070112 -28.925741 -18.652000
v -7.070112 -28.906260 -18.968000
v -7.069587 -28.906002 -18.950000
v -7.069587 -28.906002 -18.670000
v -7.069587 -28.845999 -18.950000
v -7.069587 -28.845999 -18.670000
v -7.070112 -28.845739 -18.652000
v -7.070112 -28.826261 -18.968000
v -7.069587 -28.826001 -18.950000
v -7.069587 -28.826001 -18.670000
v -7.069587 -28.765998 -18.950000
v -7.069587 -28.765998 -18.670000
v -7.070112 -28.765740 -18.652000
v -7.070112 -28.746259 -18.968000
v -7.069587 -28.746002 -18.950000
v -7.069587 -28.746002 -18.670000
v -7.069587 -28.685999 -18.950000
v -7.069587 -28.685999 -18.670000
v -7.070112 -28.685739 -18.652000
v -7.070112 -28.666260 -18.968000
v -7.069587 -28.666003 -18.950000
v -7.069587 -28.666003 -18.670000
v -7.067633 -28.926680 -18.968000
v -7.067633 -28.905320 -18.652000
v -7.067633 -28.846681 -18.968000
v -7.067633 -28.825319 -18.652000
v -7.067633 -28.766680 -18.968000
v -7.067633 -28.745320 -18.652000
v -7.067633 -28.686681 -18.968000
v -7.067633 -28.665318 -18.652000
v -7.065000 -28.929000 -18.970000
v -7.065000 -28.929000 -18.650000
v -7.064712 -28.926997 -18.950000
v -7.064712 -28.926997 -18.670000
v -7.065000 -28.927000 -18.652000
v -7.065000 -28.905001 -18.968000
v -7.064712 -28.905003 -18.950000
v -7.064712 -28.905003 -18.670000
v -7.065000 -28.903000 -18.970000
v -7.065000 -28.903000 -18.650000
v -7.065000 -28.849001 -18.970000
v -7.065000 -28.849001 -18.650000
v -7.064712 -28.846996 -18.950000
v -7.064712 -28.846996 -18.670000
v -7.065000 -28.847001 -18.652000
v -7.065000 -28.824999 -18.968000
v -7.064712 -28.825004 -18.950000
v -7.064712 -28.825004 -18.670000
v -7.065000 -28.822999 -18.970000
v -7.065000 -28.822999 -18.650000
v -7.065000 -28.769000 -18.970000
v -7.065000 -28.769000 -18.650000
v -7.064712 -28.766997 -18.950000
v -7.064712 -28.766997 -18.670000
v -7.065000 -28.766999 -18.652000
v -7.065000 -28.745000 -18.968000
v -7.064712 -28.745003 -18.950000
v -7.064712 -28.745003 -18.670000
v -7.065000 -28.743000 -18.970000
v -7.065000 -28.743000 -18.650000
v -7.065000 -28.689001 -18.970000
v -7.065000 -28.689001 -18.650000
v -7.064712 -28.686996 -18.950000
v -7.064712 -28.686996 -18.670000
v -7.065000 -28.687000 -18.652000
v -7.065000 -28.664999 -18.968000
v -7.064712 -28.665004 -18.950000
v -7.064712 -28.665004 -18.670000
v -7.065000 -28.663001 -18.970000
v -7.065000 -28.663001 -18.650000
v -7.062368 -28.926680 -18.968000
v -7.062368 -28.905320 -18.652000
v -7.062368 -28.846681 -18.968000
v -7.062368 -28.825319 -18.652000
v -7.062368 -28.766680 -18.968000
v -7.062368 -28.745320 -18.652000
v -7.062368 -28.686681 -18.968000
v -7.062368 -28.665318 -18.652000
v -7.059559 -28.954613 -18.920000
v -7.059559 -28.954613 -18.700000
v -7.060000 -28.951001 -18.920000
v -7.060000 -28.951001 -18.700000
v -7.059897 -28.925745 -18.950000
v -7.060000 -28.925798 -18.920000
v -7.060000 -28.925798 -18.700000
v -7.059897 -28.925745 -18.670000
v -7.059888 -28.925741 -18.652000
v -7.059888 -28.906260 -18.968000
v -7.059897 -28.906255 -18.950000
v -7.060000 -28.906202 -18.920000
v -7.059897 -28.906255 -18.700000
v -7.059897 -28.906255 -18.670000
v -7.059897 -28.845744 -18.950000
v -7.059897 -28.845744 -18.920000
v -7.060000 -28.845799 -18.700000
v -7.059897 -28.845744 -18.670000
v -7.059888 -28.845739 -18.652000
v -7.059888 -28.826261 -18.968000
v -7.059897 -28.826256 -18.950000
v -7.060000 -28.826201 -18.920000
v -7.060000 -28.826201 -18.700000
v -7.059897 -28.826256 -18.670000
v -7.059897 -28.765745 -18.950000
v -7.060000 -28.765798 -18.920000
v -7.059897 -28.765745 -18.700000
v -7.059897 -28.765745 -18.670000
v -7.059888 -28.765740 -18.652000
v -7.059888 -28.746259 -18.968000
v -7.059897 -28.746254 -18.950000
v -7.059897 -28.746254 -18.920000
v -7.060000 -28.746202 -18.700000
v -7.059897 -28.746254 -18.670000
v -7.059897 -28.685744 -18.950000
v -7.059897 -28.685744 -18.920000
v -7.060000 -28.685799 -18.700000
v -7.059897 -28.685744 -18.670000
v -7.059888 -28.685739 -18.652000
v -7.059888 -28.666260 -18.968000
v -7.059897 -28.666255 -18.950000
v -7.059897 -28.666255 -18.920000
v -7.059897 -28.666255 -18.700000
v -7.059897 -28.666255 -18.670000
v -7.060000 -28.631001 -18.954999
v -7.060000 -28.631001 -18.920000
v -7.060000 -28.631001 -18.699750
v -7.060000 -28.631001 -18.665000
v -7.060000 -28.556001 -18.954999
v -7.060000 -28.556001 -18.920250
v -7.060000 -28.556001 -18.699750
v -7.060000 -28.556001 -18.665000
v -7.059853 -28.551805 -18.665000
v -7.059360 -28.927712 -18.970000
v -7.059360 -28.927712 -18.650000
v -7.059360 -28.904288 -18.970000
v -7.059360 -28.904288 -18.650000
v -7.059360 -28.847713 -18.970000
v -7.059360 -28.847713 -18.650000
v -7.059360 -28.824286 -18.970000
v -7.059360 -28.824286 -18.650000
v -7.059360 -28.767712 -18.970000
v -7.059360 -28.767712 -18.650000
v -7.059360 -28.744287 -18.970000
v -7.059360 -28.744287 -18.650000
v -7.059360 -28.687713 -18.970000
v -7.059360 -28.687713 -18.650000
v -7.059360 -28.664289 -18.970000
v -7.059360 -28.664289 -18.650000
v -7.058858 -28.631001 -18.960741
v -7.058858 -28.631001 -18.659260
v -7.058858 -28.556001 -18.960741
v -7.058858 -28.556001 -18.659260
v -7.059414 -28.547633 -18.665000
v -7.058847 -28.544295 -18.954999
v -7.058847 -28.544295 -18.919750
v -7.058847 -28.544295 -18.700250
v -7.058684 -28.543501 -18.665000
v -7.058260 -28.958013 -18.920000
v -7.058260 -28.958013 -18.700000
v -7.057706 -28.924234 -18.968000
v -7.057706 -28.907766 -18.652000
v -7.057706 -28.844233 -18.968000
v -7.057706 -28.827767 -18.652000
v -7.057706 -28.764234 -18.968000
v -7.057706 -28.747766 -18.652000
v -7.057706 -28.684235 -18.968000
v -7.057706 -28.667767 -18.652000
v -7.058281 -28.547781 -18.659260
v -7.057727 -28.544517 -18.960741
v -7.057000 -28.631001 -18.919750
v -7.057000 -28.631001 -18.700250
v -7.057000 -28.556001 -18.920250
v -7.057000 -28.556001 -18.699750
v -7.057485 -28.543501 -18.659188
v -7.055739 -28.961473 -18.970000
v -7.056180 -28.961000 -18.920000
v -7.056180 -28.961000 -18.700000
v -7.056180 -28.961000 -18.650180
v -7.056000 -28.949001 -18.970000
v -7.056000 -28.949001 -18.650000
v -7.056263 -28.922684 -18.920000
v -7.056263 -28.922684 -18.700000
v -7.055947 -28.922248 -18.652000
v -7.055947 -28.909752 -18.968000
v -7.056263 -28.909316 -18.920000
v -7.056263 -28.909316 -18.700000
v -7.056000 -28.882999 -18.970000
v -7.056000 -28.882999 -18.650000
v -7.056000 -28.868999 -18.970000
v -7.056000 -28.868999 -18.650000
v -7.056263 -28.842683 -18.920000
v -7.056263 -28.842683 -18.700000
v -7.055947 -28.842249 -18.652000
v -7.055947 -28.829751 -18.968000
v -7.056263 -28.829317 -18.920000
v -7.056263 -28.829317 -18.700000
v -7.056000 -28.803000 -18.970000
v -7.056000 -28.803000 -18.650000
v -7.056000 -28.789001 -18.970000
v -7.056000 -28.789001 -18.650000
v -7.056263 -28.762684 -18.920000
v -7.056263 -28.762684 -18.700000
v -7.055947 -28.762248 -18.652000
v -7.055947 -28.749752 -18.968000
v -7.056263 -28.749316 -18.920000
v -7.056263 -28.749316 -18.700000
v -7.056000 -28.722999 -18.970000
v -7.056000 -28.722999 -18.650000
v -7.056000 -28.708999 -18.970000
v -7.056000 -28.708999 -18.650000
v -7.056263 -28.682683 -18.920000
v -7.056263 -28.682683 -18.700000
v -7.055947 -28.682249 -18.652000
v -7.055947 -28.669751 -18.968000
v -7.056263 -28.669317 -18.920000
v -7.056263 -28.669317 -18.700000
v -7.056000 -28.643000 -18.970000
v -7.056000 -28.643000 -18.650000
v -7.056000 -28.631001 -18.970000
v -7.055607 -28.631001 -18.965607
v -7.055607 -28.631001 -18.654393
v -7.056000 -28.631001 -18.650000
v -7.055607 -28.556001 -18.965607
v -7.055607 -28.556001 -18.654393
v -7.055905 -28.544879 -18.920250
v -7.055905 -28.544879 -18.700250
v -7.055000 -28.980999 -18.951000
v -7.055000 -28.980999 -18.920000
v -7.055000 -28.980999 -18.700000
v -7.055000 -28.980999 -18.669000
v -7.055000 -28.962181 -18.969820
v -7.055000 -28.962181 -18.920000
v -7.055000 -28.962181 -18.700000
v -7.055472 -28.961740 -18.650000
v -7.054836 -28.924105 -18.970000
v -7.054836 -28.924105 -18.650000
v -7.054715 -28.919899 -18.968000
v -7.054715 -28.912098 -18.652000
v -7.054836 -28.907895 -18.970000
v -7.054836 -28.907895 -18.650000
v -7.054836 -28.844106 -18.970000
v -7.054836 -28.844106 -18.650000
v -7.054715 -28.839900 -18.968000
v -7.054715 -28.832099 -18.652000
v -7.054836 -28.827894 -18.970000
v -7.054836 -28.827894 -18.650000
v -7.054836 -28.764105 -18.970000
v -7.054836 -28.764105 -18.650000
v -7.054715 -28.759902 -18.968000
v -7.054715 -28.752100 -18.652000
v -7.054836 -28.747895 -18.970000
v -7.054836 -28.747895 -18.650000
v -7.054836 -28.684106 -18.970000
v -7.054836 -28.684106 -18.650000
v -7.054715 -28.679900 -18.968000
v -7.054715 -28.672099 -18.652000
v -7.054836 -28.667896 -18.970000
v -7.054836 -28.667896 -18.650000
v -7.055060 -28.548222 -18.654393
v -7.054538 -28.545151 -18.965607
v -7.055433 -28.533039 -18.954999
v -7.055433 -28.533039 -18.920250
v -7.055433 -28.533039 -18.700250
v -7.054887 -28.531764 -18.665000
v -7.054260 -28.918376 -18.920000
v -7.054260 -28.918376 -18.700000
v -7.054080 -28.917327 -18.652000
v -7.054080 -28.914673 -18.968000
v -7.054260 -28.913624 -18.920000
v -7.054260 -28.913624 -18.700000
v -7.054260 -28.838375 -18.920000
v -7.054260 -28.838375 -18.700000
v -7.054080 -28.837326 -18.652000
v -7.054080 -28.834674 -18.968000
v -7.054260 -28.833625 -18.920000
v -7.054260 -28.833625 -18.700000
v -7.054260 -28.758376 -18.920000
v -7.054260 -28.758376 -18.700000
v -7.054080 -28.757327 -18.652000
v -7.054080 -28.754673 -18.968000
v -7.054260 -28.753624 -18.920000
v -7.054260 -28.753624 -18.700000
v -7.054260 -28.678374 -18.920000
v -7.054260 -28.678374 -18.700000
v -7.054080 -28.677325 -18.652000
v -7.054080 -28.674674 -18.968000
v -7.054260 -28.673625 -18.920000
v -7.054260 -28.673625 -18.700000
v -7.054096 -28.543501 -18.654310
v -7.054378 -28.533475 -18.960741
v -7.052500 -28.941000 -18.665000
v -7.052661 -28.534186 -18.920250
v -7.052661 -28.534186 -18.699750
v -7.052013 -28.964260 -18.920000
v -7.052013 -28.964260 -18.700000
v -7.052126 -28.944600 -18.650000
v -7.052222 -28.937895 -18.650000
v -7.052326 -28.918893 -18.970000
v -7.052326 -28.918893 -18.650000
v -7.052326 -28.913107 -18.970000
v -7.052326 -28.913107 -18.650000
v -7.052326 -28.838892 -18.970000
v -7.052326 -28.838892 -18.650000
v -7.052326 -28.833108 -18.970000
v -7.052326 -28.833108 -18.650000
v -7.052326 -28.758893 -18.970000
v -7.052326 -28.758893 -18.650000
v -7.052326 -28.753107 -18.970000
v -7.052326 -28.753107 -18.650000
v -7.052326 -28.678892 -18.970000
v -7.052326 -28.678892 -18.650000
v -7.052326 -28.673108 -18.970000
v -7.052326 -28.673108 -18.650000
v -7.051168 -28.947697 -18.665000
v -7.051168 -28.934302 -18.665000
v -7.050740 -28.631001 -18.968859
v -7.050740 -28.631001 -18.651142
v -7.050740 -28.556001 -18.968859
v -7.050740 -28.556001 -18.651142
v -7.051374 -28.534720 -18.965607
v -7.049516 -28.950775 -18.650000
v -7.049791 -28.931649 -18.650000
v -7.050240 -28.548894 -18.651142
v -7.049766 -28.546102 -18.968859
v -7.049888 -28.522666 -18.954999
v -7.049888 -28.522666 -18.920250
v -7.049888 -28.522666 -18.700250
v -7.048613 -28.965559 -18.920000
v -7.048613 -28.965559 -18.700000
v -7.049085 -28.543501 -18.651105
v -7.048939 -28.523300 -18.960741
v -7.048772 -28.521054 -18.665000
v -7.047374 -28.953373 -18.665000
v -7.047040 -28.943748 -18.665000
v -7.047040 -28.938253 -18.665000
v -7.047374 -28.928626 -18.665000
v -7.046878 -28.536582 -18.968859
v -7.047394 -28.524332 -18.920250
v -7.047394 -28.524332 -18.699750
v -7.046235 -28.525107 -18.965607
v -7.045000 -28.966000 -18.920000
v -7.045000 -28.966000 -18.700000
v -7.044775 -28.955514 -18.650000
v -7.044656 -28.948700 -18.665000
v -7.045049 -28.943477 -18.720000
v -7.045274 -28.942246 -18.667001
v -7.045049 -28.938522 -18.720000
v -7.044677 -28.937330 -18.667001
v -7.044656 -28.933301 -18.665000
v -7.045190 -28.926773 -18.650000
v -7.045000 -28.631001 -18.970000
v -7.045000 -28.631001 -18.650000
v -7.045000 -28.556001 -18.970000
v -7.045000 -28.556001 -18.650000
v -7.044802 -28.551784 -18.650000
v -7.043518 -28.946879 -18.667001
v -7.044210 -28.547604 -18.650000
v -7.043872 -28.545988 -18.970000
v -7.043000 -28.996000 -18.959000
v -7.043000 -28.996000 -18.920000
v -7.043000 -28.996000 -18.700000
v -7.043000 -28.996000 -18.661000
v -7.043000 -28.985000 -18.970000
v -7.043000 -28.985000 -18.650000
v -7.043000 -28.980999 -18.951000
v -7.043000 -28.980999 -18.920000
v -7.043000 -28.980999 -18.700000
v -7.043000 -28.980999 -18.669000
v -7.043000 -28.961999 -18.970000
v -7.043000 -28.961999 -18.650000
v -7.042747 -28.947864 -18.720000
v -7.042747 -28.934138 -18.720000
v -7.043229 -28.543501 -18.650000
v -7.041697 -28.957169 -18.665000
v -7.041863 -28.933253 -18.667001
v -7.041697 -28.924832 -18.665000
v -7.042189 -28.527811 -18.968859
v -7.041619 -28.514380 -18.960741
v -7.042426 -28.513575 -18.954999
v -7.042426 -28.513575 -18.919750
v -7.042426 -28.513575 -18.699750
v -7.040544 -28.536475 -18.970000
v -7.040595 -28.511817 -18.665000
v -7.040358 -28.952127 -18.665000
v -7.039810 -28.950164 -18.667001
v -7.040358 -28.929873 -18.665000
v -7.040305 -28.515694 -18.919750
v -7.040305 -28.515694 -18.699750
v -7.038600 -28.958125 -18.650000
v -7.038670 -28.950677 -18.720000
v -7.038670 -28.931322 -18.720000
v -7.039092 -28.923986 -18.650000
v -7.039320 -28.516681 -18.965607
v -7.037477 -28.930950 -18.667001
v -7.037041 -28.528748 -18.665000
v -7.037041 -28.523252 -18.665000
v -7.035879 -28.520122 -18.968859
v -7.035000 -28.958499 -18.665000
v -7.035000 -28.953350 -18.665000
v -7.035000 -28.951349 -18.667001
v -7.035000 -28.928649 -18.665000
v -7.035000 -28.923500 -18.665000
v -7.034656 -28.533700 -18.665000
v -7.035183 -28.527944 -18.970000
v -7.035049 -28.528476 -18.720000
v -7.035275 -28.527248 -18.667001
v -7.035049 -28.523524 -18.720000
v -7.034677 -28.522329 -18.667001
v -7.034656 -28.518300 -18.665000
v -7.033752 -28.951275 -18.720000
v -7.033752 -28.930726 -18.720000
v -7.033518 -28.531880 -18.667001
v -7.032523 -28.930950 -18.667001
v -7.032747 -28.532863 -18.720000
v -7.032747 -28.519137 -18.720000
v -7.032700 -28.507061 -18.960741
v -7.033334 -28.506112 -18.954999
v -7.033334 -28.506112 -18.920250
v -7.033334 -28.506112 -18.700250
v -7.031896 -28.958223 -18.650000
v -7.032394 -28.923695 -18.650000
v -7.031863 -28.518252 -18.667001
v -7.031667 -28.508606 -18.920250
v -7.031667 -28.508606 -18.699750
v -7.030894 -28.509765 -18.965607
v -7.030703 -28.504450 -18.665000
v -7.029750 -28.996000 -18.950000
v -7.029750 -28.996000 -18.920000
v -7.029750 -28.996000 -18.700000
v -7.029750 -28.996000 -18.670000
v -7.029750 -28.985000 -18.950000
v -7.029750 -28.985000 -18.920000
v -7.029750 -28.985000 -18.700000
v -7.029750 -28.985000 -18.670000
v -7.029641 -28.952127 -18.665000
v -7.030190 -28.950164 -18.667001
v -7.029641 -28.929873 -18.665000
v -7.030000 -28.928001 -18.992000
v -7.030000 -28.928001 -18.970000
v -7.029528 -28.921771 -18.650000
v -7.029528 -28.921771 -18.628000
v -7.030000 -28.919063 -18.650000
v -7.030000 -28.919063 -18.628000
v -7.030000 -28.872001 -18.992000
v -7.030000 -28.872001 -18.970000
v -7.030000 -28.797500 -18.970000
v -7.030000 -28.794000 -18.967000
v -7.030000 -28.794000 -18.966062
v -7.030000 -28.785501 -18.937500
v -7.030000 -28.785501 -18.870000
v -7.030000 -28.743999 -18.937500
v -7.030000 -28.743999 -18.870000
v -7.030000 -28.734667 -18.967000
v -7.030000 -28.731999 -18.970000
v -7.030000 -28.699000 -18.645999
v -7.030000 -28.699000 -18.628000
v -7.030000 -28.543501 -18.650000
v -7.030000 -28.543501 -18.645999
v -7.030358 -28.537128 -18.665000
v -7.029810 -28.535163 -18.667001
v -7.030358 -28.514874 -18.665000
v -7.029120 -28.949518 -18.720000
v -7.028928 -28.931999 -18.992000
v -7.028928 -28.931999 -18.970000
v -7.029120 -28.932483 -18.720000
v -7.028928 -28.931465 -18.994000
v -7.028928 -28.929999 -18.995464
v -7.028928 -28.928001 -18.996000
v -7.028512 -28.923256 -18.626000
v -7.029201 -28.919444 -18.624536
v -7.028928 -28.919063 -18.624001
v -7.028928 -28.872001 -18.996000
v -7.028928 -28.868001 -18.992000
v -7.028928 -28.868001 -18.970000
v -7.028928 -28.699000 -18.624001
v -7.028928 -28.697000 -18.624536
v -7.028928 -28.695536 -18.626000
v -7.028928 -28.694999 -18.645999
v -7.028928 -28.694999 -18.628000
v -7.028670 -28.535678 -18.720000
v -7.028670 -28.516324 -18.720000
v -7.028303 -28.957169 -18.665000
v -7.028137 -28.933253 -18.667001
v -7.028303 -28.924832 -18.665000
v -7.028167 -28.924158 -18.650000
v -7.028167 -28.924158 -18.628000
v -7.028000 -28.868537 -18.996000
v -7.028057 -28.520818 -18.970000
v -7.028190 -28.513811 -18.968859
v -7.027252 -28.924003 -18.624536
v -7.027019 -28.920739 -18.622000
v -7.027477 -28.515952 -18.667001
v -7.025648 -28.955791 -18.650000
v -7.026482 -28.946879 -18.667001
v -7.025836 -28.945811 -18.720000
v -7.025836 -28.936191 -18.720000
v -7.026000 -28.934929 -18.992000
v -7.026000 -28.934929 -18.970000
v -7.026000 -28.934000 -18.995464
v -7.026000 -28.931465 -18.997999
v -7.026000 -28.928001 -18.998928
v -7.026079 -28.925946 -18.650000
v -7.026079 -28.925946 -18.628000
v -7.025532 -28.925023 -18.624001
v -7.026000 -28.919063 -18.621072
v -7.026000 -28.872001 -18.998928
v -7.026000 -28.865073 -18.992000
v -7.026000 -28.865073 -18.970000
v -7.026000 -28.699000 -18.621072
v -7.026000 -28.695536 -18.622000
v -7.026000 -28.692999 -18.624536
v -7.026000 -28.692071 -18.645999
v -7.026000 -28.692071 -18.628000
v -7.025344 -28.948700 -18.665000
v -7.024726 -28.942246 -18.667001
v -7.024650 -28.941000 -18.720000
v -7.025322 -28.937330 -18.667001
v -7.025344 -28.933301 -18.665000
v -7.025464 -28.870001 -18.998928
v -7.025464 -28.866000 -18.996000
v -7.025000 -28.794000 -18.967000
v -7.025000 -28.794000 -18.966062
v -7.025000 -28.785501 -18.956500
v -7.025000 -28.785501 -18.937500
v -7.025000 -28.743999 -18.956500
v -7.025000 -28.743999 -18.937500
v -7.025000 -28.734667 -18.967000
v -7.025000 -28.543501 -18.665000
v -7.025000 -28.543501 -18.645999
v -7.025000 -28.538351 -18.665000
v -7.025000 -28.536351 -18.667001
v -7.025000 -28.513651 -18.665000
v -7.023700 -28.927636 -18.628000
v -7.024039 -28.922503 -18.621072
v -7.024000 -28.868537 -18.998928
v -7.023752 -28.536274 -18.720000
v -7.023752 -28.515725 -18.720000
v -7.022674 -28.973892 -18.970000
v -7.022674 -28.973892 -18.650000
v -7.022674 -28.968108 -18.970000
v -7.022674 -28.968108 -18.650000
v -7.022626 -28.953373 -18.665000
v -7.022960 -28.943748 -18.665000
v -7.022960 -28.938253 -18.665000
v -7.022626 -28.928626 -18.665000
v -7.022523 -28.515952 -18.667001
v -7.022524 -28.501623 -18.960741
v -7.022961 -28.500566 -18.954999
v -7.022961 -28.500566 -18.919750
v -7.022961 -28.500566 -18.700250
v -7.022000 -28.936000 -18.992000
v -7.022000 -28.936000 -18.970000
v -7.022000 -28.934929 -18.996000
v -7.022000 -28.931999 -18.998928
v -7.021637 -28.929701 -18.628000
v -7.022000 -28.928001 -19.000000
v -7.021868 -28.927867 -18.624001
v -7.022000 -28.919063 -18.620000
v -7.022000 -28.872001 -19.000000
v -7.022000 -28.868001 -18.998928
v -7.022000 -28.865073 -18.996000
v -7.022000 -28.864000 -18.992000
v -7.022000 -28.864000 -18.970000
v -7.022000 -28.699000 -18.620000
v -7.022000 -28.694999 -18.621072
v -7.022000 -28.692071 -18.624001
v -7.022000 -28.691001 -18.645999
v -7.022000 -28.691001 -18.628000
v -7.021813 -28.503339 -18.920250
v -7.021813 -28.503339 -18.699750
v -7.020996 -28.970711 -18.950000
v -7.020996 -28.970711 -18.670000
v -7.020920 -28.969674 -18.968000
v -7.020920 -28.969674 -18.652000
v -7.020773 -28.951190 -18.650000
v -7.021499 -28.611500 -18.645999
v -7.021500 -28.611000 -18.654000
v -7.021280 -28.504627 -18.965607
v -7.020164 -28.979106 -18.970000
v -7.020164 -28.979106 -18.650000
v -7.019998 -28.975587 -18.950000
v -7.019998 -28.975587 -18.670000
v -7.020285 -28.974900 -18.968000
v -7.020285 -28.974900 -18.652000
v -7.019745 -28.965895 -18.950000
v -7.019745 -28.965895 -18.920000
v -7.019799 -28.966000 -18.700000
v -7.019745 -28.965895 -18.670000
v -7.020164 -28.962893 -18.970000
v -7.020164 -28.962893 -18.650000
v -7.019945 -28.932078 -18.650000
v -7.019945 -28.932078 -18.628000
v -7.019797 -28.925798 -18.621072
v -7.019818 -28.834724 -18.970000
v -7.020423 -28.829734 -18.970000
v -7.019818 -28.674724 -18.970000
v -7.020423 -28.669734 -18.970000
v -7.020110 -28.626888 -18.654000
v -7.020032 -28.627326 -18.645999
v -7.020205 -28.595660 -18.645999
v -7.020110 -28.595111 -18.654000
v -7.019641 -28.537128 -18.665000
v -7.020190 -28.535163 -18.667001
v -7.019525 -28.515456 -18.970000
v -7.019641 -28.514874 -18.665000
v -7.019514 -28.499262 -18.665000
v -7.019053 -28.964751 -18.968000
v -7.019053 -28.964751 -18.652000
v -7.018832 -28.947697 -18.665000
v -7.018832 -28.934302 -18.665000
v -7.019023 -28.931532 -18.624001
v -7.018535 -28.921528 -18.620000
v -7.018641 -28.825035 -18.970000
v -7.018641 -28.665035 -18.970000
v -7.019120 -28.534517 -18.720000
v -7.019120 -28.517482 -18.720000
v -7.019417 -28.509121 -18.968859
v -7.017985 -28.945093 -18.650000
v -7.017695 -28.938394 -18.650000
v -7.018158 -28.934166 -18.650000
v -7.018158 -28.934166 -18.628000
v -7.018003 -28.933253 -18.624536
v -7.018155 -28.833394 -18.918999
v -7.018414 -28.832209 -18.968000
v -7.018155 -28.828604 -18.918999
v -7.017732 -28.827469 -18.968000
v -7.018155 -28.673394 -18.918999
v -7.018414 -28.672209 -18.968000
v -7.018155 -28.668606 -18.918999
v -7.017732 -28.667469 -18.968000
v -7.018303 -28.542168 -18.665000
v -7.018303 -28.542168 -18.645999
v -7.018137 -28.518252 -18.667001
v -7.016954 -28.979523 -18.950000
v -7.016954 -28.979523 -18.670000
v -7.017294 -28.979235 -18.968000
v -7.017294 -28.979235 -18.652000
v -7.016683 -28.962264 -18.920000
v -7.016683 -28.962264 -18.700000
v -7.017500 -28.941000 -18.665000
v -7.017257 -28.934512 -18.626000
v -7.016504 -28.930039 -18.621072
v -7.016963 -28.838859 -18.970000
v -7.016963 -28.678858 -18.970000
v -7.015641 -28.982713 -18.970000
v -7.015641 -28.982713 -18.650000
v -7.015641 -28.959286 -18.970000
v -7.015641 -28.959286 -18.650000
v -7.015770 -28.935528 -18.650000
v -7.015770 -28.935528 -18.628000
v -7.015528 -28.924534 -18.620000
v -7.016424 -28.836567 -18.968000
v -7.015566 -28.837423 -18.918999
v -7.015566 -28.824575 -18.918999
v -7.016424 -28.676567 -18.968000
v -7.015566 -28.677423 -18.918999
v -7.015566 -28.664577 -18.918999
v -7.015848 -28.642659 -18.645999
v -7.015982 -28.642294 -18.654000
v -7.015982 -28.579705 -18.654000
v -7.016189 -28.580279 -18.645999
v -7.016482 -28.531880 -18.667001
v -7.015836 -28.530810 -18.720000
v -7.015836 -28.521190 -18.720000
v -7.015112 -28.961260 -18.968000
v -7.015112 -28.961260 -18.652000
v -7.014738 -28.933020 -18.622000
v -7.014595 -28.823850 -18.968000
v -7.014880 -28.821702 -18.970000
v -7.014595 -28.663850 -18.968000
v -7.014880 -28.661702 -18.970000
v -7.015345 -28.533700 -18.665000
v -7.014725 -28.527248 -18.667001
v -7.014650 -28.526001 -18.720000
v -7.015322 -28.522329 -18.667001
v -7.015345 -28.518300 -18.665000
v -7.012632 -28.981681 -18.968000
v -7.012632 -28.981681 -18.652000
v -7.013063 -28.936000 -18.650000
v -7.013063 -28.936000 -18.628000
v -7.013445 -28.935201 -18.624536
v -7.013063 -28.934929 -18.624001
v -7.013063 -28.931999 -18.621072
v -7.013063 -28.928001 -18.620000
v -7.012513 -28.841195 -18.970000
v -7.012513 -28.681195 -18.970000
v -7.012625 -28.538375 -18.665000
v -7.012625 -28.538375 -18.645999
v -7.012960 -28.528748 -18.665000
v -7.012960 -28.523252 -18.665000
v -7.012488 -28.981714 -18.950000
v -7.012488 -28.981714 -18.670000
v -7.012376 -28.960259 -18.920000
v -7.012376 -28.960259 -18.700000
v -7.012395 -28.839157 -18.968000
v -7.011584 -28.691001 -18.645999
v -7.011584 -28.691001 -18.628000
v -7.012395 -28.679156 -18.968000
v -7.011706 -28.497152 -18.954999
v -7.011706 -28.497152 -18.920250
v -7.011706 -28.497152 -18.700250
v -7.011210 -28.839414 -18.918999
v -7.011210 -28.822587 -18.918999
v -7.011210 -28.679414 -18.918999
v -7.011210 -28.662586 -18.918999
v -7.010849 -28.501463 -18.965607
v -7.011120 -28.500094 -18.920250
v -7.011120 -28.500094 -18.700250
v -7.011483 -28.498273 -18.960741
v -7.010000 -28.984001 -18.970000
v -7.010000 -28.984001 -18.650000
v -7.010000 -28.959999 -18.968000
v -7.010000 -28.959999 -18.652000
v -7.010000 -28.958001 -18.970000
v -7.010000 -28.958001 -18.650000
v -7.010000 -28.871000 -18.622000
v -7.010000 -28.871000 -18.620000
v -7.010000 -28.822501 -18.968000
v -7.010000 -28.820500 -18.970000
v -7.010000 -28.777001 -18.622000
v -7.010000 -28.777001 -18.620000
v -7.009611 -28.691247 -18.645999
v -7.010000 -28.662500 -18.968000
v -7.010000 -28.660500 -18.970000
v -7.009572 -28.565829 -18.645999
v -7.010013 -28.512127 -18.970000
v -7.009899 -28.506234 -18.968859
v -7.008663 -28.691552 -18.625079
v -7.009242 -28.656750 -18.654000
v -7.009074 -28.657038 -18.645999
v -7.009242 -28.565249 -18.654000
v -7.008832 -28.532696 -18.665000
v -7.008832 -28.532696 -18.645999
v -7.007512 -28.981714 -18.950000
v -7.007512 -28.981714 -18.670000
v -7.007625 -28.960259 -18.920000
v -7.007625 -28.960259 -18.700000
v -7.007605 -28.839157 -18.968000
v -7.007760 -28.691974 -18.645999
v -7.007605 -28.679156 -18.968000
v -7.007368 -28.981681 -18.968000
v -7.007368 -28.981681 -18.652000
v -7.007487 -28.841195 -18.970000
v -7.007487 -28.681195 -18.970000
v -7.007500 -28.526001 -18.665000
v -7.007500 -28.526001 -18.645999
v -7.007500 -28.511629 -18.645999
v -7.007500 -28.505847 -18.647130
v -7.007500 -28.500931 -18.650364
v -7.007500 -28.497632 -18.655235
v -7.007500 -28.496470 -18.665000
v -7.007500 -28.496470 -18.661000
v -7.006469 -28.838732 -18.918999
v -7.006469 -28.823268 -18.918999
v -7.006145 -28.693132 -18.645999
v -7.006145 -28.693132 -18.622561
v -7.006469 -28.678732 -18.918999
v -7.006469 -28.663268 -18.918999
v -7.004888 -28.961260 -18.968000
v -7.004888 -28.961260 -18.652000
v -7.005405 -28.823850 -18.968000
v -7.005121 -28.821702 -18.970000
v -7.005405 -28.663850 -18.968000
v -7.005121 -28.661702 -18.970000
v -7.005013 -28.511281 -18.645999
v -7.005007 -28.496208 -18.661000
v -7.004359 -28.982713 -18.970000
v -7.004359 -28.982713 -18.650000
v -7.004359 -28.959286 -18.970000
v -7.004359 -28.959286 -18.650000
v -7.003576 -28.836567 -18.968000
v -7.003576 -28.676567 -18.968000
v -7.003046 -28.979523 -18.950000
v -7.003046 -28.979523 -18.670000
v -7.002706 -28.979235 -18.968000
v -7.002706 -28.979235 -18.652000
v -7.003317 -28.962264 -18.920000
v -7.003317 -28.962264 -18.700000
v -7.003037 -28.838859 -18.970000
v -7.002850 -28.835595 -18.918999
v -7.002850 -28.826404 -18.918999
v -7.002938 -28.695993 -18.620586
v -7.003037 -28.678858 -18.970000
v -7.002850 -28.675594 -18.918999
v -7.002850 -28.666406 -18.918999
v -7.003053 -28.532038 -18.970000
v -7.002510 -28.511071 -18.645999
v -7.002506 -28.496053 -18.661000
v -7.001587 -28.832209 -18.968000
v -7.001500 -28.831000 -18.918999
v -7.002268 -28.827469 -18.968000
v -7.001587 -28.672209 -18.968000
v -7.001500 -28.671000 -18.918999
v -7.002268 -28.667469 -18.968000
v -7.002447 -28.537025 -18.970000
v -7.000947 -28.964751 -18.968000
v -7.000947 -28.964751 -18.652000
v -7.001359 -28.825035 -18.970000
v -7.001359 -28.665035 -18.970000
v -7.000555 -28.552740 -18.645999
v -7.000785 -28.535697 -18.918999
v -7.001042 -28.534513 -18.968000
v -7.000785 -28.530908 -18.918999
v -7.001271 -28.527339 -18.970000
v -6.999836 -28.979106 -18.970000
v -6.999836 -28.979106 -18.650000
v -7.000002 -28.975587 -18.950000
v -7.000002 -28.975587 -18.670000
v -6.999715 -28.974900 -18.968000
v -6.999715 -28.974900 -18.652000
v -7.000256 -28.965895 -18.950000
v -7.000201 -28.966000 -18.920000
v -7.000201 -28.966000 -18.700000
v -7.000256 -28.965895 -18.670000
v -6.999836 -28.962893 -18.970000
v -6.999836 -28.962893 -18.650000
v -7.000182 -28.834724 -18.970000
v -6.999577 -28.829734 -18.970000
v -7.000182 -28.674724 -18.970000
v -6.999577 -28.669734 -18.970000
v -7.000093 -28.669815 -18.654000
v -6.999914 -28.670027 -18.645999
v -7.000093 -28.552184 -18.654000
v -6.999592 -28.541162 -18.970000
v -7.000361 -28.529773 -18.968000
v -7.000000 -28.511000 -18.970000
v -7.000000 -28.511000 -18.645999
v -7.000000 -28.505259 -18.968859
v -7.000000 -28.505259 -18.647141
v -7.000000 -28.500392 -18.965607
v -7.000000 -28.500392 -18.650393
v -7.000000 -28.499000 -18.919750
v -7.000000 -28.499000 -18.700250
v -7.000000 -28.497143 -18.960741
v -7.000000 -28.497143 -18.655260
v -7.000000 -28.496001 -18.954999
v -7.000000 -28.496001 -18.920250
v -7.000000 -28.496001 -18.699750
v -7.000000 -28.496001 -18.661000
v -6.999004 -28.970711 -18.950000
v -6.999004 -28.970711 -18.670000
v -6.999080 -28.969674 -18.968000
v -6.999080 -28.969674 -18.652000
v -6.999282 -28.699000 -18.620000
v -6.999053 -28.538868 -18.968000
v -6.998149 -28.617930 -18.654000
v -6.998149 -28.617930 -18.645999
v -6.998149 -28.604071 -18.654000
v -6.998149 -28.604071 -18.645999
v -6.998196 -28.539727 -18.918999
v -6.998196 -28.526878 -18.918999
v -6.997508 -28.524005 -18.970000
v -6.997326 -28.973892 -18.970000
v -6.997326 -28.973892 -18.650000
v -6.997326 -28.968108 -18.970000
v -6.997326 -28.968108 -18.650000
v -6.997225 -28.526151 -18.968000
v -6.995358 -28.631506 -18.654000
v -6.995358 -28.631506 -18.645999
v -6.995358 -28.590493 -18.654000
v -6.995358 -28.590493 -18.645999
v -6.995142 -28.543499 -18.970000
v -6.995024 -28.541458 -18.968000
v -6.993839 -28.541718 -18.918999
v -6.993839 -28.524890 -18.918999
v -6.993061 -28.703558 -18.645999
v -6.992629 -28.524804 -18.968000
v -6.992629 -28.522804 -18.970000
v -6.990250 -28.996000 -18.950000
v -6.990250 -28.996000 -18.920000
v -6.990250 -28.996000 -18.700000
v -6.990250 -28.996000 -18.670000
v -6.990250 -28.985000 -18.950000
v -6.990250 -28.985000 -18.920000
v -6.990250 -28.985000 -18.700000
v -6.990250 -28.985000 -18.670000
v -6.989893 -28.644242 -18.654000
v -6.989893 -28.644242 -18.645999
v -6.989893 -28.577757 -18.654000
v -6.989893 -28.577757 -18.645999
v -6.990116 -28.543499 -18.970000
v -6.990234 -28.541458 -18.968000
v -6.988815 -28.681092 -18.654000
v -6.988645 -28.681235 -18.645999
v -6.989098 -28.541036 -18.918999
v -6.988815 -28.540907 -18.654000
v -6.989409 -28.541410 -18.645999
v -6.989098 -28.525572 -18.918999
v -6.988034 -28.526151 -18.968000
v -6.987749 -28.524005 -18.970000
v -6.987089 -28.980999 -18.920000
v -6.987089 -28.980999 -18.700000
v -6.987089 -28.966000 -18.920000
v -6.987089 -28.966000 -18.700000
v -6.985528 -28.708265 -18.620000
v -6.985666 -28.541162 -18.970000
v -6.986205 -28.538868 -18.968000
v -6.984989 -28.612084 -18.992000
v -6.985000 -28.611000 -18.970000
v -6.985478 -28.537898 -18.918999
v -6.984897 -28.529773 -18.968000
v -6.985478 -28.528707 -18.918999
v -6.983621 -28.623238 -18.970000
v -6.983918 -28.612063 -18.996000
v -6.983852 -28.599820 -18.992000
v -6.983621 -28.598762 -18.970000
v -6.984215 -28.534513 -18.968000
v -6.984129 -28.533304 -18.918999
v -6.983988 -28.527339 -18.970000
v -6.983370 -28.624294 -18.992000
v -6.982802 -28.600037 -18.996000
v -6.982812 -28.537025 -18.970000
v -6.981975 -28.655620 -18.654000
v -6.981975 -28.655620 -18.645999
v -6.982329 -28.624034 -18.996000
v -6.981975 -28.566382 -18.654000
v -6.981975 -28.566382 -18.645999
v -6.982206 -28.532038 -18.970000
v -6.980990 -28.612006 -18.998928
v -6.979553 -28.634863 -18.970000
v -6.979935 -28.600633 -18.998928
v -6.980014 -28.588119 -18.992000
v -6.979553 -28.587136 -18.970000
v -6.978570 -28.711920 -18.645999
v -6.979073 -28.635836 -18.992000
v -6.979488 -28.623326 -18.998928
v -6.979039 -28.588564 -18.996000
v -6.978000 -28.936000 -18.992000
v -6.978000 -28.936000 -18.970000
v -6.978000 -28.934929 -18.996000
v -6.978000 -28.931999 -18.998928
v -6.978000 -28.928001 -19.000000
v -6.978000 -28.872001 -19.000000
v -6.978000 -28.868001 -18.998928
v -6.978000 -28.865073 -18.996000
v -6.978000 -28.864000 -18.992000
v -6.978000 -28.864000 -18.970000
v -6.978117 -28.635352 -18.996000
v -6.977000 -28.996000 -18.959000
v -6.977000 -28.996000 -18.920000
v -6.977000 -28.996000 -18.700000
v -6.977000 -28.996000 -18.661000
v -6.977000 -28.985000 -18.970000
v -6.977000 -28.985000 -18.650000
v -6.977000 -28.980999 -18.951000
v -6.977000 -28.980999 -18.920000
v -6.977000 -28.980999 -18.700000
v -6.977000 -28.980999 -18.669000
v -6.977000 -28.961999 -18.970000
v -6.977000 -28.961999 -18.650000
v -6.977000 -28.611000 -19.000000
v -6.975750 -28.690240 -18.654000
v -6.975605 -28.690324 -18.645999
v -6.975505 -28.634028 -18.998928
v -6.975634 -28.622248 -19.000000
v -6.976000 -28.611000 -18.676000
v -6.976000 -28.611000 -18.645999
v -6.975634 -28.599751 -19.000000
v -6.976377 -28.589783 -18.998928
v -6.975750 -28.531759 -18.654000
v -6.976470 -28.532178 -18.645999
v -6.974663 -28.622007 -18.676000
v -6.974663 -28.622007 -18.645999
v -6.974663 -28.599992 -18.676000
v -6.974663 -28.599992 -18.645999
v -6.974000 -28.934929 -18.992000
v -6.974000 -28.934929 -18.970000
v -6.974000 -28.934000 -18.995464
v -6.974000 -28.931465 -18.997999
v -6.974000 -28.928001 -18.998928
v -6.974000 -28.872001 -18.998928
v -6.974000 -28.868537 -18.997999
v -6.974000 -28.866000 -18.995464
v -6.974000 -28.865073 -18.992000
v -6.974000 -28.865073 -18.970000
v -6.973668 -28.577561 -18.992000
v -6.973001 -28.645291 -18.970000
v -6.972817 -28.578215 -18.996000
v -6.973001 -28.576708 -18.970000
v -6.971929 -28.665168 -18.654000
v -6.971929 -28.665168 -18.645999
v -6.972317 -28.646133 -18.992000
v -6.971616 -28.632841 -19.000000
v -6.971616 -28.589158 -19.000000
v -6.971929 -28.556831 -18.654000
v -6.971929 -28.556831 -18.645999
v -6.971072 -28.931999 -18.992000
v -6.971072 -28.931999 -18.970000
v -6.971072 -28.931465 -18.994000
v -6.971072 -28.929999 -18.995464
v -6.971072 -28.928001 -18.996000
v -6.971072 -28.872001 -18.996000
v -6.971072 -28.870001 -18.995464
v -6.971072 -28.868537 -18.994000
v -6.971072 -28.868001 -18.992000
v -6.971072 -28.868001 -18.970000
v -6.970556 -28.715398 -18.620000
v -6.971492 -28.645449 -18.996000
v -6.970731 -28.632376 -18.676000
v -6.970731 -28.632376 -18.645999
v -6.970731 -28.589623 -18.676000
v -6.970731 -28.589623 -18.645999
v -6.970000 -28.928001 -18.992000
v -6.970000 -28.928001 -18.970000
v -6.970000 -28.872001 -18.992000
v -6.970000 -28.872001 -18.970000
v -6.970000 -28.611000 -19.000000
v -6.970000 -28.611000 -18.994000
v -6.970492 -28.579993 -18.998928
v -6.969239 -28.643577 -18.998928
v -6.968637 -28.621352 -19.000000
v -6.968637 -28.621352 -18.994000
v -6.968637 -28.600647 -19.000000
v -6.968637 -28.600647 -18.994000
v -6.965180 -28.642166 -19.000000
v -6.964641 -28.631001 -19.000000
v -6.964641 -28.631001 -18.994000
v -6.964641 -28.591001 -19.000000
v -6.964641 -28.591001 -18.994000
v -6.965180 -28.579834 -19.000000
v -6.965132 -28.568683 -18.992000
v -6.964292 -28.654001 -18.970000
v -6.964431 -28.641503 -18.676000
v -6.964431 -28.641503 -18.645999
v -6.964431 -28.580496 -18.676000
v -6.964431 -28.580496 -18.645999
v -6.964448 -28.569508 -18.996000
v -6.964292 -28.567998 -18.970000
v -6.962995 -28.718030 -18.645999
v -6.963438 -28.654668 -18.992000
v -6.962786 -28.653817 -18.996000
v -6.962578 -28.571761 -18.998928
v -6.962129 -28.525326 -18.645999
v -6.961295 -28.696983 -18.654000
v -6.961191 -28.697019 -18.645999
v -6.961006 -28.651493 -18.998928
v -6.961295 -28.525019 -18.654000
v -6.960167 -28.672500 -18.654000
v -6.960167 -28.672500 -18.645999
v -6.960167 -28.549500 -18.654000
v -6.960167 -28.549500 -18.645999
v -6.958284 -28.639283 -19.000000
v -6.958284 -28.639283 -18.994000
v -6.958284 -28.582716 -19.000000
v -6.958284 -28.582716 -18.994000
v -6.956699 -28.649681 -19.000000
v -6.956699 -28.572321 -19.000000
v -6.956131 -28.648858 -18.676000
v -6.956131 -28.648858 -18.645999
v -6.956131 -28.573143 -18.676000
v -6.956131 -28.573143 -18.645999
v -6.954695 -28.720243 -18.620000
v -6.954836 -28.561926 -18.992000
v -6.953864 -28.660553 -18.970000
v -6.954352 -28.562882 -18.996000
v -6.953864 -28.561447 -18.970000
v -6.952882 -28.661015 -18.992000
v -6.953029 -28.565495 -18.998928
v -6.952437 -28.660040 -18.996000
v -6.951218 -28.657377 -18.998928
v -6.951174 -28.614733 -18.994000
v -6.951174 -28.614733 -18.924000
v -6.951174 -28.607266 -18.994000
v -6.951174 -28.607266 -18.924000
v -6.950000 -28.645642 -19.000000
v -6.950000 -28.645642 -18.994000
v -6.950000 -28.576360 -19.000000
v -6.950000 -28.576360 -18.994000
v -6.948619 -28.621750 -18.994000
v -6.948619 -28.621750 -18.924000
v -6.948619 -28.600249 -18.994000
v -6.948619 -28.600249 -18.924000
v -6.946684 -28.721750 -18.645999
v -6.947170 -28.677313 -18.654000
v -6.947170 -28.677313 -18.645999
v -6.946666 -28.654945 -19.000000
v -6.946666 -28.567054 -19.000000
v -6.947170 -28.544686 -18.654000
v -6.947170 -28.544686 -18.645999
v -6.946818 -28.521059 -18.645999
v -6.945889 -28.701110 -18.654000
v -6.945834 -28.701119 -18.645999
v -6.946312 -28.654010 -18.676000
v -6.946312 -28.654010 -18.645999
v -6.946312 -28.567989 -18.676000
v -6.946312 -28.567989 -18.645999
v -6.945889 -28.520889 -18.654000
v -6.943820 -28.627470 -18.994000
v -6.943820 -28.627470 -18.924000
v -6.943820 -28.594530 -18.994000
v -6.943820 -28.594530 -18.924000
v -6.943034 -28.558671 -18.996000
v -6.943293 -28.557630 -18.992000
v -6.942239 -28.664620 -18.970000
v -6.942326 -28.561511 -18.998928
v -6.942239 -28.557379 -18.970000
v -6.941180 -28.664851 -18.992000
v -6.940962 -28.663802 -18.996000
v -6.940367 -28.660936 -18.998928
v -6.940353 -28.649638 -19.000000
v -6.940353 -28.649638 -18.994000
v -6.940353 -28.572364 -19.000000
v -6.940353 -28.572364 -18.994000
v -6.938292 -28.722692 -18.620000
v -6.937354 -28.631203 -18.994000
v -6.937354 -28.631203 -18.924000
v -6.937354 -28.590796 -18.994000
v -6.937354 -28.590796 -18.924000
v -6.935665 -28.657658 -19.000000
v -6.935545 -28.656664 -18.676000
v -6.935545 -28.656664 -18.645999
v -6.935545 -28.565335 -18.676000
v -6.935545 -28.565335 -18.645999
v -6.935665 -28.564343 -19.000000
v -6.934584 -28.793521 -18.965523
v -6.935000 -28.792167 -18.964000
v -6.935000 -28.785501 -18.956500
v -6.935000 -28.785501 -18.870000
v -6.935000 -28.743999 -18.956500
v -6.935000 -28.743999 -18.870000
v -6.935000 -28.737333 -18.964000
v -6.934584 -28.735979 -18.965523
v -6.932503 -28.794501 -18.966957
v -6.933452 -28.735001 -18.966625
v -6.933469 -28.679411 -18.654000
v -6.933469 -28.679411 -18.645999
v -6.933469 -28.542588 -18.654000
v -6.933469 -28.542588 -18.645999
v -6.932000 -28.794501 -18.967000
v -6.932000 -28.735001 -18.967000
v -6.931005 -28.560009 -18.998928
v -6.931062 -28.557081 -18.996000
v -6.931084 -28.556011 -18.992000
v -6.931000 -28.519506 -18.649000
v -6.931000 -28.519506 -18.645999
v -6.931000 -28.511000 -18.649000
v -6.931000 -28.511000 -18.645999
v -6.931000 -28.506408 -18.649913
v -6.931000 -28.505259 -18.647141
v -6.931000 -28.502514 -18.652514
v -6.931000 -28.499913 -18.656408
v -6.931000 -28.500392 -18.650393
v -6.931000 -28.499000 -18.699750
v -6.931000 -28.499000 -18.661000
v -6.931000 -28.497143 -18.655260
v -6.931000 -28.496001 -18.699750
v -6.931000 -28.496001 -18.661000
v -6.930000 -28.722999 -18.645999
v -6.930000 -28.702500 -18.654000
v -6.930000 -28.702500 -18.645999
v -6.930000 -28.666000 -18.970000
v -6.930000 -28.650999 -19.000000
v -6.930000 -28.650999 -18.994000
v -6.930000 -28.632500 -18.994000
v -6.930000 -28.632500 -18.924000
v -6.930000 -28.589499 -18.994000
v -6.930000 -28.589499 -18.924000
v -6.930000 -28.571000 -19.000000
v -6.930000 -28.571000 -18.994000
v -6.930000 -28.556001 -18.970000
v -6.930333 -28.519502 -18.649000
v -6.930000 -28.519499 -18.654000
v -6.928917 -28.665988 -18.992000
v -6.928937 -28.664918 -18.996000
v -6.928995 -28.661990 -18.998928
v -6.929000 -28.519506 -18.649000
v -6.929000 -28.519506 -18.645999
v -6.929000 -28.511000 -18.649000
v -6.929000 -28.511000 -18.645999
v -6.929000 -28.506408 -18.649913
v -6.929000 -28.505259 -18.647141
v -6.929000 -28.502514 -18.652514
v -6.929000 -28.499913 -18.656408
v -6.929000 -28.500392 -18.650393
v -6.929000 -28.499000 -18.699750
v -6.929000 -28.499000 -18.661000
v -6.929000 -28.497143 -18.655260
v -6.929000 -28.496001 -18.699750
v -6.929000 -28.496001 -18.661000
v -6.928000 -28.794501 -18.967000
v -6.928000 -28.735001 -18.967000
v -6.926548 -28.794501 -18.966625
v -6.927497 -28.735001 -18.966957
v -6.925416 -28.793521 -18.965523
v -6.925000 -28.792167 -18.964000
v -6.925000 -28.785501 -18.956500
v -6.925000 -28.785501 -18.870000
v -6.925000 -28.743999 -18.956500
v -6.925000 -28.743999 -18.870000
v -6.925000 -28.737333 -18.964000
v -6.925416 -28.735979 -18.965523
v -6.924335 -28.657658 -19.000000
v -6.924455 -28.656664 -18.676000
v -6.924455 -28.656664 -18.645999
v -6.924455 -28.565335 -18.676000
v -6.924455 -28.565335 -18.645999
v -6.924335 -28.564343 -19.000000
v -6.922647 -28.631203 -18.994000
v -6.922647 -28.631203 -18.924000
v -6.922647 -28.590796 -18.994000
v -6.922647 -28.590796 -18.924000
v -6.921708 -28.722692 -18.620000
v -6.919627 -28.678710 -18.654000
v -6.919627 -28.678710 -18.645999
v -6.919647 -28.649638 -19.000000
v -6.919647 -28.649638 -18.994000
v -6.919647 -28.572364 -19.000000
v -6.919647 -28.572364 -18.994000
v -6.919633 -28.561065 -18.998928
v -6.919627 -28.543291 -18.654000
v -6.919627 -28.543291 -18.645999
v -6.919038 -28.558197 -18.996000
v -6.918820 -28.557148 -18.992000
v -6.917762 -28.664620 -18.970000
v -6.917674 -28.660488 -18.998928
v -6.917762 -28.557379 -18.970000
v -6.916707 -28.664370 -18.992000
v -6.916966 -28.663330 -18.996000
v -6.916180 -28.627470 -18.994000
v -6.916180 -28.627470 -18.924000
v -6.916180 -28.594530 -18.994000
v -6.916180 -28.594530 -18.924000
v -6.914111 -28.701110 -18.654000
v -6.914166 -28.701119 -18.645999
v -6.913688 -28.654010 -18.676000
v -6.913688 -28.654010 -18.645999
v -6.913688 -28.567989 -18.676000
v -6.913688 -28.567989 -18.645999
v -6.914111 -28.520889 -18.654000
v -6.913316 -28.721750 -18.645999
v -6.913334 -28.654945 -19.000000
v -6.913334 -28.567054 -19.000000
v -6.913182 -28.521059 -18.645999
v -6.911380 -28.621750 -18.994000
v -6.911380 -28.621750 -18.924000
v -6.911380 -28.600249 -18.994000
v -6.911380 -28.600249 -18.924000
v -6.910000 -28.645642 -19.000000
v -6.910000 -28.645642 -18.994000
v -6.910000 -28.576360 -19.000000
v -6.910000 -28.576360 -18.994000
v -6.908827 -28.614733 -18.994000
v -6.908827 -28.614733 -18.924000
v -6.908827 -28.607266 -18.994000
v -6.908827 -28.607266 -18.924000
v -6.908782 -28.564622 -18.998928
v -6.907563 -28.561962 -18.996000
v -6.906971 -28.656504 -18.998928
v -6.907117 -28.560987 -18.992000
v -6.906210 -28.675237 -18.654000
v -6.906210 -28.675237 -18.645999
v -6.906136 -28.660553 -18.970000
v -6.905649 -28.659117 -18.996000
v -6.906136 -28.561447 -18.970000
v -6.906210 -28.546765 -18.654000
v -6.906210 -28.546765 -18.645999
v -6.905305 -28.720243 -18.620000
v -6.905165 -28.660073 -18.992000
v -6.903869 -28.648858 -18.676000
v -6.903869 -28.648858 -18.645999
v -6.903869 -28.573143 -18.676000
v -6.903869 -28.573143 -18.645999
v -6.903301 -28.649681 -19.000000
v -6.903301 -28.572321 -19.000000
v -6.901716 -28.639283 -19.000000
v -6.901716 -28.639283 -18.994000
v -6.901716 -28.582716 -19.000000
v -6.901716 -28.582716 -18.994000
v -6.898705 -28.696983 -18.654000
v -6.898810 -28.697019 -18.645999
v -6.898994 -28.570509 -18.998928
v -6.898705 -28.525019 -18.654000
v -6.897871 -28.525326 -18.645999
v -6.897005 -28.718030 -18.645999
v -6.897423 -28.650239 -18.998928
v -6.897213 -28.568182 -18.996000
v -6.896562 -28.567331 -18.992000
v -6.895708 -28.654001 -18.970000
v -6.895552 -28.652492 -18.996000
v -6.895568 -28.641503 -18.676000
v -6.895568 -28.641503 -18.645999
v -6.895568 -28.580496 -18.676000
v -6.895568 -28.580496 -18.645999
v -6.895708 -28.567998 -18.970000
v -6.894867 -28.653316 -18.992000
v -6.894820 -28.642166 -19.000000
v -6.895359 -28.631001 -19.000000
v -6.895359 -28.631001 -18.994000
v -6.895359 -28.591001 -19.000000
v -6.895359 -28.591001 -18.994000
v -6.894820 -28.579834 -19.000000
v -6.893766 -28.669133 -18.654000
v -6.893766 -28.669133 -18.645999
v -6.893766 -28.552868 -18.654000
v -6.893766 -28.552868 -18.645999
v -6.891363 -28.621352 -19.000000
v -6.891363 -28.621352 -18.994000
v -6.891363 -28.600647 -19.000000
v -6.891363 -28.600647 -18.994000
v -6.890761 -28.578422 -18.998928
v -6.890000 -28.928001 -18.992000
v -6.890000 -28.928001 -18.970000
v -6.890000 -28.872001 -18.992000
v -6.890000 -28.872001 -18.970000
v -6.889508 -28.642006 -18.998928
v -6.890000 -28.611000 -19.000000
v -6.890000 -28.611000 -18.994000
v -6.888928 -28.931999 -18.992000
v -6.888928 -28.931999 -18.970000
v -6.888928 -28.931465 -18.994000
v -6.888928 -28.929999 -18.995464
v -6.888928 -28.928001 -18.996000
v -6.888928 -28.872001 -18.996000
v -6.888928 -28.870001 -18.995464
v -6.888928 -28.868537 -18.994000
v -6.888928 -28.868001 -18.992000
v -6.888928 -28.868001 -18.970000
v -6.889444 -28.715398 -18.620000
v -6.889269 -28.632376 -18.676000
v -6.889269 -28.632376 -18.645999
v -6.889269 -28.589623 -18.676000
v -6.889269 -28.589623 -18.645999
v -6.888508 -28.576553 -18.996000
v -6.888384 -28.632841 -19.000000
v -6.888384 -28.589158 -19.000000
v -6.887683 -28.575869 -18.992000
v -6.886999 -28.645291 -18.970000
v -6.887183 -28.643787 -18.996000
v -6.886999 -28.576708 -18.970000
v -6.886000 -28.934929 -18.992000
v -6.886000 -28.934929 -18.970000
v -6.886000 -28.934000 -18.995464
v -6.886000 -28.931465 -18.997999
v -6.886000 -28.928001 -18.998928
v -6.886000 -28.872001 -18.998928
v -6.886000 -28.868537 -18.997999
v -6.886000 -28.866000 -18.995464
v -6.886000 -28.865073 -18.992000
v -6.886000 -28.865073 -18.970000
v -6.886332 -28.644438 -18.992000
v -6.885337 -28.622007 -18.676000
v -6.885337 -28.622007 -18.645999
v -6.885337 -28.599992 -18.676000
v -6.885337 -28.599992 -18.645999
v -6.884250 -28.690240 -18.654000
v -6.884394 -28.690324 -18.645999
v -6.883624 -28.632219 -18.998928
v -6.884366 -28.622248 -19.000000
v -6.884000 -28.611000 -18.676000
v -6.884000 -28.611000 -18.645999
v -6.884366 -28.599751 -19.000000
v -6.884496 -28.587971 -18.998928
v -6.884250 -28.531759 -18.654000
v -6.883530 -28.532178 -18.645999
v -6.883000 -28.996000 -18.959000
v -6.883000 -28.996000 -18.920000
v -6.883000 -28.996000 -18.688999
v -6.883000 -28.996000 -18.661000
v -6.883000 -28.985000 -18.970000
v -6.883000 -28.985000 -18.700000
v -6.883000 -28.985000 -18.650000
v -6.883000 -28.980999 -18.951000
v -6.883000 -28.980999 -18.920000
v -6.883000 -28.980999 -18.700000
v -6.883000 -28.980999 -18.669000
v -6.883000 -28.961999 -18.970000
v -6.883000 -28.961999 -18.650000
v -6.882806 -28.660648 -18.654000
v -6.882806 -28.660648 -18.645999
v -6.883000 -28.611000 -19.000000
v -6.882806 -28.561351 -18.654000
v -6.882806 -28.561351 -18.645999
v -6.882000 -28.936000 -18.992000
v -6.882000 -28.936000 -18.970000
v -6.882000 -28.934929 -18.996000
v -6.882000 -28.931999 -18.998928
v -6.882000 -28.928001 -19.000000
v -6.882000 -28.872001 -19.000000
v -6.882000 -28.868001 -18.998928
v -6.882000 -28.865073 -18.996000
v -6.882000 -28.864000 -18.992000
v -6.882000 -28.864000 -18.970000
v -6.881883 -28.586648 -18.996000
v -6.881430 -28.711920 -18.645999
v -6.880960 -28.633437 -18.996000
v -6.880512 -28.598673 -18.998928
v -6.880926 -28.586164 -18.992000
v -6.880447 -28.634863 -18.970000
v -6.879986 -28.633883 -18.992000
v -6.880065 -28.621366 -18.998928
v -6.880447 -28.587136 -18.970000
v -6.879010 -28.609996 -18.998928
v -6.877670 -28.597965 -18.996000
v -6.877794 -28.532038 -18.970000
v -6.877198 -28.621962 -18.996000
v -6.876631 -28.597708 -18.992000
v -6.877189 -28.537025 -18.970000
v -6.876379 -28.623238 -18.970000
v -6.876148 -28.622179 -18.992000
v -6.876082 -28.609936 -18.996000
v -6.876379 -28.598762 -18.970000
v -6.875526 -28.535697 -18.918999
v -6.875784 -28.534513 -18.968000
v -6.875526 -28.530908 -18.918999
v -6.876012 -28.527339 -18.970000
v -6.875000 -28.611000 -18.970000
v -6.875011 -28.609917 -18.992000
v -6.875103 -28.529773 -18.968000
v -6.874472 -28.708265 -18.620000
v -6.873778 -28.650131 -18.654000
v -6.873778 -28.650131 -18.645999
v -6.873778 -28.571868 -18.654000
v -6.873778 -28.571868 -18.645999
v -6.874334 -28.541162 -18.970000
v -6.873795 -28.538868 -18.968000
v -6.872911 -28.980999 -18.920000
v -6.872911 -28.980999 -18.700000
v -6.872911 -28.966000 -18.920000
v -6.872911 -28.966000 -18.700000
v -6.872937 -28.539727 -18.918999
v -6.872937 -28.526878 -18.918999
v -6.871966 -28.526151 -18.968000
v -6.872250 -28.524005 -18.970000
v -6.871347 -28.996000 -18.935500
v -6.871347 -28.996000 -18.920000
v -6.871347 -28.996000 -18.685499
v -6.871347 -28.996000 -18.670000
v -6.871347 -28.966000 -18.920000
v -6.871347 -28.959999 -18.935500
v -6.871347 -28.959999 -18.920000
v -6.871347 -28.959999 -18.685499
v -6.871347 -28.959999 -18.670000
v -6.871185 -28.681092 -18.654000
v -6.871355 -28.681235 -18.645999
v -6.871185 -28.540907 -18.654000
v -6.870591 -28.541410 -18.645999
v -6.869750 -28.996000 -18.950000
v -6.869750 -28.996000 -18.935500
v -6.869750 -28.996000 -18.688999
v -6.869750 -28.996000 -18.685499
v -6.869750 -28.985000 -18.950000
v -6.869750 -28.985000 -18.935500
v -6.869750 -28.985000 -18.700000
v -6.869750 -28.985000 -18.685499
v -6.869884 -28.543499 -18.970000
v -6.869766 -28.541458 -18.968000
v -6.868581 -28.541718 -18.918999
v -6.868581 -28.524890 -18.918999
v -6.866939 -28.703558 -18.645999
v -6.867051 -28.638012 -18.654000
v -6.867051 -28.638012 -18.645999
v -6.867051 -28.583987 -18.654000
v -6.867051 -28.583987 -18.645999
v -6.867371 -28.524804 -18.968000
v -6.867371 -28.522804 -18.970000
v -6.864858 -28.543499 -18.970000
v -6.864976 -28.541458 -18.968000
v -6.863840 -28.541036 -18.918999
v -6.863840 -28.525572 -18.918999
v -6.862674 -28.973892 -18.970000
v -6.862674 -28.973892 -18.650000
v -6.862674 -28.968108 -18.970000
v -6.862674 -28.968108 -18.650000
v -6.862902 -28.624790 -18.654000
v -6.862902 -28.624790 -18.645999
v -6.862902 -28.597212 -18.654000
v -6.862902 -28.597212 -18.645999
v -6.862776 -28.526151 -18.968000
v -6.861500 -28.611000 -18.654000
v -6.861500 -28.611000 -18.645999
v -6.862491 -28.524005 -18.970000
v -6.860920 -28.972325 -18.670000
v -6.860920 -28.972325 -18.652000
v -6.860996 -28.970711 -18.950000
v -6.860920 -28.969674 -18.968000
v -6.860718 -28.699000 -18.620000
v -6.860947 -28.538868 -18.968000
v -6.860164 -28.979106 -18.970000
v -6.860164 -28.979106 -18.650000
v -6.859998 -28.975587 -18.950000
v -6.860285 -28.974900 -18.968000
v -6.860285 -28.967099 -18.670000
v -6.860285 -28.967099 -18.652000
v -6.859744 -28.965895 -18.950000
v -6.859744 -28.965895 -18.935500
v -6.859744 -28.965895 -18.700000
v -6.859744 -28.965895 -18.685499
v -6.860164 -28.962893 -18.970000
v -6.860164 -28.962893 -18.650000
v -6.859818 -28.834724 -18.970000
v -6.860424 -28.829734 -18.970000
v -6.859818 -28.674724 -18.970000
v -6.860424 -28.669734 -18.970000
v -6.859907 -28.669815 -18.654000
v -6.860086 -28.670027 -18.645999
v -6.859907 -28.552184 -18.654000
v -6.860408 -28.541162 -18.970000
v -6.860220 -28.537898 -18.918999
v -6.859639 -28.529773 -18.968000
v -6.860220 -28.528707 -18.918999
v -6.860000 -28.511000 -18.970000
v -6.860000 -28.511000 -18.645999
v -6.860000 -28.505259 -18.968859
v -6.860000 -28.505259 -18.647141
v -6.860000 -28.500392 -18.965607
v -6.860000 -28.500392 -18.650393
v -6.860000 -28.499000 -18.920250
v -6.860000 -28.499000 -18.699750
v -6.860000 -28.497143 -18.960741
v -6.860000 -28.497143 -18.655260
v -6.860000 -28.496001 -18.954999
v -6.860000 -28.496001 -18.919750
v -6.860000 -28.496001 -18.699750
v -6.860000 -28.496001 -18.661000
v -6.859053 -28.977249 -18.670000
v -6.859053 -28.977249 -18.652000
v -6.859053 -28.964751 -18.968000
v -6.858642 -28.825035 -18.970000
v -6.858642 -28.665035 -18.970000
v -6.859445 -28.552740 -18.645999
v -6.858957 -28.534513 -18.968000
v -6.858871 -28.533304 -18.918999
v -6.858730 -28.527339 -18.970000
v -6.858156 -28.833394 -18.918999
v -6.858413 -28.832209 -18.968000
v -6.858156 -28.828604 -18.918999
v -6.857732 -28.827469 -18.968000
v -6.858156 -28.673394 -18.918999
v -6.858413 -28.672209 -18.968000
v -6.858156 -28.668606 -18.918999
v -6.857732 -28.667469 -18.968000
v -6.857553 -28.537025 -18.970000
v -6.856955 -28.979523 -18.950000
v -6.857294 -28.979235 -18.968000
v -6.857294 -28.962767 -18.670000
v -6.857294 -28.962767 -18.652000
v -6.856683 -28.962264 -18.935500
v -6.856683 -28.962264 -18.700000
v -6.856683 -28.962264 -18.685499
v -6.856963 -28.838859 -18.970000
v -6.857062 -28.695993 -18.620586
v -6.856963 -28.678858 -18.970000
v -6.856948 -28.532038 -18.970000
v -6.857489 -28.511071 -18.645999
v -6.857494 -28.496053 -18.661000
v -6.855640 -28.982713 -18.970000
v -6.855640 -28.982713 -18.650000
v -6.855640 -28.959286 -18.970000
v -6.855640 -28.959286 -18.650000
v -6.856424 -28.836567 -18.968000
v -6.855567 -28.837423 -18.918999
v -6.855567 -28.824575 -18.918999
v -6.856424 -28.676567 -18.968000
v -6.855567 -28.677423 -18.918999
v -6.855567 -28.664577 -18.918999
v -6.855112 -28.980739 -18.670000
v -6.855112 -28.980739 -18.652000
v -6.855112 -28.961260 -18.968000
v -6.854596 -28.823850 -18.968000
v -6.854880 -28.821702 -18.970000
v -6.854596 -28.663850 -18.968000
v -6.854880 -28.661702 -18.970000
v -6.854987 -28.511281 -18.645999
v -6.854993 -28.496208 -18.661000
v -6.853855 -28.693132 -18.645999
v -6.853855 -28.693132 -18.622561
v -6.852633 -28.981681 -18.968000
v -6.852633 -28.960319 -18.670000
v -6.852633 -28.960319 -18.652000
v -6.852513 -28.841195 -18.970000
v -6.852513 -28.681195 -18.970000
v -6.852488 -28.981714 -18.950000
v -6.852375 -28.960259 -18.935500
v -6.852375 -28.960259 -18.700000
v -6.852375 -28.960259 -18.685499
v -6.852395 -28.839157 -18.968000
v -6.852240 -28.691974 -18.645999
v -6.852395 -28.679156 -18.968000
v -6.852500 -28.526001 -18.665000
v -6.852500 -28.526001 -18.645999
v -6.852500 -28.511629 -18.645999
v -6.852500 -28.505847 -18.647130
v -6.852500 -28.500931 -18.650364
v -6.852500 -28.497632 -18.655235
v -6.852500 -28.496470 -18.665000
v -6.852500 -28.496470 -18.661000
v -6.851209 -28.839414 -18.918999
v -6.851209 -28.822587 -18.918999
v -6.851337 -28.691552 -18.625079
v -6.851209 -28.679414 -18.918999
v -6.851209 -28.662586 -18.918999
v -6.850759 -28.656750 -18.654000
v -6.850926 -28.657038 -18.645999
v -6.850759 -28.565249 -18.654000
v -6.851168 -28.532696 -18.665000
v -6.851168 -28.532696 -18.645999
v -6.850000 -28.984001 -18.970000
v -6.850000 -28.984001 -18.650000
v -6.850000 -28.982000 -18.670000
v -6.850000 -28.982000 -18.652000
v -6.850000 -28.959999 -18.968000
v -6.850000 -28.958001 -18.970000
v -6.850000 -28.958001 -18.650000
v -6.850346 -28.947875 -18.935500
v -6.850346 -28.947875 -18.920000
v -6.850346 -28.947875 -18.685499
v -6.850346 -28.947875 -18.670000
v -6.850000 -28.871000 -18.622000
v -6.850000 -28.871000 -18.620000
v -6.850000 -28.822501 -18.968000
v -6.850000 -28.820500 -18.970000
v -6.850000 -28.777001 -18.622000
v -6.850000 -28.777001 -18.620000
v -6.850389 -28.691247 -18.645999
v -6.850000 -28.662500 -18.968000
v -6.850000 -28.660500 -18.970000
v -6.850427 -28.565829 -18.645999
v -6.849986 -28.512127 -18.970000
v -6.850101 -28.506234 -18.968859
v -6.849152 -28.501463 -18.965607
v -6.848880 -28.500094 -18.919750
v -6.848880 -28.500094 -18.699750
v -6.848517 -28.498273 -18.960741
v -6.847512 -28.981714 -18.950000
v -6.847625 -28.960259 -18.935500
v -6.847625 -28.960259 -18.700000
v -6.847625 -28.960259 -18.685499
v -6.847605 -28.839157 -18.968000
v -6.848416 -28.691001 -18.645999
v -6.848416 -28.691001 -18.628000
v -6.847605 -28.679156 -18.968000
v -6.848295 -28.497152 -18.954999
v -6.848295 -28.497152 -18.920250
v -6.848295 -28.497152 -18.699750
v -6.847367 -28.981681 -18.968000
v -6.847367 -28.960319 -18.670000
v -6.847367 -28.960319 -18.652000
v -6.846938 -28.936000 -18.650000
v -6.846938 -28.936000 -18.628000
v -6.846555 -28.935201 -18.624536
v -6.846938 -28.934929 -18.624001
v -6.846938 -28.931999 -18.621072
v -6.846938 -28.928001 -18.620000
v -6.847487 -28.841195 -18.970000
v -6.847487 -28.681195 -18.970000
v -6.847374 -28.538375 -18.665000
v -6.847374 -28.538375 -18.645999
v -6.847041 -28.528748 -18.665000
v -6.847041 -28.523252 -18.665000
v -6.846469 -28.838732 -18.918999
v -6.846469 -28.823268 -18.918999
v -6.846469 -28.678732 -18.918999
v -6.846469 -28.663268 -18.918999
v -6.844888 -28.980739 -18.670000
v -6.844888 -28.980739 -18.652000
v -6.844888 -28.961260 -18.968000
v -6.845262 -28.933020 -18.622000
v -6.845405 -28.823850 -18.968000
v -6.845120 -28.821702 -18.970000
v -6.845405 -28.663850 -18.968000
v -6.845120 -28.661702 -18.970000
v -6.844656 -28.533700 -18.665000
v -6.845049 -28.528476 -18.720000
v -6.845275 -28.527248 -18.667001
v -6.845049 -28.523524 -18.720000
v -6.844677 -28.522329 -18.667001
v -6.844656 -28.518300 -18.665000
v -6.844360 -28.982713 -18.970000
v -6.844360 -28.982713 -18.650000
v -6.844360 -28.959286 -18.970000
v -6.844360 -28.959286 -18.650000
v -6.844230 -28.935528 -18.650000
v -6.844230 -28.935528 -18.628000
v -6.844472 -28.924534 -18.620000
v -6.843576 -28.836567 -18.968000
v -6.843576 -28.676567 -18.968000
v -6.844152 -28.642659 -18.645999
v -6.844018 -28.642294 -18.654000
v -6.844018 -28.579705 -18.654000
v -6.843811 -28.580279 -18.645999
v -6.843518 -28.531880 -18.667001
v -6.843045 -28.979523 -18.950000
v -6.842706 -28.979235 -18.968000
v -6.842706 -28.962767 -18.670000
v -6.842706 -28.962767 -18.652000
v -6.843317 -28.962264 -18.935500
v -6.843317 -28.962264 -18.700000
v -6.843317 -28.962264 -18.685499
v -6.842743 -28.934512 -18.626000
v -6.843496 -28.930039 -18.621072
v -6.843037 -28.838859 -18.970000
v -6.842849 -28.835595 -18.918999
v -6.842849 -28.826404 -18.918999
v -6.843037 -28.678858 -18.970000
v -6.842849 -28.675594 -18.918999
v -6.842849 -28.666406 -18.918999
v -6.842747 -28.532863 -18.720000
v -6.842747 -28.519137 -18.720000
v -6.842015 -28.945093 -18.650000
v -6.842500 -28.941000 -18.665000
v -6.842305 -28.938394 -18.650000
v -6.841842 -28.934166 -18.650000
v -6.841842 -28.934166 -18.628000
v -6.841997 -28.933253 -18.624536
v -6.841586 -28.832209 -18.968000
v -6.842268 -28.827469 -18.968000
v -6.841586 -28.672209 -18.968000
v -6.842268 -28.667469 -18.968000
v -6.841697 -28.542168 -18.665000
v -6.841697 -28.542168 -18.645999
v -6.841863 -28.518252 -18.667001
v -6.840947 -28.977249 -18.670000
v -6.840947 -28.977249 -18.652000
v -6.840947 -28.964751 -18.968000
v -6.841168 -28.947697 -18.665000
v -6.841168 -28.934302 -18.665000
v -6.840977 -28.931532 -18.624001
v -6.841465 -28.921528 -18.620000
v -6.841500 -28.831000 -18.918999
v -6.841359 -28.825035 -18.970000
v -6.841500 -28.671000 -18.918999
v -6.841359 -28.665035 -18.970000
v -6.840582 -28.509121 -18.968859
v -6.839836 -28.979106 -18.970000
v -6.839836 -28.979106 -18.650000
v -6.840002 -28.975587 -18.950000
v -6.839715 -28.974900 -18.968000
v -6.839715 -28.967099 -18.670000
v -6.839715 -28.967099 -18.652000
v -6.840256 -28.965895 -18.950000
v -6.840256 -28.965895 -18.935500
v -6.840256 -28.965895 -18.700000
v -6.840256 -28.965895 -18.685499
v -6.839836 -28.962893 -18.970000
v -6.839836 -28.962893 -18.650000
v -6.840055 -28.932078 -18.650000
v -6.840055 -28.932078 -18.628000
v -6.840203 -28.925798 -18.621072
v -6.840183 -28.834724 -18.970000
v -6.839576 -28.829734 -18.970000
v -6.840183 -28.674724 -18.970000
v -6.839576 -28.669734 -18.970000
v -6.839890 -28.626888 -18.654000
v -6.839969 -28.627326 -18.645999
v -6.839795 -28.595660 -18.645999
v -6.839890 -28.595111 -18.654000
v -6.840358 -28.537128 -18.665000
v -6.839810 -28.535163 -18.667001
v -6.840475 -28.515456 -18.970000
v -6.840358 -28.514874 -18.665000
v -6.840486 -28.499262 -18.665000
v -6.839080 -28.972325 -18.670000
v -6.839080 -28.972325 -18.652000
v -6.839004 -28.970711 -18.950000
v -6.839080 -28.969674 -18.968000
v -6.839228 -28.951190 -18.650000
v -6.838501 -28.611500 -18.645999
v -6.838670 -28.535678 -18.720000
v -6.838670 -28.516324 -18.720000
v -6.838720 -28.504627 -18.965607
v -6.838000 -28.936000 -18.992000
v -6.838000 -28.936000 -18.970000
v -6.838000 -28.934929 -18.996000
v -6.838000 -28.931999 -18.998928
v -6.838363 -28.929701 -18.628000
v -6.838000 -28.928001 -19.000000
v -6.838132 -28.927867 -18.624001
v -6.838000 -28.919063 -18.620000
v -6.838000 -28.872001 -19.000000
v -6.838000 -28.868001 -18.998928
v -6.838000 -28.865073 -18.996000
v -6.838000 -28.864000 -18.992000
v -6.838000 -28.864000 -18.970000
v -6.838000 -28.699000 -18.620000
v -6.838000 -28.694999 -18.621072
v -6.838000 -28.692071 -18.624001
v -6.838000 -28.691001 -18.645999
v -6.838000 -28.691001 -18.628000
v -6.838500 -28.611000 -18.654000
v -6.838187 -28.503339 -18.919750
v -6.838187 -28.503339 -18.699750
v -6.837326 -28.973892 -18.970000
v -6.837326 -28.973892 -18.650000
v -6.837326 -28.968108 -18.970000
v -6.837326 -28.968108 -18.650000
v -6.837375 -28.953373 -18.665000
v -6.837040 -28.943748 -18.665000
v -6.837040 -28.938253 -18.665000
v -6.837375 -28.928626 -18.665000
v -6.837477 -28.515952 -18.667001
v -6.837476 -28.501623 -18.960741
v -6.837039 -28.500566 -18.954999
v -6.837039 -28.500566 -18.920250
v -6.837039 -28.500566 -18.700250
v -6.836000 -28.934929 -18.995464
v -6.836299 -28.927636 -18.628000
v -6.835961 -28.922503 -18.621072
v -6.836000 -28.692071 -18.624536
v -6.834655 -28.948700 -18.665000
v -6.835049 -28.943477 -18.720000
v -6.835275 -28.942246 -18.667001
v -6.835049 -28.938522 -18.720000
v -6.834677 -28.937330 -18.667001
v -6.834536 -28.934929 -18.994000
v -6.834655 -28.933301 -18.665000
v -6.834536 -28.931999 -18.997999
v -6.835000 -28.794000 -18.967000
v -6.835000 -28.794000 -18.966062
v -6.835000 -28.785501 -18.956500
v -6.835000 -28.785501 -18.937500
v -6.835000 -28.743999 -18.956500
v -6.835000 -28.743999 -18.937500
v -6.835000 -28.734667 -18.967000
v -6.834536 -28.694999 -18.622000
v -6.834536 -28.692071 -18.626000
v -6.835000 -28.543501 -18.665000
v -6.835000 -28.543501 -18.645999
v -6.835000 -28.538351 -18.665000
v -6.835000 -28.536351 -18.667001
v -6.835000 -28.513651 -18.665000
v -6.834352 -28.955791 -18.650000
v -6.833518 -28.946879 -18.667001
v -6.834000 -28.934929 -18.992000
v -6.834000 -28.934929 -18.970000
v -6.834000 -28.928001 -18.998928
v -6.833922 -28.925946 -18.650000
v -6.833922 -28.925946 -18.628000
v -6.834000 -28.925064 -18.624536
v -6.834468 -28.925023 -18.624001
v -6.834000 -28.922527 -18.622000
v -6.834000 -28.919063 -18.621072
v -6.834000 -28.872001 -18.998928
v -6.834000 -28.868537 -18.997999
v -6.834000 -28.866000 -18.995464
v -6.834000 -28.865073 -18.992000
v -6.834000 -28.865073 -18.970000
v -6.834000 -28.699000 -18.621072
v -6.834000 -28.692071 -18.645999
v -6.834000 -28.692071 -18.628000
v -6.833752 -28.536274 -18.720000
v -6.833752 -28.515725 -18.720000
v -6.832747 -28.947864 -18.720000
v -6.832747 -28.934138 -18.720000
v -6.832523 -28.515952 -18.667001
v -6.831697 -28.957169 -18.665000
v -6.831864 -28.933253 -18.667001
v -6.832000 -28.931999 -18.995464
v -6.831697 -28.924832 -18.665000
v -6.831833 -28.924158 -18.650000
v -6.831833 -28.924158 -18.628000
v -6.832000 -28.694999 -18.624536
v -6.831943 -28.520818 -18.970000
v -6.831810 -28.513811 -18.968859
v -6.831072 -28.931999 -18.992000
v -6.831072 -28.931999 -18.970000
v -6.831072 -28.928001 -18.996000
v -6.831072 -28.922527 -18.626000
v -6.831072 -28.921063 -18.624536
v -6.831072 -28.919063 -18.624001
v -6.831072 -28.872001 -18.996000
v -6.831072 -28.870001 -18.995464
v -6.831072 -28.868537 -18.994000
v -6.831072 -28.868001 -18.992000
v -6.831072 -28.868001 -18.970000
v -6.831072 -28.699000 -18.624001
v -6.831072 -28.694999 -18.645999
v -6.831072 -28.694999 -18.628000
v -6.830250 -28.996000 -18.950000
v -6.830250 -28.996000 -18.935500
v -6.830250 -28.996000 -18.688999
v -6.830250 -28.996000 -18.685499
v -6.830250 -28.985000 -18.950000
v -6.830250 -28.985000 -18.935500
v -6.830250 -28.985000 -18.700000
v -6.830250 -28.985000 -18.685499
v -6.830359 -28.952127 -18.665000
v -6.829810 -28.950164 -18.667001
v -6.830359 -28.929873 -18.665000
v -6.830000 -28.928001 -18.992000
v -6.830000 -28.928001 -18.970000
v -6.830472 -28.921771 -18.650000
v -6.830472 -28.921771 -18.628000
v -6.830000 -28.919063 -18.650000
v -6.830000 -28.919063 -18.628000
v -6.830000 -28.872001 -18.992000
v -6.830000 -28.872001 -18.970000
v -6.830000 -28.797500 -18.970000
v -6.830000 -28.794000 -18.967000
v -6.830000 -28.794000 -18.966062
v -6.830000 -28.785501 -18.937500
v -6.830000 -28.785501 -18.870000
v -6.830000 -28.743999 -18.937500
v -6.830000 -28.743999 -18.870000
v -6.830000 -28.734667 -18.967000
v -6.830000 -28.731999 -18.970000
v -6.830000 -28.699000 -18.645999
v -6.830000 -28.699000 -18.628000
v -6.830000 -28.543501 -18.650000
v -6.830000 -28.543501 -18.645999
v -6.829641 -28.537128 -18.665000
v -6.830190 -28.535163 -18.667001
v -6.829641 -28.514874 -18.665000
v -6.829346 -28.996000 -18.935500
v -6.829346 -28.996000 -18.920000
v -6.829346 -28.996000 -18.685499
v -6.829346 -28.996000 -18.670000
v -6.829346 -28.966000 -18.920000
v -6.829346 -28.959999 -18.935500
v -6.829346 -28.959999 -18.920000
v -6.829346 -28.959999 -18.685499
v -6.829346 -28.959999 -18.670000
v -6.828670 -28.950677 -18.720000
v -6.828670 -28.931322 -18.720000
v -6.829121 -28.534517 -18.720000
v -6.829121 -28.517482 -18.720000
v -6.829107 -28.509765 -18.965607
v -6.829296 -28.504450 -18.665000
v -6.828104 -28.958223 -18.650000
v -6.827606 -28.923695 -18.650000
v -6.828136 -28.518252 -18.667001
v -6.828333 -28.508606 -18.919750
v -6.828333 -28.508606 -18.700250
v -6.827477 -28.930950 -18.667001
v -6.827300 -28.507061 -18.960741
v -6.826666 -28.506112 -18.954999
v -6.826666 -28.506112 -18.919750
v -6.826666 -28.506112 -18.699750
v -6.826482 -28.531880 -18.667001
v -6.825836 -28.530810 -18.720000
v -6.825836 -28.521190 -18.720000
v -6.825000 -28.958499 -18.665000
v -6.825000 -28.953350 -18.665000
v -6.825000 -28.951349 -18.667001
v -6.825000 -28.928649 -18.665000
v -6.825000 -28.923500 -18.665000
v -6.825345 -28.533700 -18.665000
v -6.824818 -28.527944 -18.970000
v -6.824725 -28.527248 -18.667001
v -6.824650 -28.526001 -18.720000
v -6.825323 -28.522329 -18.667001
v -6.825345 -28.518300 -18.665000
v -6.823753 -28.951275 -18.720000
v -6.823753 -28.930726 -18.720000
v -6.824121 -28.520122 -18.968859
v -6.822523 -28.930950 -18.667001
v -6.822960 -28.528748 -18.665000
v -6.822960 -28.523252 -18.665000
v -6.821401 -28.958125 -18.650000
v -6.820908 -28.923986 -18.650000
v -6.820680 -28.516681 -18.965607
v -6.819642 -28.952127 -18.665000
v -6.820190 -28.950164 -18.667001
v -6.819642 -28.929873 -18.665000
v -6.819695 -28.515694 -18.919750
v -6.819695 -28.515694 -18.699750
v -6.819121 -28.949518 -18.720000
v -6.819121 -28.932483 -18.720000
v -6.819456 -28.536475 -18.970000
v -6.819404 -28.511817 -18.665000
v -6.818303 -28.957169 -18.665000
v -6.818137 -28.933253 -18.667001
v -6.818303 -28.924832 -18.665000
v -6.818125 -28.915999 -18.935500
v -6.818125 -28.915999 -18.920000
v -6.818125 -28.915999 -18.685499
v -6.818125 -28.915999 -18.670000
v -6.818125 -28.836000 -18.935500
v -6.818125 -28.836000 -18.920000
v -6.818125 -28.836000 -18.685499
v -6.818125 -28.836000 -18.670000
v -6.818125 -28.756001 -18.935500
v -6.818125 -28.756001 -18.920000
v -6.818125 -28.756001 -18.685499
v -6.818125 -28.756001 -18.670000
v -6.818125 -28.676000 -18.935500
v -6.818125 -28.676000 -18.920000
v -6.818125 -28.676000 -18.685499
v -6.818125 -28.676000 -18.670000
v -6.817811 -28.527811 -18.968859
v -6.818381 -28.514380 -18.960741
v -6.817573 -28.513575 -18.954999
v -6.817573 -28.513575 -18.920250
v -6.817573 -28.513575 -18.699750
v -6.817000 -28.996000 -18.959000
v -6.817000 -28.996000 -18.920000
v -6.817000 -28.996000 -18.688999
v -6.817000 -28.996000 -18.661000
v -6.817000 -28.985000 -18.970000
v -6.817000 -28.985000 -18.700000
v -6.817000 -28.985000 -18.650000
v -6.817000 -28.980999 -18.951000
v -6.817000 -28.980999 -18.920000
v -6.817000 -28.980999 -18.700000
v -6.817000 -28.980999 -18.669000
v -6.817000 -28.961999 -18.970000
v -6.817000 -28.961999 -18.650000
v -6.816771 -28.543501 -18.650000
v -6.816482 -28.946879 -18.667001
v -6.815835 -28.945811 -18.720000
v -6.815835 -28.936191 -18.720000
v -6.815790 -28.547604 -18.650000
v -6.816128 -28.545988 -18.970000
v -6.815000 -28.966000 -18.920000
v -6.815000 -28.966000 -18.700000
v -6.815225 -28.955514 -18.650000
v -6.815344 -28.948700 -18.665000
v -6.814725 -28.942246 -18.667001
v -6.814650 -28.941000 -18.720000
v -6.815323 -28.937330 -18.667001
v -6.815344 -28.933301 -18.665000
v -6.814811 -28.926773 -18.650000
v -6.815000 -28.631001 -18.970000
v -6.815000 -28.631001 -18.650000
v -6.815000 -28.556001 -18.970000
v -6.815000 -28.556001 -18.650000
v -6.815198 -28.551784 -18.650000
v -6.813765 -28.525107 -18.965607
v -6.812626 -28.953373 -18.665000
v -6.812960 -28.943748 -18.665000
v -6.812960 -28.938253 -18.665000
v -6.812626 -28.928626 -18.665000
v -6.813122 -28.536582 -18.968859
v -6.812606 -28.524332 -18.919750
v -6.812606 -28.524332 -18.699750
v -6.811387 -28.965559 -18.920000
v -6.811387 -28.965559 -18.700000
v -6.810915 -28.543501 -18.651105
v -6.811061 -28.523300 -18.960741
v -6.811228 -28.521054 -18.665000
v -6.810485 -28.950775 -18.650000
v -6.810209 -28.931649 -18.650000
v -6.809760 -28.548894 -18.651142
v -6.810235 -28.546102 -18.968859
v -6.810112 -28.522666 -18.954999
v -6.810112 -28.522666 -18.920250
v -6.810112 -28.522666 -18.699750
v -6.808832 -28.947697 -18.665000
v -6.808832 -28.934302 -18.665000
v -6.809260 -28.631001 -18.968859
v -6.809260 -28.631001 -18.651142
v -6.809260 -28.556001 -18.968859
v -6.809260 -28.556001 -18.651142
v -6.808626 -28.534720 -18.965607
v -6.807987 -28.964260 -18.920000
v -6.807987 -28.964260 -18.700000
v -6.807874 -28.944600 -18.650000
v -6.807500 -28.941000 -18.665000
v -6.807777 -28.937895 -18.650000
v -6.807674 -28.918893 -18.970000
v -6.807674 -28.918893 -18.650000
v -6.807674 -28.913107 -18.970000
v -6.807674 -28.913107 -18.650000
v -6.807674 -28.838892 -18.970000
v -6.807674 -28.838892 -18.650000
v -6.807674 -28.833108 -18.970000
v -6.807674 -28.833108 -18.650000
v -6.807674 -28.758893 -18.970000
v -6.807674 -28.758893 -18.650000
v -6.807674 -28.753107 -18.970000
v -6.807674 -28.753107 -18.650000
v -6.807674 -28.678892 -18.970000
v -6.807674 -28.678892 -18.650000
v -6.807674 -28.673108 -18.970000
v -6.807674 -28.673108 -18.650000
v -6.807339 -28.534186 -18.919750
v -6.807339 -28.534186 -18.700250
v -6.806000 -28.936999 -18.935500
v -6.806000 -28.936999 -18.920000
v -6.806000 -28.936999 -18.685499
v -6.806000 -28.936999 -18.670000
v -6.805741 -28.918376 -18.935500
v -6.805741 -28.918376 -18.700000
v -6.805741 -28.918376 -18.685499
v -6.805920 -28.917327 -18.968000
v -6.805920 -28.917327 -18.670000
v -6.805920 -28.917327 -18.652000
v -6.805741 -28.913624 -18.935500
v -6.805741 -28.913624 -18.700000
v -6.805741 -28.913624 -18.685499
v -6.806000 -28.894999 -18.935500
v -6.806000 -28.894999 -18.920000
v -6.806000 -28.894999 -18.685499
v -6.806000 -28.894999 -18.670000
v -6.806000 -28.857000 -18.935500
v -6.806000 -28.857000 -18.920000
v -6.806000 -28.857000 -18.685499
v -6.806000 -28.857000 -18.670000
v -6.805741 -28.838375 -18.935500
v -6.805741 -28.838375 -18.700000
v -6.805741 -28.838375 -18.685499
v -6.805920 -28.837326 -18.968000
v -6.805920 -28.837326 -18.670000
v -6.805920 -28.837326 -18.652000
v -6.805741 -28.833625 -18.935500
v -6.805741 -28.833625 -18.700000
v -6.805741 -28.833625 -18.685499
v -6.806000 -28.815000 -18.935500
v -6.806000 -28.815000 -18.920000
v -6.806000 -28.815000 -18.685499
v -6.806000 -28.815000 -18.670000
v -6.806000 -28.777001 -18.935500
v -6.806000 -28.777001 -18.920000
v -6.806000 -28.777001 -18.685499
v -6.806000 -28.777001 -18.670000
v -6.805741 -28.758376 -18.935500
v -6.805741 -28.758376 -18.700000
v -6.805741 -28.758376 -18.685499
v -6.805920 -28.757327 -18.968000
v -6.805920 -28.757327 -18.670000
v -6.805920 -28.757327 -18.652000
v -6.805741 -28.753624 -18.935500
v -6.805741 -28.753624 -18.700000
v -6.805741 -28.753624 -18.685499
v -6.806000 -28.735001 -18.935500
v -6.806000 -28.735001 -18.920000
v -6.806000 -28.735001 -18.685499
v -6.806000 -28.735001 -18.670000
v -6.806000 -28.697000 -18.935500
v -6.806000 -28.697000 -18.920000
v -6.806000 -28.697000 -18.685499
v -6.806000 -28.697000 -18.670000
v -6.805741 -28.678374 -18.935500
v -6.805741 -28.678374 -18.700000
v -6.805741 -28.678374 -18.685499
v -6.805920 -28.677325 -18.968000
v -6.805920 -28.677325 -18.670000
v -6.805920 -28.677325 -18.652000
v -6.805741 -28.673625 -18.935500
v -6.805741 -28.673625 -18.700000
v -6.805741 -28.673625 -18.685499
v -6.806000 -28.655000 -18.935500
v -6.806000 -28.655000 -18.920000
v -6.806000 -28.655000 -18.685499
v -6.806000 -28.655000 -18.670000
v -6.805904 -28.543501 -18.654310
v -6.805622 -28.533475 -18.960741
v -6.805000 -28.980999 -18.951000
v -6.805000 -28.980999 -18.920000
v -6.805000 -28.980999 -18.700000
v -6.805000 -28.980999 -18.669000
v -6.805000 -28.962181 -18.969820
v -6.805000 -28.962181 -18.920000
v -6.805000 -28.962181 -18.700000
v -6.805000 -28.962181 -18.650180
v -6.805164 -28.924105 -18.970000
v -6.805164 -28.924105 -18.650000
v -6.805285 -28.912098 -18.968000
v -6.805285 -28.912098 -18.670000
v -6.805285 -28.912098 -18.652000
v -6.805164 -28.907895 -18.970000
v -6.805164 -28.907895 -18.650000
v -6.805164 -28.844106 -18.970000
v -6.805164 -28.844106 -18.650000
v -6.805285 -28.832099 -18.968000
v -6.805285 -28.832099 -18.670000
v -6.805285 -28.832099 -18.652000
v -6.805164 -28.827894 -18.970000
v -6.805164 -28.827894 -18.650000
v -6.805164 -28.764105 -18.970000
v -6.805164 -28.764105 -18.650000
v -6.805285 -28.752100 -18.968000
v -6.805285 -28.752100 -18.670000
v -6.805285 -28.752100 -18.652000
v -6.805164 -28.747895 -18.970000
v -6.805164 -28.747895 -18.650000
v -6.805164 -28.684106 -18.970000
v -6.805164 -28.684106 -18.650000
v -6.805285 -28.672099 -18.968000
v -6.805285 -28.672099 -18.670000
v -6.805285 -28.672099 -18.652000
v -6.805164 -28.667896 -18.970000
v -6.805164 -28.667896 -18.650000
v -6.804940 -28.548222 -18.654393
v -6.805462 -28.545151 -18.965607
v -6.804567 -28.533039 -18.954999
v -6.804567 -28.533039 -18.920250
v -6.804567 -28.533039 -18.700250
v -6.805112 -28.531764 -18.665000
v -6.804000 -28.961198 -18.970000
v -6.803820 -28.961000 -18.920000
v -6.803820 -28.961000 -18.700000
v -6.803820 -28.961000 -18.650180
v -6.804000 -28.949001 -18.970000
v -6.804000 -28.949001 -18.650000
v -6.803737 -28.922684 -18.935500
v -6.803737 -28.922684 -18.700000
v -6.803737 -28.922684 -18.685499
v -6.804053 -28.922248 -18.968000
v -6.804053 -28.922248 -18.670000
v -6.804053 -28.922248 -18.652000
v -6.803737 -28.909316 -18.935500
v -6.803737 -28.909316 -18.700000
v -6.803737 -28.909316 -18.685499
v -6.804000 -28.882999 -18.970000
v -6.804000 -28.882999 -18.650000
v -6.804000 -28.868999 -18.970000
v -6.804000 -28.868999 -18.650000
v -6.803737 -28.842683 -18.935500
v -6.803737 -28.842683 -18.700000
v -6.803737 -28.842683 -18.685499
v -6.804053 -28.842249 -18.968000
v -6.804053 -28.842249 -18.670000
v -6.804053 -28.842249 -18.652000
v -6.803737 -28.829317 -18.935500
v -6.803737 -28.829317 -18.700000
v -6.803737 -28.829317 -18.685499
v -6.804000 -28.803000 -18.970000
v -6.804000 -28.803000 -18.650000
v -6.804000 -28.789001 -18.970000
v -6.804000 -28.789001 -18.650000
v -6.803737 -28.762684 -18.935500
v -6.803737 -28.762684 -18.700000
v -6.803737 -28.762684 -18.685499
v -6.804053 -28.762248 -18.968000
v -6.804053 -28.762248 -18.670000
v -6.804053 -28.762248 -18.652000
v -6.803737 -28.749316 -18.935500
v -6.803737 -28.749316 -18.700000
v -6.803737 -28.749316 -18.685499
v -6.804000 -28.722999 -18.970000
v -6.804000 -28.722999 -18.650000
v -6.804000 -28.708999 -18.970000
v -6.804000 -28.708999 -18.650000
v -6.803737 -28.682683 -18.935500
v -6.803737 -28.682683 -18.700000
v -6.803737 -28.682683 -18.685499
v -6.804053 -28.682249 -18.968000
v -6.804053 -28.682249 -18.670000
v -6.804053 -28.682249 -18.652000
v -6.803737 -28.669317 -18.935500
v -6.803737 -28.669317 -18.700000
v -6.803737 -28.669317 -18.685499
v -6.804000 -28.643000 -18.970000
v -6.804000 -28.643000 -18.650000
v -6.804000 -28.631001 -18.970000
v -6.804394 -28.631001 -18.965607
v -6.804394 -28.631001 -18.654393
v -6.804000 -28.631001 -18.650000
v -6.804394 -28.556001 -18.965607
v -6.804394 -28.556001 -18.654393
v -6.804096 -28.544879 -18.920250
v -6.804096 -28.544879 -18.699750
v -6.803000 -28.631001 -18.919750
v -6.803000 -28.631001 -18.700250
v -6.803000 -28.556001 -18.920250
v -6.803000 -28.556001 -18.700250
v -6.802515 -28.543501 -18.659188
v -6.801741 -28.958013 -18.920000
v -6.801741 -28.958013 -18.700000
v -6.802294 -28.907766 -18.968000
v -6.802294 -28.907766 -18.670000
v -6.802294 -28.907766 -18.652000
v -6.802294 -28.827767 -18.968000
v -6.802294 -28.827767 -18.670000
v -6.802294 -28.827767 -18.652000
v -6.802294 -28.747766 -18.968000
v -6.802294 -28.747766 -18.670000
v -6.802294 -28.747766 -18.652000
v -6.802294 -28.667767 -18.968000
v -6.802294 -28.667767 -18.670000
v -6.802294 -28.667767 -18.652000
v -6.801718 -28.547781 -18.659260
v -6.802273 -28.544517 -18.960741
v -6.800640 -28.927712 -18.970000
v -6.800640 -28.927712 -18.650000
v -6.800640 -28.904288 -18.970000
v -6.800640 -28.904288 -18.650000
v -6.800640 -28.847713 -18.970000
v -6.800640 -28.847713 -18.650000
v -6.800640 -28.824286 -18.970000
v -6.800640 -28.824286 -18.650000
v -6.800640 -28.767712 -18.970000
v -6.800640 -28.767712 -18.650000
v -6.800640 -28.744287 -18.970000
v -6.800640 -28.744287 -18.650000
v -6.800640 -28.687713 -18.970000
v -6.800640 -28.687713 -18.650000
v -6.800640 -28.664289 -18.970000
v -6.800640 -28.664289 -18.650000
v -6.801142 -28.631001 -18.960741
v -6.801142 -28.631001 -18.659260
v -6.801142 -28.556001 -18.960741
v -6.801142 -28.556001 -18.659260
v -6.800587 -28.547633 -18.665000
v -6.801153 -28.544295 -18.954999
v -6.801153 -28.544295 -18.920250
v -6.801153 -28.544295 -18.700250
v -6.801317 -28.543501 -18.665000
v -6.800442 -28.954613 -18.920000
v -6.800442 -28.954613 -18.700000
v -6.800000 -28.951001 -18.920000
v -6.800000 -28.951001 -18.700000
v -6.800000 -28.936999 -18.920000
v -6.800112 -28.925741 -18.968000
v -6.800104 -28.925745 -18.950000
v -6.800104 -28.925745 -18.935500
v -6.800104 -28.925745 -18.700000
v -6.800104 -28.925745 -18.685499
v -6.800112 -28.925741 -18.670000
v -6.800112 -28.925741 -18.652000
v -6.800104 -28.906255 -18.950000
v -6.800104 -28.906255 -18.935500
v -6.800104 -28.906255 -18.700000
v -6.800104 -28.906255 -18.685499
v -6.800000 -28.894999 -18.920000
v -6.800000 -28.857000 -18.920000
v -6.800112 -28.845739 -18.968000
v -6.800104 -28.845744 -18.950000
v -6.800104 -28.845744 -18.935500
v -6.800104 -28.845744 -18.700000
v -6.800104 -28.845744 -18.685499
v -6.800112 -28.845739 -18.670000
v -6.800112 -28.845739 -18.652000
v -6.800104 -28.826256 -18.950000
v -6.800104 -28.826256 -18.935500
v -6.800000 -28.826201 -18.700000
v -6.800104 -28.826256 -18.685499
v -6.800000 -28.815000 -18.920000
v -6.800000 -28.777001 -18.920000
v -6.800112 -28.765740 -18.968000
v -6.800104 -28.765745 -18.950000
v -6.800104 -28.765745 -18.935500
v -6.800104 -28.765745 -18.700000
v -6.800104 -28.765745 -18.685499
v -6.800112 -28.765740 -18.670000
v -6.800112 -28.765740 -18.652000
v -6.800104 -28.746254 -18.950000
v -6.800104 -28.746254 -18.935500
v -6.800104 -28.746254 -18.700000
v -6.800104 -28.746254 -18.685499
v -6.800000 -28.735001 -18.920000
v -6.800000 -28.697000 -18.920000
v -6.800112 -28.685739 -18.968000
v -6.800104 -28.685744 -18.950000
v -6.800104 -28.685744 -18.935500
v -6.800104 -28.685744 -18.700000
v -6.800104 -28.685744 -18.685499
v -6.800112 -28.685739 -18.670000
v -6.800112 -28.685739 -18.652000
v -6.800104 -28.666255 -18.950000
v -6.800104 -28.666255 -18.935500
v -6.800000 -28.666201 -18.700000
v -6.800104 -28.666255 -18.685499
v -6.800000 -28.655000 -18.920000
v -6.800000 -28.631001 -18.954999
v -6.800000 -28.631001 -18.920250
v -6.800000 -28.631001 -18.700000
v -6.800000 -28.631001 -18.665000
v -6.800000 -28.556001 -18.954999
v -6.800000 -28.556001 -18.920250
v -6.800000 -28.556001 -18.699750
v -6.800000 -28.556001 -18.665000
v -6.800147 -28.551805 -18.665000
v -6.797633 -28.905320 -18.968000
v -6.797633 -28.905320 -18.670000
v -6.797633 -28.905320 -18.652000
v -6.797633 -28.825319 -18.968000
v -6.797633 -28.825319 -18.670000
v -6.797633 -28.825319 -18.652000
v -6.797633 -28.745320 -18.968000
v -6.797633 -28.745320 -18.670000
v -6.797633 -28.745320 -18.652000
v -6.797633 -28.665318 -18.968000
v -6.797633 -28.665318 -18.670000
v -6.797633 -28.665318 -18.652000
v -6.795000 -28.929000 -18.970000
v -6.795000 -28.929000 -18.650000
v -6.795000 -28.927000 -18.968000
v -6.795288 -28.926997 -18.950000
v -6.795000 -28.927000 -18.670000
v -6.795000 -28.927000 -18.652000
v -6.795288 -28.905003 -18.950000
v -6.795000 -28.903000 -18.970000
v -6.795000 -28.903000 -18.650000
v -6.795000 -28.849001 -18.970000
v -6.795000 -28.849001 -18.650000
v -6.795000 -28.847001 -18.968000
v -6.795288 -28.846996 -18.950000
v -6.795000 -28.847001 -18.670000
v -6.795000 -28.847001 -18.652000
v -6.795288 -28.825004 -18.950000
v -6.795000 -28.822999 -18.970000
v -6.795000 -28.822999 -18.650000
v -6.795000 -28.769000 -18.970000
v -6.795000 -28.769000 -18.650000
v -6.795000 -28.766999 -18.968000
v -6.795288 -28.766997 -18.950000
v -6.795000 -28.766999 -18.670000
v -6.795000 -28.766999 -18.652000
v -6.795288 -28.745003 -18.950000
v -6.795000 -28.743000 -18.970000
v -6.795000 -28.743000 -18.650000
v -6.795000 -28.689001 -18.970000
v -6.795000 -28.689001 -18.650000
v -6.795000 -28.687000 -18.968000
v -6.795288 -28.686996 -18.950000
v -6.795000 -28.687000 -18.670000
v -6.795000 -28.687000 -18.652000
v -6.795288 -28.665004 -18.950000
v -6.795000 -28.663001 -18.970000
v -6.795000 -28.663001 -18.650000
v -6.792368 -28.905320 -18.968000
v -6.792368 -28.905320 -18.670000
v -6.792368 -28.905320 -18.652000
v -6.792368 -28.825319 -18.968000
v -6.792368 -28.825319 -18.670000
v -6.792368 -28.825319 -18.652000
v -6.792368 -28.745320 -18.968000
v -6.792368 -28.745320 -18.670000
v -6.792368 -28.745320 -18.652000
v -6.792368 -28.665318 -18.968000
v -6.792368 -28.665318 -18.670000
v -6.792368 -28.665318 -18.652000
v -6.789888 -28.925741 -18.968000
v -6.790413 -28.925998 -18.950000
v -6.789888 -28.925741 -18.670000
v -6.789888 -28.925741 -18.652000
v -6.790413 -28.906002 -18.950000
v -6.789888 -28.845739 -18.968000
v -6.790413 -28.845999 -18.950000
v -6.789888 -28.845739 -18.670000
v -6.789888 -28.845739 -18.652000
v -6.790413 -28.826001 -18.950000
v -6.789888 -28.765740 -18.968000
v -6.790413 -28.765998 -18.950000
v -6.789888 -28.765740 -18.670000
v -6.789888 -28.765740 -18.652000
v -6.790413 -28.746002 -18.950000
v -6.789888 -28.685739 -18.968000
v -6.790413 -28.685999 -18.950000
v -6.789888 -28.685739 -18.670000
v -6.789888 -28.685739 -18.652000
v -6.790413 -28.666003 -18.950000
v -6.789359 -28.927712 -18.970000
v -6.789359 -28.927712 -18.650000
v -6.789359 -28.904288 -18.970000
v -6.789359 -28.904288 -18.650000
v -6.789359 -28.847713 -18.970000
v -6.789359 -28.847713 -18.650000
v -6.789359 -28.824286 -18.970000
v -6.789359 -28.824286 -18.650000
v -6.789359 -28.767712 -18.970000
v -6.789359 -28.767712 -18.650000
v -6.789359 -28.744287 -18.970000
v -6.789359 -28.744287 -18.650000
v -6.789359 -28.687713 -18.970000
v -6.789359 -28.687713 -18.650000
v -6.789359 -28.664289 -18.970000
v -6.789359 -28.664289 -18.650000
v -6.787705 -28.907766 -18.968000
v -6.787705 -28.907766 -18.670000
v -6.787705 -28.907766 -18.652000
v -6.787705 -28.827767 -18.968000
v -6.787705 -28.827767 -18.670000
v -6.787705 -28.827767 -18.652000
v -6.787705 -28.747766 -18.968000
v -6.787705 -28.747766 -18.670000
v -6.787705 -28.747766 -18.652000
v -6.787705 -28.667767 -18.968000
v -6.787705 -28.667767 -18.670000
v -6.787705 -28.667767 -18.652000
v -6.786478 -28.922954 -18.950000
v -6.785947 -28.922248 -18.968000
v -6.785947 -28.922248 -18.670000
v -6.785947 -28.922248 -18.652000
v -6.786478 -28.909047 -18.950000
v -6.786478 -28.842955 -18.950000
v -6.785947 -28.842249 -18.968000
v -6.785947 -28.842249 -18.670000
v -6.785947 -28.842249 -18.652000
v -6.786478 -28.829045 -18.950000
v -6.786478 -28.762956 -18.950000
v -6.785947 -28.762248 -18.968000
v -6.785947 -28.762248 -18.670000
v -6.785947 -28.762248 -18.652000
v -6.786478 -28.749046 -18.950000
v -6.786478 -28.682954 -18.950000
v -6.785947 -28.682249 -18.968000
v -6.785947 -28.682249 -18.670000
v -6.785947 -28.682249 -18.652000
v -6.786478 -28.669045 -18.950000
v -6.785000 -28.961000 -18.951000
v -6.785000 -28.961000 -18.920000
v -6.785000 -28.961000 -18.700000
v -6.785000 -28.961000 -18.669000
v -6.785000 -28.949001 -18.951000
v -6.785000 -28.949001 -18.920000
v -6.785000 -28.949001 -18.700000
v -6.785000 -28.949001 -18.669000
v -6.784836 -28.924105 -18.970000
v -6.784836 -28.924105 -18.650000
v -6.784715 -28.912098 -18.968000
v -6.784715 -28.912098 -18.670000
v -6.784715 -28.912098 -18.652000
v -6.784836 -28.907895 -18.970000
v -6.784836 -28.907895 -18.650000
v -6.785000 -28.882999 -18.951000
v -6.785000 -28.882999 -18.920000
v -6.785000 -28.882999 -18.700000
v -6.785000 -28.882999 -18.669000
v -6.785000 -28.868999 -18.951000
v -6.785000 -28.868999 -18.920000
v -6.785000 -28.868999 -18.700000
v -6.785000 -28.868999 -18.669000
v -6.784836 -28.844106 -18.970000
v -6.784836 -28.844106 -18.650000
v -6.784715 -28.832099 -18.968000
v -6.784715 -28.832099 -18.670000
v -6.784715 -28.832099 -18.652000
v -6.784836 -28.827894 -18.970000
v -6.784836 -28.827894 -18.650000
v -6.785000 -28.803000 -18.951000
v -6.785000 -28.803000 -18.920000
v -6.785000 -28.803000 -18.700000
v -6.785000 -28.803000 -18.669000
v -6.785000 -28.789001 -18.951000
v -6.785000 -28.789001 -18.920000
v -6.785000 -28.789001 -18.700000
v -6.785000 -28.789001 -18.669000
v -6.784836 -28.764105 -18.970000
v -6.784836 -28.764105 -18.650000
v -6.784715 -28.752100 -18.968000
v -6.784715 -28.752100 -18.670000
v -6.784715 -28.752100 -18.652000
v -6.784836 -28.747895 -18.970000
v -6.784836 -28.747895 -18.650000
v -6.785000 -28.722999 -18.951000
v -6.785000 -28.722999 -18.920000
v -6.785000 -28.722999 -18.700000
v -6.785000 -28.722999 -18.669000
v -6.785000 -28.708999 -18.951000
v -6.785000 -28.708999 -18.920000
v -6.785000 -28.708999 -18.700000
v -6.785000 -28.708999 -18.669000
v -6.784836 -28.684106 -18.970000
v -6.784836 -28.684106 -18.650000
v -6.784715 -28.672099 -18.968000
v -6.784715 -28.672099 -18.670000
v -6.784715 -28.672099 -18.652000
v -6.784836 -28.667896 -18.970000
v -6.784836 -28.667896 -18.650000
v -6.785000 -28.643000 -18.951000
v -6.785000 -28.643000 -18.920000
v -6.785000 -28.643000 -18.700000
v -6.785000 -28.643000 -18.669000
v -6.785000 -28.631001 -18.951000
v -6.785000 -28.631001 -18.920000
v -6.785000 -28.631001 -18.700000
v -6.785000 -28.631001 -18.669000
v -6.784285 -28.918488 -18.950000
v -6.784080 -28.917327 -18.968000
v -6.784080 -28.917327 -18.670000
v -6.784080 -28.917327 -18.652000
v -6.784285 -28.913512 -18.950000
v -6.784285 -28.838487 -18.950000
v -6.784080 -28.837326 -18.968000
v -6.784080 -28.837326 -18.670000
v -6.784080 -28.837326 -18.652000
v -6.784285 -28.833513 -18.950000
v -6.784285 -28.758488 -18.950000
v -6.784080 -28.757327 -18.968000
v -6.784080 -28.757327 -18.670000
v -6.784080 -28.757327 -18.652000
v -6.784285 -28.753512 -18.950000
v -6.784285 -28.678489 -18.950000
v -6.784080 -28.677325 -18.968000
v -6.784080 -28.677325 -18.670000
v -6.784080 -28.677325 -18.652000
v -6.784285 -28.673513 -18.950000
v -6.782326 -28.918893 -18.970000
v -6.782326 -28.918893 -18.650000
v -6.782326 -28.913107 -18.970000
v -6.782326 -28.913107 -18.650000
v -6.782326 -28.838892 -18.970000
v -6.782326 -28.838892 -18.650000
v -6.782326 -28.833108 -18.970000
v -6.782326 -28.833108 -18.650000
v -6.782326 -28.758893 -18.970000
v -6.782326 -28.758893 -18.650000
v -6.782326 -28.753107 -18.970000
v -6.782326 -28.753107 -18.650000
v -6.782326 -28.678892 -18.970000
v -6.782326 -28.678892 -18.650000
v -6.782326 -28.673108 -18.970000
v -6.782326 -28.673108 -18.650000
v -6.781000 -28.949001 -18.970000
v -6.781000 -28.949001 -18.700000
v -6.781000 -28.949001 -18.650000
v -6.781000 -28.935750 -18.950000
v -6.781000 -28.935750 -18.935500
v -6.781000 -28.935750 -18.700000
v -6.781000 -28.935750 -18.685499
v -6.781000 -28.896251 -18.950000
v -6.781000 -28.896251 -18.935500
v -6.781000 -28.896251 -18.700000
v -6.781000 -28.896251 -18.685499
v -6.781000 -28.882999 -18.970000
v -6.781000 -28.882999 -18.700000
v -6.781000 -28.882999 -18.650000
v -6.781000 -28.868999 -18.970000
v -6.781000 -28.868999 -18.700000
v -6.781000 -28.868999 -18.650000
v -6.781000 -28.855751 -18.950000
v -6.781000 -28.855751 -18.935500
v -6.781000 -28.855751 -18.700000
v -6.781000 -28.855751 -18.685499
v -6.781000 -28.816249 -18.950000
v -6.781000 -28.816249 -18.935500
v -6.781000 -28.816249 -18.700000
v -6.781000 -28.816249 -18.685499
v -6.781000 -28.803000 -18.970000
v -6.781000 -28.803000 -18.700000
v -6.781000 -28.803000 -18.650000
v -6.781000 -28.789001 -18.970000
v -6.781000 -28.789001 -18.700000
v -6.781000 -28.789001 -18.650000
v -6.781000 -28.775749 -18.950000
v -6.781000 -28.775749 -18.935500
v -6.781000 -28.775749 -18.700000
v -6.781000 -28.775749 -18.685499
v -6.781000 -28.736250 -18.950000
v -6.781000 -28.736250 -18.935500
v -6.781000 -28.736250 -18.700000
v -6.781000 -28.736250 -18.685499
v -6.781000 -28.722999 -18.970000
v -6.781000 -28.722999 -18.700000
v -6.781000 -28.722999 -18.650000
v -6.781000 -28.708999 -18.970000
v -6.781000 -28.708999 -18.700000
v -6.781000 -28.708999 -18.650000
v -6.781000 -28.695750 -18.950000
v -6.781000 -28.695750 -18.935500
v -6.781000 -28.695750 -18.700000
v -6.781000 -28.695750 -18.685499
v -6.781000 -28.656249 -18.950000
v -6.781000 -28.656249 -18.935500
v -6.781000 -28.656249 -18.700000
v -6.781000 -28.656249 -18.685499
v -6.781000 -28.643000 -18.970000
v -6.781000 -28.643000 -18.700000
v -6.781000 -28.643000 -18.650000
v -6.770000 -28.949001 -18.959000
v -6.770000 -28.949001 -18.920000
v -6.770000 -28.949001 -18.688999
v -6.770000 -28.949001 -18.661000
v -6.770000 -28.936999 -18.935500
v -6.770000 -28.936999 -18.920000
v -6.770000 -28.936999 -18.685499
v -6.770000 -28.936999 -18.670000
v -6.770000 -28.935750 -18.950000
v -6.770000 -28.935750 -18.935500
v -6.770000 -28.935750 -18.688999
v -6.770000 -28.935750 -18.685499
v -6.770000 -28.896251 -18.950000
v -6.770000 -28.896251 -18.935500
v -6.770000 -28.896251 -18.688999
v -6.770000 -28.896251 -18.685499
v -6.770000 -28.894999 -18.935500
v -6.770000 -28.894999 -18.920000
v -6.770000 -28.894999 -18.685499
v -6.770000 -28.894999 -18.670000
v -6.770000 -28.882999 -18.959000
v -6.770000 -28.882999 -18.920000
v -6.770000 -28.882999 -18.688999
v -6.770000 -28.882999 -18.661000
v -6.770000 -28.868999 -18.959000
v -6.770000 -28.868999 -18.920000
v -6.770000 -28.868999 -18.688999
v -6.770000 -28.868999 -18.661000
v -6.770000 -28.857000 -18.935500
v -6.770000 -28.857000 -18.920000
v -6.770000 -28.857000 -18.685499
v -6.770000 -28.857000 -18.670000
v -6.770000 -28.855751 -18.950000
v -6.770000 -28.855751 -18.935500
v -6.770000 -28.855751 -18.688999
v -6.770000 -28.855751 -18.685499
v -6.770000 -28.816249 -18.950000
v -6.770000 -28.816249 -18.935500
v -6.770000 -28.816249 -18.688999
v -6.770000 -28.816249 -18.685499
v -6.770000 -28.815000 -18.935500
v -6.770000 -28.815000 -18.920000
v -6.770000 -28.815000 -18.685499
v -6.770000 -28.815000 -18.670000
v -6.770000 -28.803000 -18.959000
v -6.770000 -28.803000 -18.920000
v -6.770000 -28.803000 -18.688999
v -6.770000 -28.803000 -18.661000
v -6.770000 -28.789001 -18.959000
v -6.770000 -28.789001 -18.920000
v -6.770000 -28.789001 -18.688999
v -6.770000 -28.789001 -18.661000
v -6.770000 -28.777001 -18.935500
v -6.770000 -28.777001 -18.920000
v -6.770000 -28.777001 -18.685499
v -6.770000 -28.777001 -18.670000
v -6.770000 -28.775749 -18.950000
v -6.770000 -28.775749 -18.935500
v -6.770000 -28.775749 -18.688999
v -6.770000 -28.775749 -18.685499
v -6.770000 -28.736250 -18.950000
v -6.770000 -28.736250 -18.935500
v -6.770000 -28.736250 -18.688999
v -6.770000 -28.736250 -18.685499
v -6.770000 -28.735001 -18.935500
v -6.770000 -28.735001 -18.920000
v -6.770000 -28.735001 -18.685499
v -6.770000 -28.735001 -18.670000
v -6.770000 -28.722999 -18.959000
v -6.770000 -28.722999 -18.920000
v -6.770000 -28.722999 -18.688999
v -6.770000 -28.722999 -18.661000
v -6.770000 -28.708999 -18.959000
v -6.770000 -28.708999 -18.920000
v -6.770000 -28.708999 -18.688999
v -6.770000 -28.708999 -18.661000
v -6.770000 -28.697000 -18.935500
v -6.770000 -28.697000 -18.920000
v -6.770000 -28.697000 -18.685499
v -6.770000 -28.697000 -18.670000
v -6.770000 -28.695750 -18.950000
v -6.770000 -28.695750 -18.935500
v -6.770000 -28.695750 -18.688999
v -6.770000 -28.695750 -18.685499
v -6.770000 -28.656249 -18.950000
v -6.770000 -28.656249 -18.935500
v -6.770000 -28.656249 -18.688999
v -6.770000 -28.656249 -18.685499
v -6.770000 -28.655000 -18.935500
v -6.770000 -28.655000 -18.920000
v -6.770000 -28.655000 -18.685499
v -6.770000 -28.655000 -18.670000
v -6.770000 -28.643000 -18.959000
v -6.770000 -28.643000 -18.920000
v -6.770000 -28.643000 -18.688999
v -6.770000 -28.643000 -18.661000
vt 0.004800 -0.026100 0.000000
vt 0.004800 -0.031700 0.000000
vt 0.009200 -0.031700 0.000000
vt 0.009200 -0.026100 0.000000
vt -0.108380 0.000000 0.000000
vt -0.102780 0.000000 0.000000
vt -0.102780 0.000419 0.000000
vt -0.102780 0.000838 0.000000
vt -0.102780 0.001257 0.000000
vt -0.108380 0.001257 0.000000
vt -0.108380 0.000838 0.000000
vt -0.108380 0.000419 0.000000
vt -0.000000 0.000000 0.000000
vt -0.000000 0.000296 0.000000
vt -0.000000 0.000592 0.000000
vt -0.000000 0.000889 0.000000
vt -0.000419 0.000889 0.000000
vt -0.000838 0.000889 0.000000
vt -0.001257 0.000000 0.000000
vt -0.000838 0.000000 0.000000
vt -0.000419 0.000000 0.000000
vt -0.000419 0.000296 0.000000
vt -0.000838 0.000296 0.000000
vt -0.000419 0.000592 0.000000
vt -0.000838 0.000592 0.000000
vt -0.066915 0.000000 0.000000
vt -0.062515 0.000000 0.000000
vt -0.062515 0.000419 0.000000
vt -0.062515 0.000838 0.000000
vt -0.062515 0.001257 0.000000
vt -0.066915 0.001257 0.000000
vt -0.066915 0.000838 0.000000
vt -0.066915 0.000419 0.000000
vt -0.001257 0.000889 0.000000
vt -0.000838 0.000889 0.000000
vt -0.000419 0.000889 0.000000
vt -0.000000 0.000889 0.000000
vt -0.000000 0.001185 0.000000
vt -0.000000 0.001481 0.000000
vt -0.000000 0.001777 0.000000
vt -0.000419 0.001777 0.000000
vt -0.000838 0.001777 0.000000
vt -0.000419 0.001185 0.000000
vt -0.000838 0.001185 0.000000
vt -0.000419 0.001481 0.000000
vt -0.000838 0.001481 0.000000
vt -0.071980 0.001257 0.000000
vt -0.077580 0.001257 0.000000
vt -0.077580 0.000838 0.000000
vt -0.077580 0.000419 0.000000
vt -0.077580 0.000000 0.000000
vt -0.071980 0.000000 0.000000
vt -0.071980 0.000419 0.000000
vt -0.071980 0.000838 0.000000
vt -0.040200 -0.000800 0.000000
vt -0.040200 -0.003000 0.000000
vt -0.034600 -0.003000 0.000000
vt -0.034600 -0.000800 0.000000
vt -0.086737 0.000000 0.000000
vt -0.084537 0.000000 0.000000
vt -0.084537 0.000419 0.000000
vt -0.084537 0.000838 0.000000
vt -0.084537 0.001257 0.000000
vt -0.086737 0.001257 0.000000
vt -0.086737 0.000838 0.000000
vt -0.086737 0.000419 0.000000
vt -0.000800 -0.003000 0.000000
vt -0.000800 -0.000800 0.000000
vt -0.005200 -0.000800 0.000000
vt -0.005200 -0.003000 0.000000
vt 0.011500 -0.002000 0.000000
vt 0.011500 0.005500 0.000000
vt 0.011387 0.006501 0.000000
vt 0.011054 0.007452 0.000000
vt 0.010518 0.008306 0.000000
vt 0.009806 0.009018 0.000000
vt 0.008952 0.009554 0.000000
vt 0.008001 0.009887 0.000000
vt 0.007000 0.010000 0.000000
vt -0.007000 0.010000 0.000000
vt -0.008001 0.009887 0.000000
vt -0.008952 0.009554 0.000000
vt -0.009806 0.009018 0.000000
vt -0.010518 0.008306 0.000000
vt -0.011054 0.007452 0.000000
vt -0.011387 0.006501 0.000000
vt -0.011500 0.005500 0.000000
vt -0.011500 -0.002000 0.000000
vt -0.012600 -0.002000 0.000000
vt -0.012600 -0.003200 0.000000
vt -0.014900 -0.003200 0.000000
vt -0.014900 -0.009800 0.000000
vt -0.012600 -0.009800 0.000000
vt -0.012600 -0.011200 0.000000
vt -0.014900 -0.011200 0.000000
vt -0.014900 -0.017800 0.000000
vt -0.012600 -0.017800 0.000000
vt -0.012600 -0.019200 0.000000
vt -0.014900 -0.019200 0.000000
vt -0.014900 -0.025800 0.000000
vt -0.012600 -0.025800 0.000000
vt -0.012600 -0.027200 0.000000
vt -0.014900 -0.027200 0.000000
vt -0.014900 -0.033800 0.000000
vt -0.012600 -0.033800 0.000000
vt -0.012600 -0.035020 0.000000
vt -0.012574 -0.035047 0.000000
vt -0.012547 -0.035074 0.000000
vt -0.012520 -0.035100 0.000000
vt -0.011300 -0.035100 0.000000
vt -0.011300 -0.037400 0.000000
vt -0.004700 -0.037400 0.000000
vt -0.004700 -0.035100 0.000000
vt 0.004700 -0.035100 0.000000
vt 0.004700 -0.037400 0.000000
vt 0.011300 -0.037400 0.000000
vt 0.011300 -0.035100 0.000000
vt 0.012520 -0.035100 0.000000
vt 0.012547 -0.035074 0.000000
vt 0.012574 -0.035047 0.000000
vt 0.012600 -0.035020 0.000000
vt 0.012600 -0.033800 0.000000
vt 0.014900 -0.033800 0.000000
vt 0.014900 -0.027200 0.000000
vt 0.012600 -0.027200 0.000000
vt 0.012600 -0.025800 0.000000
vt 0.014900 -0.025800 0.000000
vt 0.014900 -0.019200 0.000000
vt 0.012600 -0.019200 0.000000
vt 0.012600 -0.017800 0.000000
vt 0.014900 -0.017800 0.000000
vt 0.014900 -0.011200 0.000000
vt 0.012600 -0.011200 0.000000
vt 0.012600 -0.009800 0.000000
vt 0.014900 -0.009800 0.000000
vt 0.014900 -0.003200 0.000000
vt 0.012600 -0.003200 0.000000
vt 0.012600 -0.002000 0.000000
vt -0.005500 0.000000 0.000000
vt -0.005362 0.001224 0.000000
vt -0.004955 0.002386 0.000000
vt -0.004300 0.003429 0.000000
vt -0.003429 0.004300 0.000000
vt -0.002386 0.004955 0.000000
vt -0.001224 0.005362 0.000000
vt 0.000000 0.005500 0.000000
vt 0.001224 0.005362 0.000000
vt 0.002386 0.004955 0.000000
vt 0.003429 0.004300 0.000000
vt 0.004300 0.003429 0.000000
vt 0.004955 0.002386 0.000000
vt 0.005362 0.001224 0.000000
vt 0.005500 0.000000 0.000000
vt 0.005362 -0.001224 0.000000
vt 0.004955 -0.002386 0.000000
vt 0.004300 -0.003429 0.000000
vt 0.003429 -0.004300 0.000000
vt 0.002386 -0.004955 0.000000
vt 0.001224 -0.005362 0.000000
vt 0.000000 -0.005500 0.000000
vt -0.001224 -0.005362 0.000000
vt -0.002386 -0.004955 0.000000
vt -0.003429 -0.004300 0.000000
vt -0.004300 -0.003429 0.000000
vt -0.004955 -0.002386 0.000000
vt -0.005362 -0.001224 0.000000
vt -0.010000 -0.018650 0.000000
vt -0.010000 -0.012100 0.000000
vt 0.010000 -0.012100 0.000000
vt 0.010000 -0.018650 0.000000
vt -0.010000 -0.031700 0.000000
vt -0.010000 -0.026100 0.000000
vt -0.009893 -0.025700 0.000000
vt -0.009600 -0.025407 0.000000
vt -0.009200 -0.025300 0.000000
vt -0.004800 -0.025300 0.000000
vt -0.004400 -0.025407 0.000000
vt -0.004107 -0.025700 0.000000
vt -0.004000 -0.026100 0.000000
vt -0.004000 -0.031700 0.000000
vt -0.004107 -0.032100 0.000000
vt -0.004400 -0.032393 0.000000
vt -0.004800 -0.032500 0.000000
vt -0.009200 -0.032500 0.000000
vt -0.009600 -0.032393 0.000000
vt -0.009893 -0.032100 0.000000
vt 0.010000 -0.026100 0.000000
vt 0.010000 -0.031700 0.000000
vt 0.009893 -0.032100 0.000000
vt 0.009600 -0.032393 0.000000
vt 0.009200 -0.032500 0.000000
vt 0.004800 -0.032500 0.000000
vt 0.004400 -0.032393 0.000000
vt 0.004107 -0.032100 0.000000
vt 0.004000 -0.031700 0.000000
vt 0.004000 -0.026100 0.000000
vt 0.004107 -0.025700 0.000000
vt 0.004400 -0.025407 0.000000
vt 0.004800 -0.025300 0.000000
vt 0.009200 -0.025300 0.000000
vt 0.009600 -0.025407 0.000000
vt 0.009893 -0.025700 0.000000
vt 0.013500 -0.005200 0.000000
vt 0.014064 -0.005329 0.000000
vt 0.014516 -0.005689 0.000000
vt 0.014767 -0.006211 0.000000
vt 0.014767 -0.006789 0.000000
vt 0.014516 -0.007311 0.000000
vt 0.014064 -0.007671 0.000000
vt 0.013500 -0.007800 0.000000
vt 0.012936 -0.007671 0.000000
vt 0.012484 -0.007311 0.000000
vt 0.012233 -0.006789 0.000000
vt 0.012233 -0.006211 0.000000
vt 0.012484 -0.005689 0.000000
vt 0.012936 -0.005329 0.000000
vt 0.013500 -0.013200 0.000000
vt 0.014064 -0.013329 0.000000
vt 0.014516 -0.013689 0.000000
vt 0.014767 -0.014211 0.000000
vt 0.014767 -0.014789 0.000000
vt 0.014516 -0.015311 0.000000
vt 0.014064 -0.015671 0.000000
vt 0.013500 -0.015800 0.000000
vt 0.012936 -0.015671 0.000000
vt 0.012484 -0.015311 0.000000
vt 0.012233 -0.014789 0.000000
vt 0.012233 -0.014211 0.000000
vt 0.012484 -0.013689 0.000000
vt 0.012936 -0.013329 0.000000
vt 0.013500 -0.021200 0.000000
vt 0.014064 -0.021329 0.000000
vt 0.014516 -0.021689 0.000000
vt 0.014767 -0.022211 0.000000
vt 0.014767 -0.022789 0.000000
vt 0.014516 -0.023311 0.000000
vt 0.014064 -0.023671 0.000000
vt 0.013500 -0.023800 0.000000
vt 0.012936 -0.023671 0.000000
vt 0.012484 -0.023311 0.000000
vt 0.012233 -0.022789 0.000000
vt 0.012233 -0.022211 0.000000
vt 0.012484 -0.021689 0.000000
vt 0.012936 -0.021329 0.000000
vt 0.013500 -0.029200 0.000000
vt 0.014064 -0.029329 0.000000
vt 0.014516 -0.029689 0.000000
vt 0.014767 -0.030211 0.000000
vt 0.014767 -0.030789 0.000000
vt 0.014516 -0.031311 0.000000
vt 0.014064 -0.031671 0.000000
vt 0.013500 -0.031800 0.000000
vt 0.012936 -0.031671 0.000000
vt 0.012484 -0.031311 0.000000
vt 0.012233 -0.030789 0.000000
vt 0.012233 -0.030211 0.000000
vt 0.012484 -0.029689 0.000000
vt 0.012936 -0.029329 0.000000
vt 0.008000 -0.034700 0.000000
vt 0.008564 -0.034829 0.000000
vt 0.009016 -0.035189 0.000000
vt 0.009267 -0.035711 0.000000
vt 0.009267 -0.036289 0.000000
vt 0.009016 -0.036811 0.000000
vt 0.008564 -0.037171 0.000000
vt 0.008000 -0.037300 0.000000
vt 0.007436 -0.037171 0.000000
vt 0.006984 -0.036811 0.000000
vt 0.006733 -0.036289 0.000000
vt 0.006733 -0.035711 0.000000
vt 0.006984 -0.035189 0.000000
vt 0.007436 -0.034829 0.000000
vt -0.008000 -0.034700 0.000000
vt -0.007436 -0.034829 0.000000
vt -0.006984 -0.035189 0.000000
vt -0.006733 -0.035711 0.000000
vt -0.006733 -0.036289 0.000000
vt -0.006984 -0.036811 0.000000
vt -0.007436 -0.037171 0.000000
vt -0.008000 -0.037300 0.000000
vt -0.008564 -0.037171 0.000000
vt -0.009016 -0.036811 0.000000
vt -0.009267 -0.036289 0.000000
vt -0.009267 -0.035711 0.000000
vt -0.009016 -0.035189 0.000000
vt -0.008564 -0.034829 0.000000
vt -0.013500 -0.031800 0.000000
vt -0.014064 -0.031671 0.000000
vt -0.014516 -0.031311 0.000000
vt -0.014767 -0.030789 0.000000
vt -0.014767 -0.030211 0.000000
vt -0.014516 -0.029689 0.000000
vt -0.014064 -0.029329 0.000000
vt -0.013500 -0.029200 0.000000
vt -0.012936 -0.029329 0.000000
vt -0.012484 -0.029689 0.000000
vt -0.012233 -0.030211 0.000000
vt -0.012233 -0.030789 0.000000
vt -0.012484 -0.031311 0.000000
vt -0.012936 -0.031671 0.000000
vt -0.013500 -0.023800 0.000000
vt -0.014064 -0.023671 0.000000
vt -0.014516 -0.023311 0.000000
vt -0.014767 -0.022789 0.000000
vt -0.014767 -0.022211 0.000000
vt -0.014516 -0.021689 0.000000
vt -0.014064 -0.021329 0.000000
vt -0.013500 -0.021200 0.000000
vt -0.012936 -0.021329 0.000000
vt -0.012484 -0.021689 0.000000
vt -0.012233 -0.022211 0.000000
vt -0.012233 -0.022789 0.000000
vt -0.012484 -0.023311 0.000000
vt -0.012936 -0.023671 0.000000
vt -0.013500 -0.015800 0.000000
vt -0.014064 -0.015671 0.000000
vt -0.014516 -0.015311 0.000000
vt -0.014767 -0.014789 0.000000
vt -0.014767 -0.014211 0.000000
vt -0.014516 -0.013689 0.000000
vt -0.014064 -0.013329 0.000000
vt -0.013500 -0.013200 0.000000
vt -0.012936 -0.013329 0.000000
vt -0.012484 -0.013689 0.000000
vt -0.012233 -0.014211 0.000000
vt -0.012233 -0.014789 0.000000
vt -0.012484 -0.015311 0.000000
vt -0.012936 -0.015671 0.000000
vt -0.013500 -0.007800 0.000000
vt -0.014064 -0.007671 0.000000
vt -0.014516 -0.007311 0.000000
vt -0.014767 -0.006789 0.000000
vt -0.014767 -0.006211 0.000000
vt -0.014516 -0.005689 0.000000
vt -0.014064 -0.005329 0.000000
vt -0.013500 -0.005200 0.000000
vt -0.012936 -0.005329 0.000000
vt -0.012484 -0.005689 0.000000
vt -0.012233 -0.006211 0.000000
vt -0.012233 -0.006789 0.000000
vt -0.012484 -0.007311 0.000000
vt -0.012936 -0.007671 0.000000
vt 0.008000 -0.020950 0.000000
vt 0.008488 -0.021070 0.000000
vt 0.008864 -0.021404 0.000000
vt 0.009042 -0.021873 0.000000
vt 0.008982 -0.022372 0.000000
vt 0.008696 -0.022786 0.000000
vt 0.008251 -0.023019 0.000000
vt 0.007749 -0.023019 0.000000
vt 0.007304 -0.022786 0.000000
vt 0.007018 -0.022372 0.000000
vt 0.006958 -0.021873 0.000000
vt 0.007136 -0.021404 0.000000
vt 0.007512 -0.021070 0.000000
vt -0.008000 -0.020950 0.000000
vt -0.007512 -0.021070 0.000000
vt -0.007136 -0.021404 0.000000
vt -0.006958 -0.021873 0.000000
vt -0.007018 -0.022372 0.000000
vt -0.007304 -0.022786 0.000000
vt -0.007749 -0.023019 0.000000
vt -0.008251 -0.023019 0.000000
vt -0.008696 -0.022786 0.000000
vt -0.008982 -0.022372 0.000000
vt -0.009042 -0.021873 0.000000
vt -0.008864 -0.021404 0.000000
vt -0.008488 -0.021070 0.000000
vt 0.008000 -0.004950 0.000000
vt 0.008488 -0.005070 0.000000
vt 0.008864 -0.005404 0.000000
vt 0.009042 -0.005873 0.000000
vt 0.008982 -0.006372 0.000000
vt 0.008696 -0.006786 0.000000
vt 0.008251 -0.007019 0.000000
vt 0.007749 -0.007019 0.000000
vt 0.007304 -0.006786 0.000000
vt 0.007018 -0.006372 0.000000
vt 0.006958 -0.005873 0.000000
vt 0.007136 -0.005404 0.000000
vt 0.007512 -0.005070 0.000000
vt -0.008000 -0.004950 0.000000
vt -0.007512 -0.005070 0.000000
vt -0.007136 -0.005404 0.000000
vt -0.006958 -0.005873 0.000000
vt -0.007018 -0.006372 0.000000
vt -0.007304 -0.006786 0.000000
vt -0.007749 -0.007019 0.000000
vt -0.008251 -0.007019 0.000000
vt -0.008696 -0.006786 0.000000
vt -0.008982 -0.006372 0.000000
vt -0.009042 -0.005873 0.000000
vt -0.008864 -0.005404 0.000000
vt -0.008488 -0.005070 0.000000
vt 0.006263 0.008820 0.000000
vt 0.006751 0.008699 0.000000
vt 0.007127 0.008366 0.000000
vt 0.007305 0.007896 0.000000
vt 0.007245 0.007397 0.000000
vt 0.006959 0.006984 0.000000
vt 0.006514 0.006750 0.000000
vt 0.006012 0.006750 0.000000
vt 0.005567 0.006984 0.000000
vt 0.005281 0.007397 0.000000
vt 0.005221 0.007896 0.000000
vt 0.005399 0.008366 0.000000
vt 0.005775 0.008699 0.000000
vt -0.006263 0.008820 0.000000
vt -0.005775 0.008699 0.000000
vt -0.005399 0.008366 0.000000
vt -0.005221 0.007896 0.000000
vt -0.005281 0.007397 0.000000
vt -0.005567 0.006984 0.000000
vt -0.006012 0.006750 0.000000
vt -0.006514 0.006750 0.000000
vt -0.006959 0.006984 0.000000
vt -0.007245 0.007397 0.000000
vt -0.007305 0.007896 0.000000
vt -0.007127 0.008366 0.000000
vt -0.006751 0.008699 0.000000
vt -0.006211 0.002356 0.000000
vt -0.013711 0.002356 0.000000
vt -0.013711 0.001767 0.000000
vt -0.013711 0.001178 0.000000
vt -0.013711 0.000589 0.000000
vt -0.013711 0.000000 0.000000
vt -0.006211 0.000000 0.000000
vt -0.006211 0.000589 0.000000
vt -0.006211 0.001178 0.000000
vt -0.006211 0.001767 0.000000
vt -0.000000 -0.008831 0.000000
vt -0.000000 -0.007739 0.000000
vt -0.000000 -0.006648 0.000000
vt -0.000000 -0.005556 0.000000
vt -0.000000 -0.004464 0.000000
vt -0.000000 -0.003372 0.000000
vt -0.000000 -0.002280 0.000000
vt -0.000000 -0.001188 0.000000
vt -0.000000 -0.000097 0.000000
vt -0.000589 -0.000097 0.000000
vt -0.001178 -0.000097 0.000000
vt -0.001767 -0.000097 0.000000
vt -0.002356 -0.000097 0.000000
vt -0.002356 -0.001344 0.000000
vt -0.002356 -0.002592 0.000000
vt -0.002356 -0.003840 0.000000
vt -0.002356 -0.005088 0.000000
vt -0.002356 -0.006336 0.000000
vt -0.002356 -0.007583 0.000000
vt -0.002356 -0.008831 0.000000
vt -0.001767 -0.008831 0.000000
vt -0.001178 -0.008831 0.000000
vt -0.000589 -0.008831 0.000000
vt -0.000589 -0.007739 0.000000
vt -0.001178 -0.007739 0.000000
vt -0.001767 -0.007739 0.000000
vt -0.000589 -0.006648 0.000000
vt -0.001178 -0.006648 0.000000
vt -0.001767 -0.006648 0.000000
vt -0.000589 -0.005556 0.000000
vt -0.001178 -0.005556 0.000000
vt -0.001767 -0.005556 0.000000
vt -0.000589 -0.004464 0.000000
vt -0.001178 -0.004464 0.000000
vt -0.001767 -0.004464 0.000000
vt -0.000589 -0.003372 0.000000
vt -0.001178 -0.003372 0.000000
vt -0.001767 -0.003372 0.000000
vt -0.000589 -0.002280 0.000000
vt -0.001178 -0.002280 0.000000
vt -0.001767 -0.002280 0.000000
vt -0.000589 -0.001188 0.000000
vt -0.001178 -0.001188 0.000000
vt -0.001767 -0.001188 0.000000
vt -0.030128 0.000000 0.000000
vt -0.030128 0.001178 0.000000
vt -0.030128 0.002356 0.000000
vt -0.030128 0.003534 0.000000
vt -0.030128 0.004712 0.000000
vt -0.030128 0.005890 0.000000
vt -0.030128 0.007069 0.000000
vt -0.030128 0.008247 0.000000
vt -0.030128 0.009425 0.000000
vt -0.033603 0.009425 0.000000
vt -0.033603 0.008247 0.000000
vt -0.033603 0.007069 0.000000
vt -0.033603 0.005890 0.000000
vt -0.033603 0.004712 0.000000
vt -0.033603 0.003534 0.000000
vt -0.033603 0.002356 0.000000
vt -0.033603 0.001178 0.000000
vt -0.033603 0.000000 0.000000
vt -0.026000 0.007500 0.000000
vt -0.026000 0.000000 0.000000
vt -0.025700 0.000000 0.000000
vt -0.025700 0.007500 0.000000
vt -0.025590 0.008612 0.000000
vt -0.025266 0.009681 0.000000
vt -0.024739 0.010667 0.000000
vt -0.024031 0.011531 0.000000
vt -0.023167 0.012239 0.000000
vt -0.022181 0.012766 0.000000
vt -0.021112 0.013090 0.000000
vt -0.020000 0.013200 0.000000
vt -0.006000 0.013200 0.000000
vt -0.004888 0.013090 0.000000
vt -0.003819 0.012766 0.000000
vt -0.002833 0.012239 0.000000
vt -0.001969 0.011531 0.000000
vt -0.001261 0.010667 0.000000
vt -0.000734 0.009681 0.000000
vt -0.000410 0.008612 0.000000
vt -0.000300 0.007500 0.000000
vt -0.000300 0.000000 0.000000
vt -0.000000 0.000000 0.000000
vt -0.000000 0.007500 0.000000
vt -0.000115 0.008671 0.000000
vt -0.000457 0.009796 0.000000
vt -0.001011 0.010833 0.000000
vt -0.001757 0.011743 0.000000
vt -0.002667 0.012489 0.000000
vt -0.003704 0.013043 0.000000
vt -0.004829 0.013385 0.000000
vt -0.006000 0.013500 0.000000
vt -0.020000 0.013500 0.000000
vt -0.021171 0.013385 0.000000
vt -0.022296 0.013043 0.000000
vt -0.023333 0.012489 0.000000
vt -0.024243 0.011743 0.000000
vt -0.024989 0.010833 0.000000
vt -0.025543 0.009796 0.000000
vt -0.025885 0.008671 0.000000
vt 0.013500 0.007975 0.000000
vt 0.006000 0.007975 0.000000
vt 0.006000 0.004500 0.000000
vt 0.013500 0.004500 0.000000
vt 0.003000 0.027000 0.000000
vt 0.003000 0.026975 0.000000
vt 0.003300 0.026975 0.000000
vt 0.003300 0.027025 0.000000
vt 0.003000 0.027025 0.000000
vt 0.003000 0.030500 0.000000
vt 0.003114 0.031074 0.000000
vt 0.003439 0.031561 0.000000
vt 0.003926 0.031886 0.000000
vt 0.004500 0.032000 0.000000
vt 0.003400 0.032000 0.000000
vt 0.001500 0.030100 0.000000
vt 0.001500 0.027000 0.000000
vt 0.042980 0.008000 0.000000
vt 0.045500 0.008000 0.000000
vt 0.045500 0.030000 0.000000
vt 0.042980 0.030000 0.000000
vt 0.041020 0.030000 0.000000
vt 0.034980 0.030000 0.000000
vt 0.033020 0.030000 0.000000
vt 0.026980 0.030000 0.000000
vt 0.025020 0.030000 0.000000
vt 0.018980 0.030000 0.000000
vt 0.017020 0.030000 0.000000
vt 0.013500 0.030000 0.000000
vt 0.013500 0.029975 0.000000
vt 0.006000 0.029975 0.000000
vt 0.006000 0.008025 0.000000
vt 0.013500 0.008025 0.000000
vt 0.013500 0.008000 0.000000
vt 0.017020 0.008000 0.000000
vt 0.018980 0.008000 0.000000
vt 0.025020 0.008000 0.000000
vt 0.026980 0.008000 0.000000
vt 0.033020 0.008000 0.000000
vt 0.034980 0.008000 0.000000
vt 0.041020 0.008000 0.000000
vt 0.014900 0.032475 0.000000
vt 0.016000 0.032475 0.000000
vt 0.016000 0.033800 0.000000
vt 0.014500 0.033800 0.000000
vt 0.014500 0.035000 0.000000
vt 0.012618 0.035000 0.000000
vt 0.012826 0.034701 0.000000
vt 0.012956 0.034361 0.000000
vt 0.013000 0.034000 0.000000
vt 0.013000 0.031480 0.000000
vt -0.002186 0.003000 0.000000
vt -0.002186 0.000000 0.000000
vt -0.001086 0.000000 0.000000
vt -0.001086 0.003000 0.000000
vt -0.000000 0.000000 0.000000
vt -0.000000 0.003000 0.000000
vt -0.002145 0.003000 0.000000
vt -0.002157 0.003000 0.000000
vt -0.002157 0.000000 0.000000
vt 0.028525 -0.014900 0.000000
vt 0.028525 -0.016000 0.000000
vt 0.032475 -0.016000 0.000000
vt 0.032475 -0.014900 0.000000
vt 0.031474 -0.012990 0.000000
vt 0.031600 -0.013471 0.000000
vt 0.031500 -0.013959 0.000000
vt 0.031195 -0.014352 0.000000
vt 0.030749 -0.014571 0.000000
vt 0.030251 -0.014571 0.000000
vt 0.029805 -0.014352 0.000000
vt 0.029500 -0.013959 0.000000
vt 0.029400 -0.013471 0.000000
vt 0.029526 -0.012990 0.000000
vt -0.000000 0.000000 0.000000
vt -0.000000 0.003000 0.000000
vt -0.001100 0.003000 0.000000
vt -0.001100 0.000000 0.000000
vt -0.002157 0.003000 0.000000
vt -0.002157 0.000000 0.000000
vt -0.000000 0.000000 0.000000
vt -0.000000 0.003000 0.000000
vt -0.000012 0.003000 0.000000
vt 0.014900 0.024475 0.000000
vt 0.016000 0.024475 0.000000
vt 0.016000 0.025800 0.000000
vt 0.014500 0.025800 0.000000
vt 0.014500 0.027200 0.000000
vt 0.016000 0.027200 0.000000
vt 0.016000 0.028525 0.000000
vt 0.014900 0.028525 0.000000
vt 0.013000 0.029520 0.000000
vt 0.013000 0.023480 0.000000
vt -0.002186 0.003000 0.000000
vt -0.002186 0.000000 0.000000
vt -0.001086 0.000000 0.000000
vt -0.001086 0.003000 0.000000
vt -0.000000 0.000000 0.000000
vt -0.000000 0.003000 0.000000
vt -0.002145 0.003000 0.000000
vt -0.002157 0.003000 0.000000
vt -0.002157 0.000000 0.000000
vt 0.020525 -0.014900 0.000000
vt 0.020525 -0.016000 0.000000
vt 0.024475 -0.016000 0.000000
vt 0.024475 -0.014900 0.000000
vt 0.023474 -0.012990 0.000000
vt 0.023600 -0.013471 0.000000
vt 0.023500 -0.013959 0.000000
vt 0.023195 -0.014352 0.000000
vt 0.022749 -0.014571 0.000000
vt 0.022251 -0.014571 0.000000
vt 0.021805 -0.014352 0.000000
vt 0.021500 -0.013959 0.000000
vt 0.021400 -0.013471 0.000000
vt 0.021526 -0.012990 0.000000
vt -0.000000 0.000000 0.000000
vt -0.000000 0.003000 0.000000
vt -0.001100 0.003000 0.000000
vt -0.001100 0.000000 0.000000
vt -0.002157 0.003000 0.000000
vt -0.002157 0.000000 0.000000
vt -0.000000 0.000000 0.000000
vt -0.000000 0.003000 0.000000
vt -0.000012 0.003000 0.000000
vt 0.014900 0.016475 0.000000
vt 0.016000 0.016475 0.000000
vt 0.016000 0.017800 0.000000
vt 0.014500 0.017800 0.000000
vt 0.014500 0.019200 0.000000
vt 0.016000 0.019200 0.000000
vt 0.016000 0.020525 0.000000
vt 0.014900 0.020525 0.000000
vt 0.013000 0.021520 0.000000
vt 0.013000 0.015480 0.000000
vt -0.002390 0.003000 0.000000
vt -0.002390 0.000000 0.000000
vt -0.001290 0.000000 0.000000
vt -0.001290 0.003000 0.000000
vt -0.000000 0.000000 0.000000
vt -0.000000 0.003000 0.000000
vt -0.002145 0.003000 0.000000
vt -0.002157 0.003000 0.000000
vt -0.002157 0.000000 0.000000
vt 0.012525 -0.014900 0.000000
vt 0.012525 -0.016000 0.000000
vt 0.016475 -0.016000 0.000000
vt 0.016475 -0.014900 0.000000
vt 0.015474 -0.012990 0.000000
vt 0.015600 -0.013471 0.000000
vt 0.015500 -0.013959 0.000000
vt 0.015195 -0.014352 0.000000
vt 0.014749 -0.014571 0.000000
vt 0.014251 -0.014571 0.000000
vt 0.013805 -0.014352 0.000000
vt 0.013500 -0.013959 0.000000
vt 0.013400 -0.013471 0.000000
vt 0.013526 -0.012990 0.000000
vt -0.000000 0.000000 0.000000
vt -0.000000 0.003000 0.000000
vt -0.001100 0.003000 0.000000
vt -0.001100 0.000000 0.000000
vt -0.002157 0.003000 0.000000
vt -0.002157 0.000000 0.000000
vt -0.000000 0.000000 0.000000
vt -0.000000 0.003000 0.000000
vt -0.000012 0.003000 0.000000
vt 0.014900 0.008475 0.000000
vt 0.016000 0.008475 0.000000
vt 0.016000 0.009800 0.000000
vt 0.014500 0.009800 0.000000
vt 0.014500 0.011200 0.000000
vt 0.016000 0.011200 0.000000
vt 0.016000 0.012525 0.000000
vt 0.014900 0.012525 0.000000
vt 0.013000 0.013520 0.000000
vt 0.013000 0.007480 0.000000
vt -0.001563 0.003000 0.000000
vt -0.001563 0.000000 0.000000
vt -0.000463 0.000000 0.000000
vt -0.000463 0.003000 0.000000
vt -0.000000 0.000000 0.000000
vt -0.000000 0.003000 0.000000
vt -0.002145 0.003000 0.000000
vt -0.002157 0.003000 0.000000
vt -0.002157 0.000000 0.000000
vt 0.008475 -0.014900 0.000000
vt 0.007474 -0.012990 0.000000
vt 0.007600 -0.013471 0.000000
vt 0.007500 -0.013959 0.000000
vt 0.007195 -0.014352 0.000000
vt 0.006749 -0.014571 0.000000
vt 0.006251 -0.014571 0.000000
vt 0.005805 -0.014352 0.000000
vt 0.005500 -0.013959 0.000000
vt 0.005400 -0.013471 0.000000
vt 0.005526 -0.012990 0.000000
vt 0.004525 -0.014900 0.000000
vt 0.004525 -0.016000 0.000000
vt 0.008475 -0.016000 0.000000
vt 0.006475 0.002000 0.000000
vt 0.002525 0.002000 0.000000
vt 0.002525 0.005000 0.000000
vt 0.001200 0.005000 0.000000
vt 0.001200 0.001100 0.000000
vt 0.007800 0.001100 0.000000
vt 0.007800 0.005000 0.000000
vt 0.006475 0.005000 0.000000
vt -0.000400 -0.032000 0.000000
vt 0.001900 -0.032000 0.000000
vt -0.000000 -0.030100 0.000000
vt -0.000000 -0.027000 0.000000
vt -0.001500 -0.027000 0.000000
vt -0.001500 -0.030900 0.000000
vt 0.000000 0.000000 0.000000
vt 0.006600 0.000000 0.000000
vt 0.006600 0.001556 0.000000
vt 0.000000 0.001556 0.000000
vt -0.003400 -0.032000 0.000000
vt -0.001100 -0.032000 0.000000
vt -0.000000 -0.030900 0.000000
vt -0.000000 -0.027000 0.000000
vt -0.001500 -0.027000 0.000000
vt -0.001500 -0.030100 0.000000
vt -0.000000 0.000000 0.000000
vt -0.002687 0.000000 0.000000
vt -0.002687 -0.001200 0.000000
vt -0.000000 -0.001200 0.000000
vt -0.001200 -0.030100 0.000000
vt -0.000000 -0.030100 0.000000
vt -0.000000 -0.027000 0.000000
vt -0.001200 -0.027000 0.000000
vt 0.016000 0.004525 0.000000
vt 0.014900 0.004525 0.000000
vt 0.013000 0.005520 0.000000
vt 0.013000 0.002000 0.000000
vt 0.014500 0.002000 0.000000
vt 0.014500 0.003200 0.000000
vt 0.016000 0.003200 0.000000
vt -0.000000 0.000000 0.000000
vt -0.000000 0.003000 0.000000
vt -0.001100 0.003000 0.000000
vt -0.001100 0.000000 0.000000
vt -0.002157 0.003000 0.000000
vt -0.002157 0.000000 0.000000
vt -0.000000 0.000000 0.000000
vt -0.000000 0.003000 0.000000
vt -0.000012 0.003000 0.000000
vt 0.007474 0.012990 0.000000
vt 0.007480 0.013000 0.000000
vt 0.005520 0.013000 0.000000
vt 0.005526 0.012990 0.000000
vt 0.005832 0.012626 0.000000
vt 0.006262 0.012426 0.000000
vt 0.006738 0.012426 0.000000
vt 0.007168 0.012626 0.000000
vt -0.000200 -0.003456 0.000000
vt -0.000200 -0.002924 0.000000
vt -0.000200 -0.002392 0.000000
vt -0.000200 -0.001861 0.000000
vt -0.000200 -0.001329 0.000000
vt -0.000200 -0.000797 0.000000
vt -0.000200 -0.000266 0.000000
vt -0.000200 0.000266 0.000000
vt -0.000200 0.000797 0.000000
vt -0.000200 0.001329 0.000000
vt -0.000200 0.001861 0.000000
vt -0.000200 0.002392 0.000000
vt -0.000200 0.002924 0.000000
vt -0.002000 -0.002925 0.000000
vt -0.002000 0.003485 0.000000
vt -0.002000 0.002983 0.000000
vt -0.002000 0.002481 0.000000
vt -0.002000 0.001979 0.000000
vt -0.002000 0.001477 0.000000
vt -0.002000 0.000975 0.000000
vt -0.002000 0.000473 0.000000
vt -0.002000 -0.000029 0.000000
vt -0.002000 -0.000531 0.000000
vt -0.005000 -0.000531 0.000000
vt -0.005000 -0.001010 0.000000
vt -0.005000 -0.001488 0.000000
vt -0.005000 -0.001967 0.000000
vt -0.005000 -0.002446 0.000000
vt -0.005000 -0.002925 0.000000
vt -0.002000 -0.003427 0.000000
vt -0.000200 0.003456 0.000000
vt -0.000200 0.003456 0.000000
vt -0.002000 -0.003427 0.000000
vt 0.000141 -0.003770 0.000000
vt 0.000141 -0.003231 0.000000
vt 0.000141 -0.002693 0.000000
vt 0.000141 -0.002154 0.000000
vt 0.000141 -0.001616 0.000000
vt 0.000141 -0.001077 0.000000
vt 0.000141 -0.000539 0.000000
vt 0.000141 0.000000 0.000000
vt 0.000141 0.000539 0.000000
vt 0.000141 0.001077 0.000000
vt 0.000141 0.001616 0.000000
vt 0.000141 0.002154 0.000000
vt 0.000141 0.002693 0.000000
vt 0.000141 0.003231 0.000000
vt -0.000141 0.003770 0.000000
vt -0.000141 0.003190 0.000000
vt -0.000141 0.002610 0.000000
vt -0.000141 0.002030 0.000000
vt -0.000141 0.001450 0.000000
vt -0.000141 0.000870 0.000000
vt -0.000141 0.000290 0.000000
vt -0.000141 -0.000290 0.000000
vt -0.000141 -0.000870 0.000000
vt -0.000141 -0.001450 0.000000
vt -0.000141 -0.002030 0.000000
vt -0.000141 -0.002610 0.000000
vt -0.000141 -0.003190 0.000000
vt 0.000141 0.003770 0.000000
vt -0.000141 -0.003770 0.000000
vt -0.000141 -0.003770 0.000000
vt -0.001400 -0.030100 0.000000
vt -0.000000 -0.030100 0.000000
vt -0.000000 -0.027000 0.000000
vt -0.001400 -0.027000 0.000000
vt -0.001400 0.000000 0.000000
vt -0.000000 0.000000 0.000000
vt -0.000000 0.002687 0.000000
vt -0.001400 0.002687 0.000000
vt -0.003400 -0.032000 0.000000
vt -0.001100 -0.032000 0.000000
vt -0.000000 -0.030900 0.000000
vt -0.000000 -0.027000 0.000000
vt -0.001500 -0.027000 0.000000
vt -0.001500 -0.030100 0.000000
vt 0.014475 0.002000 0.000000
vt 0.010525 0.002000 0.000000
vt 0.010525 0.005000 0.000000
vt 0.009200 0.005000 0.000000
vt 0.009200 0.001100 0.000000
vt 0.015800 0.001100 0.000000
vt 0.015800 0.005000 0.000000
vt 0.014475 0.005000 0.000000
vt -0.000400 -0.032000 0.000000
vt 0.001900 -0.032000 0.000000
vt -0.000000 -0.030100 0.000000
vt -0.000000 -0.027000 0.000000
vt -0.001500 -0.027000 0.000000
vt -0.001500 -0.030900 0.000000
vt 0.000000 0.000000 0.000000
vt 0.006600 0.000000 0.000000
vt 0.006600 0.001556 0.000000
vt 0.000000 0.001556 0.000000
vt -0.001400 -0.030100 0.000000
vt -0.000000 -0.030100 0.000000
vt -0.000000 -0.027000 0.000000
vt -0.001400 -0.027000 0.000000
vt -0.001400 0.000000 0.000000
vt -0.000000 0.000000 0.000000
vt -0.000000 0.002687 0.000000
vt -0.001400 0.002687 0.000000
vt -0.003400 -0.032000 0.000000
vt -0.001100 -0.032000 0.000000
vt -0.000000 -0.030900 0.000000
vt -0.000000 -0.027000 0.000000
vt -0.001500 -0.027000 0.000000
vt -0.001500 -0.030100 0.000000
vt 0.022475 0.002000 0.000000
vt 0.018525 0.002000 0.000000
vt 0.018525 0.005000 0.000000
vt 0.017200 0.005000 0.000000
vt 0.017200 0.001100 0.000000
vt 0.023800 0.001100 0.000000
vt 0.023800 0.005000 0.000000
vt 0.022475 0.005000 0.000000
vt -0.000400 -0.032000 0.000000
vt 0.001900 -0.032000 0.000000
vt -0.000000 -0.030100 0.000000
vt -0.000000 -0.027000 0.000000
vt -0.001500 -0.027000 0.000000
vt -0.001500 -0.030900 0.000000
vt 0.000000 0.000000 0.000000
vt 0.006600 0.000000 0.000000
vt 0.006600 0.001556 0.000000
vt 0.000000 0.001556 0.000000
vt -0.001400 -0.030100 0.000000
vt -0.000000 -0.030100 0.000000
vt -0.000000 -0.027000 0.000000
vt -0.001400 -0.027000 0.000000
vt -0.001400 0.000000 0.000000
vt -0.000000 0.000000 0.000000
vt -0.000000 0.002687 0.000000
vt -0.001400 0.002687 0.000000
vt -0.003400 -0.032000 0.000000
vt -0.001100 -0.032000 0.000000
vt -0.000000 -0.030900 0.000000
vt -0.000000 -0.027000 0.000000
vt -0.001500 -0.027000 0.000000
vt -0.001500 -0.030100 0.000000
vt 0.030475 0.002000 0.000000
vt 0.026525 0.002000 0.000000
vt 0.026525 0.005000 0.000000
vt 0.025200 0.005000 0.000000
vt 0.025200 0.001100 0.000000
vt 0.031800 0.001100 0.000000
vt 0.031800 0.005000 0.000000
vt 0.030475 0.005000 0.000000
vt -0.000400 -0.032000 0.000000
vt 0.001900 -0.032000 0.000000
vt -0.000000 -0.030100 0.000000
vt -0.000000 -0.027000 0.000000
vt -0.001500 -0.027000 0.000000
vt -0.001500 -0.030900 0.000000
vt 0.000000 0.000000 0.000000
vt 0.006600 0.000000 0.000000
vt 0.006600 0.001556 0.000000
vt 0.000000 0.001556 0.000000
vt -0.001200 -0.030100 0.000000
vt -0.000000 -0.030100 0.000000
vt -0.000000 -0.027000 0.000000
vt -0.001200 -0.027000 0.000000
vt -0.001220 0.000000 0.000000
vt -0.000000 0.000000 0.000000
vt -0.000020 0.000026 0.000000
vt -0.000020 0.002687 0.000000
vt -0.001220 0.002687 0.000000
vt 0.001500 0.005000 0.000000
vt 0.001500 0.001900 0.000000
vt 0.003382 0.000018 0.000000
vt 0.003382 0.005000 0.000000
vt -0.005110 0.002356 0.000000
vt -0.027110 0.002356 0.000000
vt -0.027110 0.001991 0.000000
vt -0.027110 0.001626 0.000000
vt -0.027110 0.001262 0.000000
vt -0.032092 0.001262 0.000000
vt -0.032110 0.001235 0.000000
vt -0.032110 0.001197 0.000000
vt -0.032110 0.001159 0.000000
vt -0.032110 0.001121 0.000000
vt -0.032092 0.001095 0.000000
vt -0.027110 0.001095 0.000000
vt -0.027110 0.000730 0.000000
vt -0.027110 0.000365 0.000000
vt -0.027110 0.000000 0.000000
vt -0.005110 0.000000 0.000000
vt -0.005110 0.000365 0.000000
vt -0.005110 0.000730 0.000000
vt -0.005110 0.001095 0.000000
vt -0.000128 0.001095 0.000000
vt -0.000110 0.001121 0.000000
vt -0.000110 0.001159 0.000000
vt -0.000110 0.001197 0.000000
vt -0.000110 0.001235 0.000000
vt -0.000128 0.001262 0.000000
vt -0.005110 0.001262 0.000000
vt -0.005110 0.001626 0.000000
vt -0.005110 0.001991 0.000000
vt -0.016000 0.032475 0.000000
vt -0.014900 0.032475 0.000000
vt -0.013000 0.031480 0.000000
vt -0.013000 0.034000 0.000000
vt -0.012956 0.034361 0.000000
vt -0.012826 0.034701 0.000000
vt -0.012618 0.035000 0.000000
vt -0.014500 0.035000 0.000000
vt -0.014500 0.033800 0.000000
vt -0.016000 0.033800 0.000000
vt 0.002186 0.000000 0.000000
vt 0.002186 0.003000 0.000000
vt 0.001086 0.003000 0.000000
vt 0.001086 0.000000 0.000000
vt 0.000000 0.003000 0.000000
vt 0.000000 0.000000 0.000000
vt 0.002157 0.000000 0.000000
vt 0.002157 0.003000 0.000000
vt 0.002145 0.003000 0.000000
vt -0.031480 0.013000 0.000000
vt -0.031474 0.012990 0.000000
vt -0.031168 0.012626 0.000000
vt -0.030738 0.012426 0.000000
vt -0.030262 0.012426 0.000000
vt -0.029832 0.012626 0.000000
vt -0.029526 0.012990 0.000000
vt -0.029520 0.013000 0.000000
vt 0.002157 0.000000 0.000000
vt 0.002157 0.003000 0.000000
vt 0.000012 0.003000 0.000000
vt 0.000000 0.003000 0.000000
vt 0.000000 0.000000 0.000000
vt 0.000000 0.003000 0.000000
vt 0.000000 0.000000 0.000000
vt 0.001100 0.000000 0.000000
vt 0.001100 0.003000 0.000000
vt -0.016000 0.024475 0.000000
vt -0.014900 0.024475 0.000000
vt -0.013000 0.023480 0.000000
vt -0.013000 0.029520 0.000000
vt -0.014900 0.028525 0.000000
vt -0.016000 0.028525 0.000000
vt -0.016000 0.027200 0.000000
vt -0.014500 0.027200 0.000000
vt -0.014500 0.025800 0.000000
vt -0.016000 0.025800 0.000000
vt 0.002186 0.000000 0.000000
vt 0.002186 0.003000 0.000000
vt 0.001086 0.003000 0.000000
vt 0.001086 0.000000 0.000000
vt 0.000000 0.003000 0.000000
vt 0.000000 0.000000 0.000000
vt 0.002157 0.000000 0.000000
vt 0.002157 0.003000 0.000000
vt 0.002145 0.003000 0.000000
vt -0.023480 0.013000 0.000000
vt -0.023474 0.012990 0.000000
vt -0.023168 0.012626 0.000000
vt -0.022738 0.012426 0.000000
vt -0.022262 0.012426 0.000000
vt -0.021832 0.012626 0.000000
vt -0.021526 0.012990 0.000000
vt -0.021520 0.013000 0.000000
vt 0.002157 0.000000 0.000000
vt 0.002157 0.003000 0.000000
vt 0.000012 0.003000 0.000000
vt 0.000000 0.003000 0.000000
vt 0.000000 0.000000 0.000000
vt 0.000000 0.003000 0.000000
vt 0.000000 0.000000 0.000000
vt 0.001100 0.000000 0.000000
vt 0.001100 0.003000 0.000000
vt -0.016000 0.016475 0.000000
vt -0.014900 0.016475 0.000000
vt -0.013000 0.015480 0.000000
vt -0.013000 0.021520 0.000000
vt -0.014900 0.020525 0.000000
vt -0.016000 0.020525 0.000000
vt -0.016000 0.019200 0.000000
vt -0.014500 0.019200 0.000000
vt -0.014500 0.017800 0.000000
vt -0.016000 0.017800 0.000000
vt 0.002390 0.000000 0.000000
vt 0.002390 0.003000 0.000000
vt 0.001290 0.003000 0.000000
vt 0.001290 0.000000 0.000000
vt 0.000000 0.003000 0.000000
vt 0.000000 0.000000 0.000000
vt 0.002157 0.000000 0.000000
vt 0.002157 0.003000 0.000000
vt 0.002145 0.003000 0.000000
vt -0.015480 0.013000 0.000000
vt -0.015474 0.012990 0.000000
vt -0.015168 0.012626 0.000000
vt -0.014738 0.012426 0.000000
vt -0.014262 0.012426 0.000000
vt -0.013832 0.012626 0.000000
vt -0.013526 0.012990 0.000000
vt -0.013520 0.013000 0.000000
vt 0.002157 0.000000 0.000000
vt 0.002157 0.003000 0.000000
vt 0.000012 0.003000 0.000000
vt 0.000000 0.003000 0.000000
vt 0.000000 0.000000 0.000000
vt 0.000000 0.003000 0.000000
vt 0.000000 0.000000 0.000000
vt 0.001100 0.000000 0.000000
vt 0.001100 0.003000 0.000000
vt -0.016000 0.008475 0.000000
vt -0.014900 0.008475 0.000000
vt -0.013000 0.007480 0.000000
vt -0.013000 0.013520 0.000000
vt -0.014900 0.012525 0.000000
vt -0.016000 0.012525 0.000000
vt -0.016000 0.011200 0.000000
vt -0.014500 0.011200 0.000000
vt -0.014500 0.009800 0.000000
vt -0.016000 0.009800 0.000000
vt 0.001563 0.000000 0.000000
vt 0.001563 0.003000 0.000000
vt 0.000463 0.003000 0.000000
vt 0.000463 0.000000 0.000000
vt 0.000000 0.003000 0.000000
vt 0.000000 0.000000 0.000000
vt 0.002157 0.000000 0.000000
vt 0.002157 0.003000 0.000000
vt 0.002145 0.003000 0.000000
vt -0.007480 0.013000 0.000000
vt -0.007474 0.012990 0.000000
vt -0.007168 0.012626 0.000000
vt -0.006738 0.012426 0.000000
vt -0.006262 0.012426 0.000000
vt -0.005832 0.012626 0.000000
vt -0.005526 0.012990 0.000000
vt -0.005520 0.013000 0.000000
vt 0.002157 0.000000 0.000000
vt 0.002157 0.003000 0.000000
vt 0.000012 0.003000 0.000000
vt 0.000000 0.003000 0.000000
vt 0.000000 0.000000 0.000000
vt 0.000000 0.003000 0.000000
vt 0.000000 0.000000 0.000000
vt 0.001100 0.000000 0.000000
vt 0.001100 0.003000 0.000000
vt -0.014900 0.004525 0.000000
vt -0.016000 0.004525 0.000000
vt -0.016000 0.003200 0.000000
vt -0.014500 0.003200 0.000000
vt -0.014500 0.002000 0.000000
vt -0.013000 0.002000 0.000000
vt -0.013000 0.005520 0.000000
vt 0.003000 0.005000 0.000000
vt 0.001500 0.005000 0.000000
vt 0.001500 0.001900 0.000000
vt 0.003400 0.000000 0.000000
vt 0.004500 0.000000 0.000000
vt 0.003926 0.000114 0.000000
vt 0.003439 0.000439 0.000000
vt 0.003114 0.000926 0.000000
vt 0.003000 0.001500 0.000000
vt 0.003000 0.004975 0.000000
vt 0.003300 0.004975 0.000000
vt 0.003300 0.005025 0.000000
vt 0.003000 0.005025 0.000000
vt -0.026000 0.007500 0.000000
vt -0.026000 0.000000 0.000000
vt -0.025700 0.000000 0.000000
vt -0.025700 0.007500 0.000000
vt -0.025590 0.008612 0.000000
vt -0.025266 0.009681 0.000000
vt -0.024739 0.010667 0.000000
vt -0.024031 0.011531 0.000000
vt -0.023167 0.012239 0.000000
vt -0.022181 0.012766 0.000000
vt -0.021112 0.013090 0.000000
vt -0.020000 0.013200 0.000000
vt -0.006000 0.013200 0.000000
vt -0.004888 0.013090 0.000000
vt -0.003819 0.012766 0.000000
vt -0.002833 0.012239 0.000000
vt -0.001969 0.011531 0.000000
vt -0.001261 0.010667 0.000000
vt -0.000734 0.009681 0.000000
vt -0.000410 0.008612 0.000000
vt -0.000300 0.007500 0.000000
vt -0.000300 0.000000 0.000000
vt -0.000000 0.000000 0.000000
vt -0.000000 0.007500 0.000000
vt -0.000115 0.008671 0.000000
vt -0.000457 0.009796 0.000000
vt -0.001011 0.010833 0.000000
vt -0.001757 0.011743 0.000000
vt -0.002667 0.012489 0.000000
vt -0.003704 0.013043 0.000000
vt -0.004829 0.013385 0.000000
vt -0.006000 0.013500 0.000000
vt -0.020000 0.013500 0.000000
vt -0.021171 0.013385 0.000000
vt -0.022296 0.013043 0.000000
vt -0.023333 0.012489 0.000000
vt -0.024243 0.011743 0.000000
vt -0.024989 0.010833 0.000000
vt -0.025543 0.009796 0.000000
vt -0.025885 0.008671 0.000000
vt -0.008128 0.000000 0.000000
vt -0.008128 0.001178 0.000000
vt -0.008128 0.002356 0.000000
vt -0.008128 0.003534 0.000000
vt -0.008128 0.004712 0.000000
vt -0.008128 0.005890 0.000000
vt -0.008128 0.007069 0.000000
vt -0.008128 0.008247 0.000000
vt -0.008128 0.009425 0.000000
vt -0.030078 0.009425 0.000000
vt -0.030078 0.008247 0.000000
vt -0.030078 0.007069 0.000000
vt -0.030078 0.005890 0.000000
vt -0.030078 0.004712 0.000000
vt -0.030078 0.003534 0.000000
vt -0.030078 0.002356 0.000000
vt -0.030078 0.001178 0.000000
vt -0.030078 0.000000 0.000000
vt 0.025700 0.000000 0.000000
vt 0.025700 0.007500 0.000000
vt 0.025585 0.008671 0.000000
vt 0.025243 0.009796 0.000000
vt 0.024689 0.010833 0.000000
vt 0.023943 0.011743 0.000000
vt 0.023033 0.012489 0.000000
vt 0.021996 0.013043 0.000000
vt 0.020871 0.013385 0.000000
vt 0.019700 0.013500 0.000000
vt 0.005700 0.013500 0.000000
vt 0.004529 0.013385 0.000000
vt 0.003404 0.013043 0.000000
vt 0.002367 0.012489 0.000000
vt 0.001457 0.011743 0.000000
vt 0.000711 0.010833 0.000000
vt 0.000157 0.009796 0.000000
vt -0.000185 0.008671 0.000000
vt -0.000300 0.007500 0.000000
vt -0.000300 0.000000 0.000000
vt -0.000000 0.000000 0.000000
vt -0.000000 0.007500 0.000000
vt 0.000110 0.008612 0.000000
vt 0.000434 0.009681 0.000000
vt 0.000961 0.010667 0.000000
vt 0.001669 0.011531 0.000000
vt 0.002533 0.012239 0.000000
vt 0.003519 0.012766 0.000000
vt 0.004588 0.013090 0.000000
vt 0.005700 0.013200 0.000000
vt 0.019700 0.013200 0.000000
vt 0.020812 0.013090 0.000000
vt 0.021881 0.012766 0.000000
vt 0.022867 0.012239 0.000000
vt 0.023731 0.011531 0.000000
vt 0.024439 0.010667 0.000000
vt 0.024966 0.009681 0.000000
vt 0.025290 0.008612 0.000000
vt 0.025400 0.007500 0.000000
vt 0.025400 0.000000 0.000000
vt -0.000050 0.000000 0.000000
vt -0.000000 0.000000 0.000000
vt -0.000000 0.007500 0.000000
vt -0.000050 0.007500 0.000000
vt 0.020975 -0.017907 0.000000
vt 0.021025 -0.017907 0.000000
vt 0.021025 -0.016788 0.000000
vt 0.021025 -0.015669 0.000000
vt 0.021025 -0.014550 0.000000
vt 0.021025 -0.013430 0.000000
vt 0.021025 -0.012311 0.000000
vt 0.021025 -0.011192 0.000000
vt 0.021025 -0.010073 0.000000
vt 0.021025 -0.008954 0.000000
vt 0.020975 -0.008954 0.000000
vt 0.020975 -0.010073 0.000000
vt 0.020975 -0.011192 0.000000
vt 0.020975 -0.012311 0.000000
vt 0.020975 -0.013430 0.000000
vt 0.020975 -0.014550 0.000000
vt 0.020975 -0.015669 0.000000
vt 0.020975 -0.016788 0.000000
vt -0.000050 0.000000 0.000000
vt -0.000000 0.000000 0.000000
vt -0.000000 0.014000 0.000000
vt -0.000050 0.014000 0.000000
vt 0.020975 -0.017907 0.000000
vt 0.021025 -0.017907 0.000000
vt 0.021025 -0.016788 0.000000
vt 0.021025 -0.015669 0.000000
vt 0.021025 -0.014550 0.000000
vt 0.021025 -0.013430 0.000000
vt 0.021025 -0.012311 0.000000
vt 0.021025 -0.011192 0.000000
vt 0.021025 -0.010073 0.000000
vt 0.021025 -0.008954 0.000000
vt 0.020975 -0.008954 0.000000
vt 0.020975 -0.010073 0.000000
vt 0.020975 -0.011192 0.000000
vt 0.020975 -0.012311 0.000000
vt 0.020975 -0.013430 0.000000
vt 0.020975 -0.014550 0.000000
vt 0.020975 -0.015669 0.000000
vt 0.020975 -0.016788 0.000000
vt -0.000050 0.000000 0.000000
vt -0.000000 0.000000 0.000000
vt -0.000000 0.007500 0.000000
vt -0.000050 0.007500 0.000000
vt 0.000000 0.027025 0.000000
vt -0.000300 0.027025 0.000000
vt -0.000300 0.026975 0.000000
vt 0.000000 0.026975 0.000000
vt 0.000000 0.027000 0.000000
vt 0.001500 0.027000 0.000000
vt 0.001500 0.030100 0.000000
vt -0.000400 0.032000 0.000000
vt -0.001500 0.032000 0.000000
vt -0.000926 0.031886 0.000000
vt -0.000439 0.031561 0.000000
vt -0.000114 0.031074 0.000000
vt 0.000000 0.030500 0.000000
vt 0.041000 0.007975 0.000000
vt 0.033500 0.007975 0.000000
vt 0.033500 0.004500 0.000000
vt 0.041000 0.004500 0.000000
vt -0.030128 0.000000 0.000000
vt -0.030128 0.001178 0.000000
vt -0.030128 0.002356 0.000000
vt -0.030128 0.003534 0.000000
vt -0.030128 0.004712 0.000000
vt -0.030128 0.005890 0.000000
vt -0.030128 0.007069 0.000000
vt -0.030128 0.008247 0.000000
vt -0.030128 0.009425 0.000000
vt -0.033603 0.009425 0.000000
vt -0.033603 0.008247 0.000000
vt -0.033603 0.007069 0.000000
vt -0.033603 0.005890 0.000000
vt -0.033603 0.004712 0.000000
vt -0.033603 0.003534 0.000000
vt -0.033603 0.002356 0.000000
vt -0.033603 0.001178 0.000000
vt -0.033603 0.000000 0.000000
vt 0.020000 0.007975 0.000000
vt 0.006000 0.007975 0.000000
vt 0.006000 0.004500 0.000000
vt 0.020000 0.004500 0.000000
vt -0.014114 0.000000 0.000000
vt -0.000114 0.000000 0.000000
vt -0.000114 0.000589 0.000000
vt -0.000114 0.001178 0.000000
vt -0.000114 0.001767 0.000000
vt -0.000114 0.002356 0.000000
vt -0.014114 0.002356 0.000000
vt -0.014114 0.001767 0.000000
vt -0.014114 0.001178 0.000000
vt -0.014114 0.000589 0.000000
vt -0.000000 -0.008831 0.000000
vt -0.000000 -0.007739 0.000000
vt -0.000000 -0.006648 0.000000
vt -0.000000 -0.005556 0.000000
vt -0.000000 -0.004464 0.000000
vt -0.000000 -0.003372 0.000000
vt -0.000000 -0.002280 0.000000
vt -0.000000 -0.001188 0.000000
vt -0.000000 -0.000097 0.000000
vt -0.000589 -0.000097 0.000000
vt -0.001178 -0.000097 0.000000
vt -0.001767 -0.000097 0.000000
vt -0.002356 -0.000097 0.000000
vt -0.002356 -0.001344 0.000000
vt -0.002356 -0.002592 0.000000
vt -0.002356 -0.003840 0.000000
vt -0.002356 -0.005088 0.000000
vt -0.002356 -0.006336 0.000000
vt -0.002356 -0.007583 0.000000
vt -0.002356 -0.008831 0.000000
vt -0.001767 -0.008831 0.000000
vt -0.001178 -0.008831 0.000000
vt -0.000589 -0.008831 0.000000
vt -0.000589 -0.007739 0.000000
vt -0.001178 -0.007739 0.000000
vt -0.001767 -0.007739 0.000000
vt -0.000589 -0.006648 0.000000
vt -0.001178 -0.006648 0.000000
vt -0.001767 -0.006648 0.000000
vt -0.000589 -0.005556 0.000000
vt -0.001178 -0.005556 0.000000
vt -0.001767 -0.005556 0.000000
vt -0.000589 -0.004464 0.000000
vt -0.001178 -0.004464 0.000000
vt -0.001767 -0.004464 0.000000
vt -0.000589 -0.003372 0.000000
vt -0.001178 -0.003372 0.000000
vt -0.001767 -0.003372 0.000000
vt -0.000589 -0.002280 0.000000
vt -0.001178 -0.002280 0.000000
vt -0.001767 -0.002280 0.000000
vt -0.000589 -0.001188 0.000000
vt -0.001178 -0.001188 0.000000
vt -0.001767 -0.001188 0.000000
vt -0.043061 0.000000 0.000000
vt -0.035561 0.000000 0.000000
vt -0.035561 0.000589 0.000000
vt -0.035561 0.001178 0.000000
vt -0.035561 0.001767 0.000000
vt -0.035561 0.002356 0.000000
vt -0.043061 0.002356 0.000000
vt -0.043061 0.001767 0.000000
vt -0.043061 0.001178 0.000000
vt -0.043061 0.000589 0.000000
vt -0.000000 0.000000 0.000000
vt -0.002687 0.000000 0.000000
vt -0.002687 -0.001200 0.000000
vt -0.000000 -0.001200 0.000000
vt -0.030900 -0.032000 0.000000
vt -0.028600 -0.032000 0.000000
vt -0.030500 -0.030100 0.000000
vt -0.030500 -0.027000 0.000000
vt -0.032000 -0.027000 0.000000
vt -0.032000 -0.030900 0.000000
vt 0.000000 0.000000 0.000000
vt 0.006600 0.000000 0.000000
vt 0.006600 0.001556 0.000000
vt 0.000000 0.001556 0.000000
vt -0.001900 -0.032000 0.000000
vt 0.000400 -0.032000 0.000000
vt 0.001500 -0.030900 0.000000
vt 0.001500 -0.027000 0.000000
vt 0.000000 -0.027000 0.000000
vt 0.000000 -0.030100 0.000000
vt 0.000000 0.000000 0.000000
vt 0.001400 0.000000 0.000000
vt 0.001400 0.002687 0.000000
vt 0.000000 0.002687 0.000000
vt 0.001100 -0.032000 0.000000
vt 0.003400 -0.032000 0.000000
vt 0.001500 -0.030100 0.000000
vt 0.001500 -0.027000 0.000000
vt 0.000000 -0.027000 0.000000
vt 0.000000 -0.030900 0.000000
vt 0.000000 0.000000 0.000000
vt 0.006600 0.000000 0.000000
vt 0.006600 0.001556 0.000000
vt 0.000000 0.001556 0.000000
vt -0.001900 -0.032000 0.000000
vt 0.000400 -0.032000 0.000000
vt 0.001500 -0.030900 0.000000
vt 0.001500 -0.027000 0.000000
vt 0.000000 -0.027000 0.000000
vt 0.000000 -0.030100 0.000000
vt 0.000000 0.000000 0.000000
vt 0.001400 0.000000 0.000000
vt 0.001400 0.002687 0.000000
vt 0.000000 0.002687 0.000000
vt 0.001100 -0.032000 0.000000
vt 0.003400 -0.032000 0.000000
vt 0.001500 -0.030100 0.000000
vt 0.001500 -0.027000 0.000000
vt 0.000000 -0.027000 0.000000
vt 0.000000 -0.030900 0.000000
vt 0.000000 0.000000 0.000000
vt 0.006600 0.000000 0.000000
vt 0.006600 0.001556 0.000000
vt 0.000000 0.001556 0.000000
vt -0.001900 -0.032000 0.000000
vt 0.000400 -0.032000 0.000000
vt 0.001500 -0.030900 0.000000
vt 0.001500 -0.027000 0.000000
vt 0.000000 -0.027000 0.000000
vt 0.000000 -0.030100 0.000000
vt 0.000000 0.000000 0.000000
vt 0.001400 0.000000 0.000000
vt 0.001400 0.002687 0.000000
vt 0.000000 0.002687 0.000000
vt 0.001100 -0.032000 0.000000
vt 0.003400 -0.032000 0.000000
vt 0.001500 -0.030100 0.000000
vt 0.001500 -0.027000 0.000000
vt 0.000000 -0.027000 0.000000
vt 0.000000 -0.030900 0.000000
vt 0.000000 0.000000 0.000000
vt 0.006600 0.000000 0.000000
vt 0.006600 0.001556 0.000000
vt 0.000000 0.001556 0.000000
vt -0.001900 -0.032000 0.000000
vt 0.000400 -0.032000 0.000000
vt 0.001500 -0.030900 0.000000
vt 0.001500 -0.027000 0.000000
vt 0.000000 -0.027000 0.000000
vt 0.000000 -0.030100 0.000000
vt 0.000000 0.000000 0.000000
vt 0.001220 0.000000 0.000000
vt 0.001220 0.002687 0.000000
vt 0.000020 0.002687 0.000000
vt 0.000020 0.000026 0.000000
vt -0.005110 0.002356 0.000000
vt -0.027110 0.002356 0.000000
vt -0.027110 0.001991 0.000000
vt -0.027110 0.001626 0.000000
vt -0.027110 0.001262 0.000000
vt -0.032092 0.001262 0.000000
vt -0.032110 0.001235 0.000000
vt -0.032110 0.001197 0.000000
vt -0.032110 0.001159 0.000000
vt -0.032110 0.001121 0.000000
vt -0.032092 0.001095 0.000000
vt -0.027110 0.001095 0.000000
vt -0.027110 0.000730 0.000000
vt -0.027110 0.000365 0.000000
vt -0.027110 0.000000 0.000000
vt -0.005110 0.000000 0.000000
vt -0.005110 0.000365 0.000000
vt -0.005110 0.000730 0.000000
vt -0.005110 0.001095 0.000000
vt -0.000128 0.001095 0.000000
vt -0.000110 0.001121 0.000000
vt -0.000110 0.001159 0.000000
vt -0.000110 0.001197 0.000000
vt -0.000110 0.001235 0.000000
vt -0.000128 0.001262 0.000000
vt -0.005110 0.001262 0.000000
vt -0.005110 0.001626 0.000000
vt -0.005110 0.001991 0.000000
vt 0.018709 0.030000 0.000000
vt 0.018709 0.008000 0.000000
vt 0.018865 0.008000 0.000000
vt 0.023065 0.008000 0.000000
vt 0.024500 0.008000 0.000000
vt 0.024500 0.030000 0.000000
vt 0.021980 0.030000 0.000000
vt 0.020020 0.030000 0.000000
vt 0.000025 0.000000 0.000000
vt 0.022025 0.000000 0.000000
vt 0.022025 0.001500 0.000000
vt 0.000025 0.001500 0.000000
vt -0.005709 0.037000 0.000000
vt -0.004700 0.037000 0.000000
vt -0.004700 0.038500 0.000000
vt -0.005865 0.038500 0.000000
vt -0.005865 0.035500 0.000000
vt -0.005709 0.035500 0.000000
vt 0.004700 -0.005000 0.000000
vt 0.004700 -0.001900 0.000000
vt -0.004700 -0.001900 0.000000
vt -0.004700 -0.005000 0.000000
vt -0.005709 -0.005000 0.000000
vt -0.005709 -0.027000 0.000000
vt -0.004700 -0.027000 0.000000
vt -0.004700 -0.030100 0.000000
vt 0.004700 -0.030100 0.000000
vt 0.004700 -0.027000 0.000000
vt 0.005709 -0.027000 0.000000
vt 0.005709 -0.005000 0.000000
vt 0.000000 -0.001900 0.000000
vt 0.000000 -0.005000 0.000000
vt 0.000400 -0.005000 0.000000
vt 0.001500 -0.003900 0.000000
vt 0.001500 -0.001100 0.000000
vt 0.000400 0.000000 0.000000
vt -0.001900 0.000000 0.000000
vt 0.000000 0.000000 0.000000
vt 0.009400 0.000000 0.000000
vt 0.009400 0.002687 0.000000
vt 0.000000 0.002687 0.000000
vt -0.000000 -0.005000 0.000000
vt -0.000000 -0.001900 0.000000
vt 0.001900 0.000000 0.000000
vt -0.000400 0.000000 0.000000
vt -0.001500 -0.001100 0.000000
vt -0.001500 -0.005000 0.000000
vt -0.005709 0.037000 0.000000
vt -0.004700 0.037000 0.000000
vt -0.004700 0.038500 0.000000
vt -0.006025 0.038500 0.000000
vt -0.006025 0.037400 0.000000
vt -0.007020 0.035500 0.000000
vt -0.005709 0.035500 0.000000
vt 0.000025 0.000000 0.000000
vt 0.022025 0.000000 0.000000
vt 0.022025 0.001500 0.000000
vt 0.000025 0.001500 0.000000
vt 0.007291 0.008000 0.000000
vt 0.007291 0.030000 0.000000
vt 0.005980 0.030000 0.000000
vt 0.004020 0.030000 0.000000
vt 0.001500 0.030000 0.000000
vt 0.001500 0.008000 0.000000
vt 0.004020 0.008000 0.000000
vt 0.005980 0.008000 0.000000
vt 0.004700 0.037000 0.000000
vt 0.005709 0.037000 0.000000
vt 0.005709 0.035500 0.000000
vt 0.007020 0.035500 0.000000
vt 0.006025 0.037400 0.000000
vt 0.006025 0.038500 0.000000
vt 0.004700 0.038500 0.000000
vt -0.000000 -0.030100 0.000000
vt -0.000000 -0.027000 0.000000
vt -0.001500 -0.027000 0.000000
vt -0.001500 -0.030900 0.000000
vt -0.000400 -0.032000 0.000000
vt 0.001900 -0.032000 0.000000
vt 0.000000 0.000000 0.000000
vt 0.009400 0.000000 0.000000
vt 0.009400 0.002687 0.000000
vt 0.000000 0.002687 0.000000
vt 0.000000 -0.027000 0.000000
vt 0.000000 -0.030100 0.000000
vt -0.001900 -0.032000 0.000000
vt 0.000400 -0.032000 0.000000
vt 0.001500 -0.030900 0.000000
vt 0.001500 -0.027000 0.000000
vt 0.022475 0.002000 0.000000
vt 0.018525 0.002000 0.000000
vt 0.018525 0.003450 0.000000
vt 0.018365 0.003450 0.000000
vt 0.018365 0.005000 0.000000
vt 0.017200 0.005000 0.000000
vt 0.017200 0.001100 0.000000
vt 0.023800 0.001100 0.000000
vt 0.023800 0.005000 0.000000
vt 0.022565 0.005000 0.000000
vt 0.022565 0.003450 0.000000
vt 0.022475 0.003450 0.000000
vt -0.038500 -0.006025 0.000000
vt -0.038500 -0.009975 0.000000
vt -0.037400 -0.009975 0.000000
vt -0.035490 -0.008974 0.000000
vt -0.035971 -0.009100 0.000000
vt -0.036459 -0.009000 0.000000
vt -0.036852 -0.008695 0.000000
vt -0.037071 -0.008249 0.000000
vt -0.037071 -0.007751 0.000000
vt -0.036852 -0.007305 0.000000
vt -0.036459 -0.007000 0.000000
vt -0.035971 -0.006900 0.000000
vt -0.035490 -0.007026 0.000000
vt -0.037400 -0.006025 0.000000
vt 0.002390 0.000000 0.000000
vt 0.002390 0.001450 0.000000
vt 0.001290 0.001450 0.000000
vt 0.001290 0.000000 0.000000
vt 0.000000 0.001450 0.000000
vt 0.000000 0.000000 0.000000
vt 0.002157 0.000000 0.000000
vt 0.002157 0.001450 0.000000
vt 0.037400 0.006025 0.000000
vt 0.035490 0.007026 0.000000
vt 0.035126 0.007332 0.000000
vt 0.034926 0.007762 0.000000
vt 0.034926 0.008238 0.000000
vt 0.035126 0.008668 0.000000
vt 0.035490 0.008974 0.000000
vt 0.037400 0.009975 0.000000
vt 0.038500 0.009975 0.000000
vt 0.038500 0.010065 0.000000
vt 0.034900 0.010065 0.000000
vt 0.033688 0.007965 0.000000
vt 0.034900 0.005865 0.000000
vt 0.038500 0.005865 0.000000
vt 0.038500 0.006025 0.000000
vt 0.003000 0.000000 0.000000
vt 0.000000 0.000000 0.000000
vt 0.000000 -0.001550 0.000000
vt 0.003600 -0.001550 0.000000
vt 0.003600 0.000000 0.000000
vt -0.035500 0.010065 0.000000
vt -0.035500 0.005865 0.000000
vt -0.034900 0.005865 0.000000
vt -0.033688 0.007965 0.000000
vt -0.034900 0.010065 0.000000
vt 0.003600 0.000000 0.000000
vt 0.000600 0.000000 0.000000
vt 0.000000 0.000000 0.000000
vt 0.000000 -0.001550 0.000000
vt 0.003600 -0.001550 0.000000
vt -0.010065 0.035500 0.000000
vt -0.010065 0.038500 0.000000
vt -0.011300 0.038500 0.000000
vt -0.011300 0.037000 0.000000
vt -0.012500 0.037000 0.000000
vt -0.012500 0.035118 0.000000
vt -0.012201 0.035326 0.000000
vt -0.011861 0.035456 0.000000
vt -0.011500 0.035500 0.000000
vt 0.001500 0.005000 0.000000
vt 0.001500 0.001900 0.000000
vt 0.003382 0.000018 0.000000
vt 0.003382 0.005000 0.000000
vt 0.000000 -0.030100 0.000000
vt 0.001200 -0.030100 0.000000
vt 0.001200 -0.027000 0.000000
vt 0.000000 -0.027000 0.000000
vt 0.000000 0.000000 0.000000
vt 0.001220 0.000000 0.000000
vt 0.001200 0.000026 0.000000
vt 0.001200 0.002687 0.000000
vt 0.000000 0.002687 0.000000
vt 0.001100 -0.032000 0.000000
vt 0.003400 -0.032000 0.000000
vt 0.001500 -0.030100 0.000000
vt 0.001500 -0.027000 0.000000
vt 0.000000 -0.027000 0.000000
vt 0.000000 -0.030900 0.000000
vt 0.000000 0.000000 0.000000
vt 0.006600 0.000000 0.000000
vt 0.006600 0.001556 0.000000
vt 0.000000 0.001556 0.000000
vt 0.002425 0.000000 0.000000
vt 0.000000 0.000000 0.000000
vt 0.000000 -0.001550 0.000000
vt 0.002425 -0.001550 0.000000
vt 0.002425 0.000000 0.000000
vt 0.000000 0.000000 0.000000
vt 0.000000 -0.001550 0.000000
vt 0.002425 -0.001550 0.000000
vt 0.000000 0.001450 0.000000
vt 0.000000 0.000000 0.000000
vt 0.001100 0.000000 0.000000
vt 0.001100 0.001450 0.000000
vt 0.002157 0.000000 0.000000
vt 0.002157 0.001450 0.000000
vt 0.000000 0.001450 0.000000
vt 0.000000 0.000000 0.000000
vt 0.000200 0.003456 0.000000
vt 0.000200 0.002924 0.000000
vt 0.000200 0.002392 0.000000
vt 0.000200 0.001861 0.000000
vt 0.000200 0.001329 0.000000
vt 0.000200 0.000797 0.000000
vt 0.000200 0.000266 0.000000
vt 0.000200 -0.000266 0.000000
vt 0.000200 -0.000797 0.000000
vt 0.000200 -0.001329 0.000000
vt 0.000200 -0.001861 0.000000
vt 0.000200 -0.002392 0.000000
vt 0.000200 -0.002924 0.000000
vt 0.003450 0.002259 0.000000
vt 0.003450 0.002737 0.000000
vt 0.003450 -0.003695 0.000000
vt 0.003450 -0.003216 0.000000
vt 0.003450 -0.002737 0.000000
vt 0.003450 -0.002259 0.000000
vt 0.002000 -0.002259 0.000000
vt 0.002000 -0.001757 0.000000
vt 0.002000 -0.001255 0.000000
vt 0.002000 -0.000753 0.000000
vt 0.002000 -0.000251 0.000000
vt 0.002000 0.000251 0.000000
vt 0.002000 0.000753 0.000000
vt 0.002000 0.001255 0.000000
vt 0.002000 0.001757 0.000000
vt 0.002000 0.002259 0.000000
vt 0.003450 0.003216 0.000000
vt 0.000200 -0.003456 0.000000
vt 0.000200 -0.003456 0.000000
vt 0.003450 0.003216 0.000000
vt 0.000141 -0.003770 0.000000
vt 0.000141 -0.003231 0.000000
vt 0.000141 -0.002693 0.000000
vt 0.000141 -0.002154 0.000000
vt 0.000141 -0.001616 0.000000
vt 0.000141 -0.001077 0.000000
vt 0.000141 -0.000539 0.000000
vt 0.000141 0.000000 0.000000
vt 0.000141 0.000539 0.000000
vt 0.000141 0.001077 0.000000
vt 0.000141 0.001616 0.000000
vt 0.000141 0.002154 0.000000
vt 0.000141 0.002693 0.000000
vt 0.000141 0.003231 0.000000
vt -0.000141 0.003770 0.000000
vt -0.000141 0.003190 0.000000
vt -0.000141 0.002610 0.000000
vt -0.000141 0.002030 0.000000
vt -0.000141 0.001450 0.000000
vt -0.000141 0.000870 0.000000
vt -0.000141 0.000290 0.000000
vt -0.000141 -0.000290 0.000000
vt -0.000141 -0.000870 0.000000
vt -0.000141 -0.001450 0.000000
vt -0.000141 -0.002030 0.000000
vt -0.000141 -0.002610 0.000000
vt -0.000141 -0.003190 0.000000
vt 0.000141 0.003770 0.000000
vt -0.000141 -0.003770 0.000000
vt -0.000141 -0.003770 0.000000
vt 0.000000 0.000000 0.000000
vt 0.006600 0.000000 0.000000
vt 0.006600 0.001556 0.000000
vt 0.000000 0.001556 0.000000
vt -0.003400 -0.032000 0.000000
vt -0.001100 -0.032000 0.000000
vt -0.000000 -0.030900 0.000000
vt -0.000000 -0.027000 0.000000
vt -0.001500 -0.027000 0.000000
vt -0.001500 -0.030100 0.000000
vt -0.001220 0.000000 0.000000
vt -0.000000 0.000000 0.000000
vt -0.000000 0.002687 0.000000
vt -0.001200 0.002687 0.000000
vt -0.001200 0.000026 0.000000
vt 0.001500 0.001900 0.000000
vt 0.001500 0.005000 0.000000
vt -0.000382 0.005000 0.000000
vt -0.000382 0.000018 0.000000
vt -0.001200 -0.030100 0.000000
vt -0.000000 -0.030100 0.000000
vt -0.000000 -0.027000 0.000000
vt -0.001200 -0.027000 0.000000
vt 0.009975 0.037400 0.000000
vt 0.008980 0.035500 0.000000
vt 0.011500 0.035500 0.000000
vt 0.011861 0.035456 0.000000
vt 0.012201 0.035326 0.000000
vt 0.012500 0.035118 0.000000
vt 0.012500 0.037000 0.000000
vt 0.011300 0.037000 0.000000
vt 0.011300 0.038500 0.000000
vt 0.009975 0.038500 0.000000
vt -0.002157 0.003000 0.000000
vt -0.002157 0.000000 0.000000
vt -0.000000 0.000000 0.000000
vt -0.000000 0.003000 0.000000
vt -0.000012 0.003000 0.000000
vt -0.000000 0.000000 0.000000
vt -0.000000 0.003000 0.000000
vt -0.001100 0.003000 0.000000
vt -0.001100 0.000000 0.000000
vt 0.037400 -0.006025 0.000000
vt 0.035490 -0.007026 0.000000
vt 0.035971 -0.006900 0.000000
vt 0.036459 -0.007000 0.000000
vt 0.036852 -0.007305 0.000000
vt 0.037071 -0.007751 0.000000
vt 0.037071 -0.008249 0.000000
vt 0.036852 -0.008695 0.000000
vt 0.036459 -0.009000 0.000000
vt 0.035971 -0.009100 0.000000
vt 0.035490 -0.008974 0.000000
vt 0.037400 -0.009975 0.000000
vt 0.038500 -0.009975 0.000000
vt 0.038500 -0.006025 0.000000
vt -0.000000 0.000000 0.000000
vt -0.000000 0.003000 0.000000
vt -0.002145 0.003000 0.000000
vt -0.002157 0.003000 0.000000
vt -0.002157 0.000000 0.000000
vt -0.002390 0.003000 0.000000
vt -0.002390 0.000000 0.000000
vt -0.001290 0.000000 0.000000
vt -0.001290 0.003000 0.000000
vt 0.006475 0.002000 0.000000
vt 0.002525 0.002000 0.000000
vt 0.002525 0.005000 0.000000
vt 0.001200 0.005000 0.000000
vt 0.001200 0.001100 0.000000
vt 0.007800 0.001100 0.000000
vt 0.007800 0.005000 0.000000
vt 0.006475 0.005000 0.000000
vt -0.000200 -0.003456 0.000000
vt -0.000200 -0.002924 0.000000
vt -0.000200 -0.002392 0.000000
vt -0.000200 -0.001861 0.000000
vt -0.000200 -0.001329 0.000000
vt -0.000200 -0.000797 0.000000
vt -0.000200 -0.000266 0.000000
vt -0.000200 0.000266 0.000000
vt -0.000200 0.000797 0.000000
vt -0.000200 0.001329 0.000000
vt -0.000200 0.001861 0.000000
vt -0.000200 0.002392 0.000000
vt -0.000200 0.002924 0.000000
vt -0.005000 -0.002259 0.000000
vt -0.005000 -0.002737 0.000000
vt -0.005000 0.003695 0.000000
vt -0.005000 0.003216 0.000000
vt -0.005000 0.002737 0.000000
vt -0.005000 0.002259 0.000000
vt -0.002000 0.002259 0.000000
vt -0.002000 0.001757 0.000000
vt -0.002000 0.001255 0.000000
vt -0.002000 0.000753 0.000000
vt -0.002000 0.000251 0.000000
vt -0.002000 -0.000251 0.000000
vt -0.002000 -0.000753 0.000000
vt -0.002000 -0.001255 0.000000
vt -0.002000 -0.001757 0.000000
vt -0.002000 -0.002259 0.000000
vt -0.005000 -0.003216 0.000000
vt -0.000200 0.003456 0.000000
vt -0.000200 0.003456 0.000000
vt -0.005000 -0.003216 0.000000
vt 0.000141 -0.003770 0.000000
vt 0.000141 -0.003231 0.000000
vt 0.000141 -0.002693 0.000000
vt 0.000141 -0.002154 0.000000
vt 0.000141 -0.001616 0.000000
vt 0.000141 -0.001077 0.000000
vt 0.000141 -0.000539 0.000000
vt 0.000141 0.000000 0.000000
vt 0.000141 0.000539 0.000000
vt 0.000141 0.001077 0.000000
vt 0.000141 0.001616 0.000000
vt 0.000141 0.002154 0.000000
vt 0.000141 0.002693 0.000000
vt 0.000141 0.003231 0.000000
vt -0.000141 0.003770 0.000000
vt -0.000141 0.003190 0.000000
vt -0.000141 0.002610 0.000000
vt -0.000141 0.002030 0.000000
vt -0.000141 0.001450 0.000000
vt -0.000141 0.000870 0.000000
vt -0.000141 0.000290 0.000000
vt -0.000141 -0.000290 0.000000
vt -0.000141 -0.000870 0.000000
vt -0.000141 -0.001450 0.000000
vt -0.000141 -0.002030 0.000000
vt -0.000141 -0.002610 0.000000
vt -0.000141 -0.003190 0.000000
vt 0.000141 0.003770 0.000000
vt -0.000141 -0.003770 0.000000
vt -0.000141 -0.003770 0.000000
vt 0.035490 0.007026 0.000000
vt 0.035500 0.007020 0.000000
vt 0.035500 0.008980 0.000000
vt 0.035490 0.008974 0.000000
vt 0.035126 0.008668 0.000000
vt 0.034926 0.008238 0.000000
vt 0.034926 0.007762 0.000000
vt 0.035126 0.007332 0.000000
vt -0.008980 0.035500 0.000000
vt -0.009975 0.037400 0.000000
vt -0.009975 0.038500 0.000000
vt -0.011300 0.038500 0.000000
vt -0.011300 0.037000 0.000000
vt -0.012500 0.037000 0.000000
vt -0.012500 0.035118 0.000000
vt -0.012201 0.035326 0.000000
vt -0.011861 0.035456 0.000000
vt -0.011500 0.035500 0.000000
vt 0.002157 0.000000 0.000000
vt 0.002157 0.003000 0.000000
vt 0.000012 0.003000 0.000000
vt 0.000000 0.003000 0.000000
vt 0.000000 0.000000 0.000000
vt 0.000000 0.003000 0.000000
vt 0.000000 0.000000 0.000000
vt 0.001100 0.000000 0.000000
vt 0.001100 0.003000 0.000000
vt 0.022475 0.002000 0.000000
vt 0.018525 0.002000 0.000000
vt 0.018525 0.005000 0.000000
vt 0.017200 0.005000 0.000000
vt 0.017200 0.001100 0.000000
vt 0.023800 0.001100 0.000000
vt 0.023800 0.005000 0.000000
vt 0.022475 0.005000 0.000000
vt -0.038500 -0.006025 0.000000
vt -0.038500 -0.009975 0.000000
vt -0.037400 -0.009975 0.000000
vt -0.035490 -0.008974 0.000000
vt -0.035971 -0.009100 0.000000
vt -0.036459 -0.009000 0.000000
vt -0.036852 -0.008695 0.000000
vt -0.037071 -0.008249 0.000000
vt -0.037071 -0.007751 0.000000
vt -0.036852 -0.007305 0.000000
vt -0.036459 -0.007000 0.000000
vt -0.035971 -0.006900 0.000000
vt -0.035490 -0.007026 0.000000
vt -0.037400 -0.006025 0.000000
vt 0.002390 0.000000 0.000000
vt 0.002390 0.003000 0.000000
vt 0.001290 0.003000 0.000000
vt 0.001290 0.000000 0.000000
vt 0.000000 0.003000 0.000000
vt 0.000000 0.000000 0.000000
vt 0.002157 0.000000 0.000000
vt 0.002157 0.003000 0.000000
vt 0.002145 0.003000 0.000000
vt -0.035500 0.007020 0.000000
vt -0.035490 0.007026 0.000000
vt -0.035126 0.007332 0.000000
vt -0.034926 0.007762 0.000000
vt -0.034926 0.008238 0.000000
vt -0.035126 0.008668 0.000000
vt -0.035490 0.008974 0.000000
vt -0.035500 0.008980 0.000000
vt 0.000200 0.003456 0.000000
vt 0.000200 0.002924 0.000000
vt 0.000200 0.002392 0.000000
vt 0.000200 0.001861 0.000000
vt 0.000200 0.001329 0.000000
vt 0.000200 0.000797 0.000000
vt 0.000200 0.000266 0.000000
vt 0.000200 -0.000266 0.000000
vt 0.000200 -0.000797 0.000000
vt 0.000200 -0.001329 0.000000
vt 0.000200 -0.001861 0.000000
vt 0.000200 -0.002392 0.000000
vt 0.000200 -0.002924 0.000000
vt 0.005000 0.002259 0.000000
vt 0.005000 0.002737 0.000000
vt 0.005000 -0.003695 0.000000
vt 0.005000 -0.003216 0.000000
vt 0.005000 -0.002737 0.000000
vt 0.005000 -0.002259 0.000000
vt 0.002000 -0.002259 0.000000
vt 0.002000 -0.001757 0.000000
vt 0.002000 -0.001255 0.000000
vt 0.002000 -0.000753 0.000000
vt 0.002000 -0.000251 0.000000
vt 0.002000 0.000251 0.000000
vt 0.002000 0.000753 0.000000
vt 0.002000 0.001255 0.000000
vt 0.002000 0.001757 0.000000
vt 0.002000 0.002259 0.000000
vt 0.005000 0.003216 0.000000
vt 0.000200 -0.003456 0.000000
vt 0.000200 -0.003456 0.000000
vt 0.005000 0.003216 0.000000
vt 0.000141 -0.003770 0.000000
vt 0.000141 -0.003231 0.000000
vt 0.000141 -0.002693 0.000000
vt 0.000141 -0.002154 0.000000
vt 0.000141 -0.001616 0.000000
vt 0.000141 -0.001077 0.000000
vt 0.000141 -0.000539 0.000000
vt 0.000141 0.000000 0.000000
vt 0.000141 0.000539 0.000000
vt 0.000141 0.001077 0.000000
vt 0.000141 0.001616 0.000000
vt 0.000141 0.002154 0.000000
vt 0.000141 0.002693 0.000000
vt 0.000141 0.003231 0.000000
vt -0.000141 0.003770 0.000000
vt -0.000141 0.003190 0.000000
vt -0.000141 0.002610 0.000000
vt -0.000141 0.002030 0.000000
vt -0.000141 0.001450 0.000000
vt -0.000141 0.000870 0.000000
vt -0.000141 0.000290 0.000000
vt -0.000141 -0.000290 0.000000
vt -0.000141 -0.000870 0.000000
vt -0.000141 -0.001450 0.000000
vt -0.000141 -0.002030 0.000000
vt -0.000141 -0.002610 0.000000
vt -0.000141 -0.003190 0.000000
vt 0.000141 0.003770 0.000000
vt -0.000141 -0.003770 0.000000
vt -0.000141 -0.003770 0.000000
vt 0.008306 -0.032500 0.000000
vt -0.008306 -0.032500 0.000000
vt -0.008577 -0.032453 0.000000
vt -0.008816 -0.032317 0.000000
vt -0.008994 -0.032108 0.000000
vt -0.008770 -0.032739 0.000000
vt -0.008799 -0.033409 0.000000
vt -0.009077 -0.034019 0.000000
vt -0.009565 -0.034479 0.000000
vt -0.010190 -0.034722 0.000000
vt -0.010860 -0.034713 0.000000
vt -0.011477 -0.034452 0.000000
vt -0.011952 -0.033977 0.000000
vt -0.012213 -0.033360 0.000000
vt -0.012222 -0.032690 0.000000
vt -0.011979 -0.032065 0.000000
vt -0.011519 -0.031577 0.000000
vt -0.010909 -0.031299 0.000000
vt -0.010239 -0.031270 0.000000
vt -0.009608 -0.031494 0.000000
vt -0.009817 -0.031316 0.000000
vt -0.009953 -0.031077 0.000000
vt -0.010000 -0.030806 0.000000
vt -0.010000 0.006750 0.000000
vt -0.011323 0.006750 0.000000
vt -0.011421 0.006339 0.000000
vt -0.011480 0.005922 0.000000
vt -0.011500 0.005500 0.000000
vt -0.011500 -0.002000 0.000000
vt -0.012600 -0.002000 0.000000
vt -0.012600 -0.003200 0.000000
vt -0.014900 -0.003200 0.000000
vt -0.014900 -0.009800 0.000000
vt -0.012600 -0.009800 0.000000
vt -0.012600 -0.011200 0.000000
vt -0.014900 -0.011200 0.000000
vt -0.014900 -0.017800 0.000000
vt -0.012600 -0.017800 0.000000
vt -0.012600 -0.019200 0.000000
vt -0.014900 -0.019200 0.000000
vt -0.014900 -0.025800 0.000000
vt -0.012600 -0.025800 0.000000
vt -0.012600 -0.027200 0.000000
vt -0.014900 -0.027200 0.000000
vt -0.014900 -0.033800 0.000000
vt -0.012600 -0.033800 0.000000
vt -0.012600 -0.035020 0.000000
vt -0.012574 -0.035047 0.000000
vt -0.012547 -0.035074 0.000000
vt -0.012520 -0.035100 0.000000
vt -0.011300 -0.035100 0.000000
vt -0.011300 -0.037400 0.000000
vt -0.004700 -0.037400 0.000000
vt -0.004700 -0.035100 0.000000
vt 0.004700 -0.035100 0.000000
vt 0.004700 -0.037400 0.000000
vt 0.011300 -0.037400 0.000000
vt 0.011300 -0.035100 0.000000
vt 0.012520 -0.035100 0.000000
vt 0.012547 -0.035074 0.000000
vt 0.012574 -0.035047 0.000000
vt 0.012600 -0.035020 0.000000
vt 0.012600 -0.033800 0.000000
vt 0.014900 -0.033800 0.000000
vt 0.014900 -0.027200 0.000000
vt 0.012600 -0.027200 0.000000
vt 0.012600 -0.025800 0.000000
vt 0.014900 -0.025800 0.000000
vt 0.014900 -0.019200 0.000000
vt 0.012600 -0.019200 0.000000
vt 0.012600 -0.017800 0.000000
vt 0.014900 -0.017800 0.000000
vt 0.014900 -0.011200 0.000000
vt 0.012600 -0.011200 0.000000
vt 0.012600 -0.009800 0.000000
vt 0.014900 -0.009800 0.000000
vt 0.014900 -0.003200 0.000000
vt 0.012600 -0.003200 0.000000
vt 0.012600 -0.002000 0.000000
vt 0.011500 -0.002000 0.000000
vt 0.011500 0.005500 0.000000
vt 0.011480 0.005922 0.000000
vt 0.011421 0.006339 0.000000
vt 0.011323 0.006750 0.000000
vt 0.010000 0.006750 0.000000
vt 0.010000 -0.030806 0.000000
vt 0.009953 -0.031077 0.000000
vt 0.009817 -0.031316 0.000000
vt 0.009608 -0.031494 0.000000
vt 0.010239 -0.031270 0.000000
vt 0.010909 -0.031299 0.000000
vt 0.011519 -0.031577 0.000000
vt 0.011979 -0.032065 0.000000
vt 0.012222 -0.032690 0.000000
vt 0.012213 -0.033360 0.000000
vt 0.011952 -0.033977 0.000000
vt 0.011477 -0.034452 0.000000
vt 0.010860 -0.034713 0.000000
vt 0.010190 -0.034722 0.000000
vt 0.009565 -0.034479 0.000000
vt 0.009077 -0.034019 0.000000
vt 0.008799 -0.033409 0.000000
vt 0.008770 -0.032739 0.000000
vt 0.008994 -0.032108 0.000000
vt 0.008816 -0.032317 0.000000
vt 0.008577 -0.032453 0.000000
vt 0.013500 -0.007800 0.000000
vt 0.012936 -0.007671 0.000000
vt 0.012484 -0.007311 0.000000
vt 0.012233 -0.006789 0.000000
vt 0.012233 -0.006211 0.000000
vt 0.012484 -0.005689 0.000000
vt 0.012936 -0.005329 0.000000
vt 0.013500 -0.005200 0.000000
vt 0.014064 -0.005329 0.000000
vt 0.014516 -0.005689 0.000000
vt 0.014767 -0.006211 0.000000
vt 0.014767 -0.006789 0.000000
vt 0.014516 -0.007311 0.000000
vt 0.014064 -0.007671 0.000000
vt 0.013500 -0.015800 0.000000
vt 0.012936 -0.015671 0.000000
vt 0.012484 -0.015311 0.000000
vt 0.012233 -0.014789 0.000000
vt 0.012233 -0.014211 0.000000
vt 0.012484 -0.013689 0.000000
vt 0.012936 -0.013329 0.000000
vt 0.013500 -0.013200 0.000000
vt 0.014064 -0.013329 0.000000
vt 0.014516 -0.013689 0.000000
vt 0.014767 -0.014211 0.000000
vt 0.014767 -0.014789 0.000000
vt 0.014516 -0.015311 0.000000
vt 0.014064 -0.015671 0.000000
vt 0.013500 -0.023800 0.000000
vt 0.012936 -0.023671 0.000000
vt 0.012484 -0.023311 0.000000
vt 0.012233 -0.022789 0.000000
vt 0.012233 -0.022211 0.000000
vt 0.012484 -0.021689 0.000000
vt 0.012936 -0.021329 0.000000
vt 0.013500 -0.021200 0.000000
vt 0.014064 -0.021329 0.000000
vt 0.014516 -0.021689 0.000000
vt 0.014767 -0.022211 0.000000
vt 0.014767 -0.022789 0.000000
vt 0.014516 -0.023311 0.000000
vt 0.014064 -0.023671 0.000000
vt 0.013500 -0.031800 0.000000
vt 0.012936 -0.031671 0.000000
vt 0.012484 -0.031311 0.000000
vt 0.012233 -0.030789 0.000000
vt 0.012233 -0.030211 0.000000
vt 0.012484 -0.029689 0.000000
vt 0.012936 -0.029329 0.000000
vt 0.013500 -0.029200 0.000000
vt 0.014064 -0.029329 0.000000
vt 0.014516 -0.029689 0.000000
vt 0.014767 -0.030211 0.000000
vt 0.014767 -0.030789 0.000000
vt 0.014516 -0.031311 0.000000
vt 0.014064 -0.031671 0.000000
vt 0.008000 -0.037300 0.000000
vt 0.007436 -0.037171 0.000000
vt 0.006984 -0.036811 0.000000
vt 0.006733 -0.036289 0.000000
vt 0.006733 -0.035711 0.000000
vt 0.006984 -0.035189 0.000000
vt 0.007436 -0.034829 0.000000
vt 0.008000 -0.034700 0.000000
vt 0.008564 -0.034829 0.000000
vt 0.009016 -0.035189 0.000000
vt 0.009267 -0.035711 0.000000
vt 0.009267 -0.036289 0.000000
vt 0.009016 -0.036811 0.000000
vt 0.008564 -0.037171 0.000000
vt -0.008000 -0.034700 0.000000
vt -0.007436 -0.034829 0.000000
vt -0.006984 -0.035189 0.000000
vt -0.006733 -0.035711 0.000000
vt -0.006733 -0.036289 0.000000
vt -0.006984 -0.036811 0.000000
vt -0.007436 -0.037171 0.000000
vt -0.008000 -0.037300 0.000000
vt -0.008564 -0.037171 0.000000
vt -0.009016 -0.036811 0.000000
vt -0.009267 -0.036289 0.000000
vt -0.009267 -0.035711 0.000000
vt -0.009016 -0.035189 0.000000
vt -0.008564 -0.034829 0.000000
vt -0.013500 -0.031800 0.000000
vt -0.014064 -0.031671 0.000000
vt -0.014516 -0.031311 0.000000
vt -0.014767 -0.030789 0.000000
vt -0.014767 -0.030211 0.000000
vt -0.014516 -0.029689 0.000000
vt -0.014064 -0.029329 0.000000
vt -0.013500 -0.029200 0.000000
vt -0.012936 -0.029329 0.000000
vt -0.012484 -0.029689 0.000000
vt -0.012233 -0.030211 0.000000
vt -0.012233 -0.030789 0.000000
vt -0.012484 -0.031311 0.000000
vt -0.012936 -0.031671 0.000000
vt -0.013500 -0.023800 0.000000
vt -0.014064 -0.023671 0.000000
vt -0.014516 -0.023311 0.000000
vt -0.014767 -0.022789 0.000000
vt -0.014767 -0.022211 0.000000
vt -0.014516 -0.021689 0.000000
vt -0.014064 -0.021329 0.000000
vt -0.013500 -0.021200 0.000000
vt -0.012936 -0.021329 0.000000
vt -0.012484 -0.021689 0.000000
vt -0.012233 -0.022211 0.000000
vt -0.012233 -0.022789 0.000000
vt -0.012484 -0.023311 0.000000
vt -0.012936 -0.023671 0.000000
vt -0.013500 -0.015800 0.000000
vt -0.014064 -0.015671 0.000000
vt -0.014516 -0.015311 0.000000
vt -0.014767 -0.014789 0.000000
vt -0.014767 -0.014211 0.000000
vt -0.014516 -0.013689 0.000000
vt -0.014064 -0.013329 0.000000
vt -0.013500 -0.013200 0.000000
vt -0.012936 -0.013329 0.000000
vt -0.012484 -0.013689 0.000000
vt -0.012233 -0.014211 0.000000
vt -0.012233 -0.014789 0.000000
vt -0.012484 -0.015311 0.000000
vt -0.012936 -0.015671 0.000000
vt -0.013500 -0.007800 0.000000
vt -0.014064 -0.007671 0.000000
vt -0.014516 -0.007311 0.000000
vt -0.014767 -0.006789 0.000000
vt -0.014767 -0.006211 0.000000
vt -0.014516 -0.005689 0.000000
vt -0.014064 -0.005329 0.000000
vt -0.013500 -0.005200 0.000000
vt -0.012936 -0.005329 0.000000
vt -0.012484 -0.005689 0.000000
vt -0.012233 -0.006211 0.000000
vt -0.012233 -0.006789 0.000000
vt -0.012484 -0.007311 0.000000
vt -0.012936 -0.007671 0.000000
vt -0.018306 -0.000800 0.000000
vt -0.018306 -0.003000 0.000000
vt -0.001694 -0.003000 0.000000
vt -0.001694 -0.000800 0.000000
vt -0.050337 0.000829 0.000000
vt -0.052537 0.000829 0.000000
vt -0.052537 0.000552 0.000000
vt -0.052537 0.000276 0.000000
vt -0.052537 0.000000 0.000000
vt -0.050337 0.000000 0.000000
vt -0.050337 0.000276 0.000000
vt -0.050337 0.000552 0.000000
vt -0.003000 0.004562 0.000000
vt -0.003000 -0.005759 0.000000
vt -0.003000 -0.005085 0.000000
vt -0.003000 -0.004410 0.000000
vt -0.003000 -0.003736 0.000000
vt -0.003000 -0.003061 0.000000
vt -0.003000 -0.002386 0.000000
vt -0.003000 -0.001712 0.000000
vt -0.003000 -0.001037 0.000000
vt -0.003000 -0.000363 0.000000
vt -0.003000 0.000312 0.000000
vt -0.003000 0.000987 0.000000
vt -0.003000 0.001661 0.000000
vt -0.003000 0.002336 0.000000
vt -0.003000 0.003010 0.000000
vt -0.003000 0.003685 0.000000
vt -0.000800 0.003685 0.000000
vt -0.000800 0.003977 0.000000
vt -0.000800 0.004269 0.000000
vt -0.000800 0.004562 0.000000
vt -0.004500 0.000000 0.000000
vt -0.004500 -0.000687 0.000000
vt -0.004500 -0.001374 0.000000
vt -0.004500 -0.002062 0.000000
vt -0.004500 -0.002749 0.000000
vt -0.004500 -0.003436 0.000000
vt -0.004500 -0.004123 0.000000
vt -0.004500 -0.004811 0.000000
vt -0.004500 0.005498 0.000000
vt -0.004500 0.004811 0.000000
vt -0.004500 0.004123 0.000000
vt -0.004500 0.003436 0.000000
vt -0.004500 0.002749 0.000000
vt -0.004500 0.002062 0.000000
vt -0.004500 0.001374 0.000000
vt -0.004500 0.000687 0.000000
vt -0.003000 0.005236 0.000000
vt -0.003000 0.005236 0.000000
vt -0.004500 -0.005498 0.000000
vt -0.004500 -0.005498 0.000000
vt 0.034750 -0.010500 0.000000
vt 0.034617 -0.009830 0.000000
vt 0.034237 -0.009263 0.000000
vt 0.033670 -0.008883 0.000000
vt 0.033000 -0.008750 0.000000
vt 0.032330 -0.008883 0.000000
vt 0.031763 -0.009263 0.000000
vt 0.031383 -0.009830 0.000000
vt 0.031250 -0.010500 0.000000
vt 0.031383 -0.011170 0.000000
vt 0.031763 -0.011737 0.000000
vt 0.032330 -0.012117 0.000000
vt 0.033000 -0.012250 0.000000
vt 0.033670 -0.012117 0.000000
vt 0.034237 -0.011737 0.000000
vt 0.034617 -0.011170 0.000000
vt 0.034235 -0.010500 0.000000
vt 0.034113 -0.011036 0.000000
vt 0.033770 -0.011466 0.000000
vt 0.033275 -0.011704 0.000000
vt 0.032725 -0.011704 0.000000
vt 0.032230 -0.011466 0.000000
vt 0.031887 -0.011036 0.000000
vt 0.031765 -0.010500 0.000000
vt 0.031887 -0.009964 0.000000
vt 0.032230 -0.009534 0.000000
vt 0.032725 -0.009296 0.000000
vt 0.033275 -0.009296 0.000000
vt 0.033770 -0.009534 0.000000
vt 0.034113 -0.009964 0.000000
vt 0.000141 0.000000 0.000000
vt 0.000141 0.000509 0.000000
vt 0.000141 0.001019 0.000000
vt 0.000141 0.001528 0.000000
vt 0.000141 0.002038 0.000000
vt 0.000141 0.002547 0.000000
vt 0.000141 0.003056 0.000000
vt 0.000141 -0.003566 0.000000
vt 0.000141 -0.003056 0.000000
vt 0.000141 -0.002547 0.000000
vt 0.000141 -0.002038 0.000000
vt 0.000141 -0.001528 0.000000
vt 0.000141 -0.001019 0.000000
vt 0.000141 -0.000509 0.000000
vt -0.000141 0.000000 0.000000
vt -0.000141 -0.000549 0.000000
vt -0.000141 -0.001097 0.000000
vt -0.000141 -0.001646 0.000000
vt -0.000141 -0.002194 0.000000
vt -0.000141 -0.002743 0.000000
vt -0.000141 0.003840 0.000000
vt -0.000141 0.003291 0.000000
vt -0.000141 0.002743 0.000000
vt -0.000141 0.002194 0.000000
vt -0.000141 0.001646 0.000000
vt -0.000141 0.001097 0.000000
vt -0.000141 0.000549 0.000000
vt 0.000141 0.003566 0.000000
vt 0.000141 0.003566 0.000000
vt -0.000141 -0.003291 0.000000
vt -0.000141 -0.003291 0.000000
vt -0.004700 -0.001626 0.000000
vt -0.004700 -0.001126 0.000000
vt -0.004700 -0.000625 0.000000
vt -0.004700 -0.000125 0.000000
vt -0.004700 0.000375 0.000000
vt -0.004700 0.000875 0.000000
vt -0.004700 0.001376 0.000000
vt -0.004700 0.001876 0.000000
vt -0.004700 0.002376 0.000000
vt -0.004700 0.002876 0.000000
vt -0.004700 -0.003126 0.000000
vt -0.004700 -0.002626 0.000000
vt -0.004700 -0.002126 0.000000
vt -0.010000 0.000000 0.000000
vt -0.010000 -0.000500 0.000000
vt -0.010000 -0.001000 0.000000
vt -0.010000 -0.001501 0.000000
vt -0.010000 -0.002001 0.000000
vt -0.010000 -0.002501 0.000000
vt -0.010000 0.003502 0.000000
vt -0.010000 0.003001 0.000000
vt -0.010000 0.002501 0.000000
vt -0.010000 0.002001 0.000000
vt -0.010000 0.001501 0.000000
vt -0.010000 0.001000 0.000000
vt -0.010000 0.000500 0.000000
vt -0.010000 -0.003001 0.000000
vt -0.010000 -0.003001 0.000000
vt -0.004700 0.003377 0.000000
vt -0.004700 0.003377 0.000000
vt -0.009465 -0.033000 0.000000
vt -0.009584 -0.032519 0.000000
vt -0.009912 -0.032148 0.000000
vt -0.010375 -0.031973 0.000000
vt -0.010867 -0.032032 0.000000
vt -0.011275 -0.032314 0.000000
vt -0.011505 -0.032752 0.000000
vt -0.011505 -0.033248 0.000000
vt -0.011275 -0.033686 0.000000
vt -0.010867 -0.033968 0.000000
vt -0.010375 -0.034027 0.000000
vt -0.009912 -0.033852 0.000000
vt -0.009584 -0.033481 0.000000
vt -0.086737 0.000000 0.000000
vt -0.084537 0.000000 0.000000
vt -0.084537 0.000276 0.000000
vt -0.084537 0.000552 0.000000
vt -0.084537 0.000829 0.000000
vt -0.086737 0.000829 0.000000
vt -0.086737 0.000552 0.000000
vt -0.086737 0.000276 0.000000
vt -0.023700 -0.000800 0.000000
vt -0.023700 -0.002600 0.000000
vt -0.039250 -0.002600 0.000000
vt -0.039250 -0.003000 0.000000
vt -0.001694 -0.003000 0.000000
vt -0.001694 -0.000800 0.000000
vt -0.050337 0.001257 0.000000
vt -0.052137 0.001257 0.000000
vt -0.052137 0.000838 0.000000
vt -0.052137 0.000419 0.000000
vt -0.052137 0.000000 0.000000
vt -0.050337 0.000000 0.000000
vt -0.050337 0.000419 0.000000
vt -0.050337 0.000838 0.000000
vt -0.000800 -0.002600 0.000000
vt -0.000800 -0.000800 0.000000
vt -0.001842 -0.000800 0.000000
vt -0.001842 -0.002600 0.000000
vt 0.008158 -0.008000 0.000000
vt 0.009200 -0.008000 0.000000
vt 0.009600 -0.008107 0.000000
vt 0.009893 -0.008400 0.000000
vt 0.010000 -0.008800 0.000000
vt 0.010000 0.006750 0.000000
vt 0.009500 0.006750 0.000000
vt 0.008830 0.006883 0.000000
vt 0.008263 0.007263 0.000000
vt 0.007883 0.007830 0.000000
vt 0.007750 0.008500 0.000000
vt 0.007750 0.009937 0.000000
vt 0.007501 0.009972 0.000000
vt 0.007251 0.009993 0.000000
vt 0.007000 0.010000 0.000000
vt 0.000100 0.010000 0.000000
vt 0.000100 0.009149 0.000000
vt 0.001682 0.008994 0.000000
vt 0.003213 0.008567 0.000000
vt 0.004647 0.007882 0.000000
vt 0.005941 0.006959 0.000000
vt 0.007056 0.005826 0.000000
vt 0.007957 0.004517 0.000000
vt 0.008619 0.003072 0.000000
vt 0.009020 0.001534 0.000000
vt 0.009150 -0.000050 0.000000
vt 0.009003 -0.001633 0.000000
vt 0.008585 -0.003166 0.000000
vt 0.007907 -0.004604 0.000000
vt 0.006991 -0.005903 0.000000
vt 0.005864 -0.007024 0.000000
vt 0.004561 -0.007932 0.000000
vt 0.003119 -0.008602 0.000000
vt 0.001583 -0.009012 0.000000
vt 0.000000 -0.009150 0.000000
vt -0.001583 -0.009012 0.000000
vt -0.003119 -0.008602 0.000000
vt -0.004561 -0.007932 0.000000
vt -0.005864 -0.007024 0.000000
vt -0.006991 -0.005903 0.000000
vt -0.007907 -0.004604 0.000000
vt -0.008585 -0.003166 0.000000
vt -0.009003 -0.001633 0.000000
vt -0.009150 -0.000050 0.000000
vt -0.009020 0.001534 0.000000
vt -0.008619 0.003072 0.000000
vt -0.007957 0.004517 0.000000
vt -0.007056 0.005826 0.000000
vt -0.005941 0.006959 0.000000
vt -0.004647 0.007882 0.000000
vt -0.003213 0.008567 0.000000
vt -0.001682 0.008994 0.000000
vt -0.000100 0.009149 0.000000
vt -0.000100 0.010000 0.000000
vt -0.007000 0.010000 0.000000
vt -0.007251 0.009993 0.000000
vt -0.007501 0.009972 0.000000
vt -0.007750 0.009937 0.000000
vt -0.007750 0.008500 0.000000
vt -0.007883 0.007830 0.000000
vt -0.008263 0.007263 0.000000
vt -0.008830 0.006883 0.000000
vt -0.009500 0.006750 0.000000
vt -0.010000 0.006750 0.000000
vt -0.010000 -0.008800 0.000000
vt -0.009893 -0.008400 0.000000
vt -0.009600 -0.008107 0.000000
vt -0.009200 -0.008000 0.000000
vt -0.008158 -0.008000 0.000000
vt -0.007961 -0.008025 0.000000
vt -0.007776 -0.008097 0.000000
vt -0.007615 -0.008213 0.000000
vt -0.006306 -0.009256 0.000000
vt -0.004857 -0.010092 0.000000
vt -0.003299 -0.010703 0.000000
vt -0.001668 -0.011075 0.000000
vt 0.000000 -0.011200 0.000000
vt 0.001668 -0.011075 0.000000
vt 0.003299 -0.010703 0.000000
vt 0.004857 -0.010092 0.000000
vt 0.006306 -0.009256 0.000000
vt 0.007615 -0.008213 0.000000
vt 0.007776 -0.008097 0.000000
vt 0.007961 -0.008025 0.000000
vt -0.018158 -0.002600 0.000000
vt -0.018158 -0.000800 0.000000
vt -0.019200 -0.000800 0.000000
vt -0.019200 -0.002600 0.000000
vt -0.086737 0.000000 0.000000
vt -0.084937 0.000000 0.000000
vt -0.084937 0.000199 0.000000
vt -0.084937 0.000399 0.000000
vt -0.084937 0.000598 0.000000
vt -0.087281 0.000598 0.000000
vt -0.087029 0.000299 0.000000
vt -0.048515 0.001257 0.000000
vt -0.049557 0.001257 0.000000
vt -0.049849 0.000958 0.000000
vt -0.050101 0.000659 0.000000
vt -0.050421 0.000308 0.000000
vt -0.050787 0.000000 0.000000
vt -0.048515 0.000000 0.000000
vt -0.048515 0.000419 0.000000
vt -0.048515 0.000838 0.000000
vt -0.000000 0.000000 0.000000
vt -0.000000 0.000296 0.000000
vt -0.000000 0.000592 0.000000
vt -0.000000 0.000889 0.000000
vt -0.000419 0.000889 0.000000
vt -0.000838 0.000889 0.000000
vt -0.001257 0.000000 0.000000
vt -0.000838 0.000000 0.000000
vt -0.000419 0.000000 0.000000
vt -0.000419 0.000296 0.000000
vt -0.000838 0.000296 0.000000
vt -0.000419 0.000592 0.000000
vt -0.000838 0.000592 0.000000
vt -0.072874 0.001257 0.000000
vt -0.094880 0.001257 0.000000
vt -0.094880 0.000838 0.000000
vt -0.094880 0.000419 0.000000
vt -0.094880 0.000000 0.000000
vt -0.072874 0.000000 0.000000
vt -0.072874 0.000419 0.000000
vt -0.072874 0.000838 0.000000
vt -0.042306 -0.000800 0.000000
vt -0.042306 -0.003000 0.000000
vt -0.004750 -0.003000 0.000000
vt -0.004750 -0.002600 0.000000
vt -0.020300 -0.002600 0.000000
vt -0.020300 -0.000800 0.000000
vt -0.050337 0.000829 0.000000
vt -0.052537 0.000829 0.000000
vt -0.052537 0.000552 0.000000
vt -0.052537 0.000276 0.000000
vt -0.052537 0.000000 0.000000
vt -0.050337 0.000000 0.000000
vt -0.050337 0.000276 0.000000
vt -0.050337 0.000552 0.000000
vt -0.003000 -0.003685 0.000000
vt -0.003000 -0.003010 0.000000
vt -0.003000 -0.002336 0.000000
vt -0.003000 -0.001661 0.000000
vt -0.003000 -0.000987 0.000000
vt -0.003000 -0.000312 0.000000
vt -0.003000 0.000363 0.000000
vt -0.003000 0.001037 0.000000
vt -0.003000 0.001712 0.000000
vt -0.003000 0.002386 0.000000
vt -0.003000 0.003061 0.000000
vt -0.003000 0.003736 0.000000
vt -0.003000 0.004410 0.000000
vt -0.003000 -0.005911 0.000000
vt -0.003000 -0.005236 0.000000
vt -0.003000 -0.004562 0.000000
vt -0.000800 -0.004562 0.000000
vt -0.000800 -0.004269 0.000000
vt -0.000800 -0.003977 0.000000
vt -0.000800 -0.003685 0.000000
vt -0.004500 0.005498 0.000000
vt -0.004500 0.004811 0.000000
vt -0.004500 0.004123 0.000000
vt -0.004500 0.003436 0.000000
vt -0.004500 0.002749 0.000000
vt -0.004500 0.002062 0.000000
vt -0.004500 0.001374 0.000000
vt -0.004500 0.000687 0.000000
vt -0.004500 0.000000 0.000000
vt -0.004500 -0.000687 0.000000
vt -0.004500 -0.001374 0.000000
vt -0.004500 -0.002062 0.000000
vt -0.004500 -0.002749 0.000000
vt -0.004500 -0.003436 0.000000
vt -0.004500 -0.004123 0.000000
vt -0.004500 -0.004811 0.000000
vt -0.003000 0.005085 0.000000
vt -0.003000 0.005085 0.000000
vt -0.004500 -0.005498 0.000000
vt -0.004500 -0.005498 0.000000
vt 0.031250 0.010500 0.000000
vt 0.031383 0.009830 0.000000
vt 0.031763 0.009263 0.000000
vt 0.032330 0.008883 0.000000
vt 0.033000 0.008750 0.000000
vt 0.033670 0.008883 0.000000
vt 0.034237 0.009263 0.000000
vt 0.034617 0.009830 0.000000
vt 0.034750 0.010500 0.000000
vt 0.034617 0.011170 0.000000
vt 0.034237 0.011737 0.000000
vt 0.033670 0.012117 0.000000
vt 0.033000 0.012250 0.000000
vt 0.032330 0.012117 0.000000
vt 0.031763 0.011737 0.000000
vt 0.031383 0.011170 0.000000
vt 0.034235 0.010500 0.000000
vt 0.034113 0.009964 0.000000
vt 0.033770 0.009534 0.000000
vt 0.033275 0.009296 0.000000
vt 0.032725 0.009296 0.000000
vt 0.032230 0.009534 0.000000
vt 0.031887 0.009964 0.000000
vt 0.031765 0.010500 0.000000
vt 0.031887 0.011036 0.000000
vt 0.032230 0.011466 0.000000
vt 0.032725 0.011704 0.000000
vt 0.033275 0.011704 0.000000
vt 0.033770 0.011466 0.000000
vt 0.034113 0.011036 0.000000
vt 0.000141 0.000000 0.000000
vt 0.000141 0.000509 0.000000
vt 0.000141 0.001019 0.000000
vt 0.000141 0.001528 0.000000
vt 0.000141 0.002038 0.000000
vt 0.000141 0.002547 0.000000
vt 0.000141 0.003056 0.000000
vt 0.000141 -0.003566 0.000000
vt 0.000141 -0.003056 0.000000
vt 0.000141 -0.002547 0.000000
vt 0.000141 -0.002038 0.000000
vt 0.000141 -0.001528 0.000000
vt 0.000141 -0.001019 0.000000
vt 0.000141 -0.000509 0.000000
vt -0.000141 0.000000 0.000000
vt -0.000141 -0.000549 0.000000
vt -0.000141 -0.001097 0.000000
vt -0.000141 -0.001646 0.000000
vt -0.000141 -0.002194 0.000000
vt -0.000141 -0.002743 0.000000
vt -0.000141 0.003840 0.000000
vt -0.000141 0.003291 0.000000
vt -0.000141 0.002743 0.000000
vt -0.000141 0.002194 0.000000
vt -0.000141 0.001646 0.000000
vt -0.000141 0.001097 0.000000
vt -0.000141 0.000549 0.000000
vt 0.000141 0.003566 0.000000
vt 0.000141 0.003566 0.000000
vt -0.000141 -0.003291 0.000000
vt -0.000141 -0.003291 0.000000
vt -0.004700 -0.001626 0.000000
vt -0.004700 -0.001126 0.000000
vt -0.004700 -0.000625 0.000000
vt -0.004700 -0.000125 0.000000
vt -0.004700 0.000375 0.000000
vt -0.004700 0.000875 0.000000
vt -0.004700 0.001376 0.000000
vt -0.004700 0.001876 0.000000
vt -0.004700 0.002376 0.000000
vt -0.004700 0.002876 0.000000
vt -0.004700 -0.003126 0.000000
vt -0.004700 -0.002626 0.000000
vt -0.004700 -0.002126 0.000000
vt -0.010000 0.000000 0.000000
vt -0.010000 -0.000500 0.000000
vt -0.010000 -0.001000 0.000000
vt -0.010000 -0.001501 0.000000
vt -0.010000 -0.002001 0.000000
vt -0.010000 -0.002501 0.000000
vt -0.010000 0.003502 0.000000
vt -0.010000 0.003001 0.000000
vt -0.010000 0.002501 0.000000
vt -0.010000 0.002001 0.000000
vt -0.010000 0.001501 0.000000
vt -0.010000 0.001000 0.000000
vt -0.010000 0.000500 0.000000
vt -0.010000 -0.003001 0.000000
vt -0.010000 -0.003001 0.000000
vt -0.004700 0.003377 0.000000
vt -0.004700 0.003377 0.000000
vt 0.011535 -0.033000 0.000000
vt 0.011416 -0.032519 0.000000
vt 0.011088 -0.032148 0.000000
vt 0.010625 -0.031973 0.000000
vt 0.010133 -0.032032 0.000000
vt 0.009725 -0.032314 0.000000
vt 0.009495 -0.032752 0.000000
vt 0.009495 -0.033248 0.000000
vt 0.009725 -0.033686 0.000000
vt 0.010133 -0.033968 0.000000
vt 0.010625 -0.034027 0.000000
vt 0.011088 -0.033852 0.000000
vt 0.011416 -0.033481 0.000000
vt -0.086737 0.000000 0.000000
vt -0.084537 0.000000 0.000000
vt -0.084537 0.000276 0.000000
vt -0.084537 0.000552 0.000000
vt -0.084537 0.000829 0.000000
vt -0.086737 0.000829 0.000000
vt -0.086737 0.000552 0.000000
vt -0.086737 0.000276 0.000000
vt -0.000000 0.000000 0.000000
vt -0.000206 0.000261 0.000000
vt -0.000366 0.000554 0.000000
vt -0.000428 0.000889 0.000000
vt -0.000704 0.000889 0.000000
vt -0.000980 0.000889 0.000000
vt -0.001257 0.000000 0.000000
vt -0.000838 0.000000 0.000000
vt -0.000419 0.000000 0.000000
vt -0.000419 0.000296 0.000000
vt -0.000838 0.000296 0.000000
vt -0.000419 0.000592 0.000000
vt -0.000838 0.000592 0.000000
vt -0.049409 0.001257 0.000000
vt -0.066021 0.001257 0.000000
vt -0.066021 0.000838 0.000000
vt -0.066021 0.000419 0.000000
vt -0.066021 0.000000 0.000000
vt -0.049409 0.000000 0.000000
vt -0.049409 0.000419 0.000000
vt -0.049409 0.000838 0.000000
vt -0.000428 0.000000 0.000000
vt -0.000366 0.000334 0.000000
vt -0.000206 0.000628 0.000000
vt -0.000000 0.000889 0.000000
vt -0.000419 0.000889 0.000000
vt -0.000838 0.000889 0.000000
vt -0.001257 0.000000 0.000000
vt -0.000980 0.000000 0.000000
vt -0.000704 0.000000 0.000000
vt -0.000419 0.000296 0.000000
vt -0.000838 0.000296 0.000000
vt -0.000419 0.000592 0.000000
vt -0.000838 0.000592 0.000000
vt -0.001257 -0.005171 0.000000
vt -0.001257 -0.004839 0.000000
vt -0.001257 -0.004508 0.000000
vt -0.001257 -0.004177 0.000000
vt -0.001676 -0.004177 0.000000
vt -0.002094 -0.004177 0.000000
vt -0.002513 -0.004177 0.000000
vt -0.002513 -0.004508 0.000000
vt -0.002513 -0.004839 0.000000
vt -0.002513 -0.005171 0.000000
vt -0.002094 -0.005171 0.000000
vt -0.001676 -0.005171 0.000000
vt -0.001676 -0.004674 0.000000
vt -0.002094 -0.004674 0.000000
vt 0.008306 -0.031700 0.000000
vt 0.008553 -0.031354 0.000000
vt 0.008854 -0.031053 0.000000
vt 0.009200 -0.030806 0.000000
vt 0.009200 -0.008800 0.000000
vt 0.006928 -0.008800 0.000000
vt 0.005553 -0.009727 0.000000
vt 0.004056 -0.010440 0.000000
vt 0.002469 -0.010924 0.000000
vt 0.000829 -0.011169 0.000000
vt -0.000829 -0.011169 0.000000
vt -0.002469 -0.010924 0.000000
vt -0.004056 -0.010440 0.000000
vt -0.005553 -0.009727 0.000000
vt -0.006928 -0.008800 0.000000
vt -0.009200 -0.008800 0.000000
vt -0.009200 -0.030806 0.000000
vt -0.008854 -0.031053 0.000000
vt -0.008553 -0.031354 0.000000
vt -0.008306 -0.031700 0.000000
vt -0.008000 -0.026000 0.000000
vt -0.008000 -0.016600 0.000000
vt 0.008000 -0.016600 0.000000
vt 0.008000 -0.026000 0.000000
vt -0.001257 0.004180 0.000000
vt -0.001257 0.004512 0.000000
vt -0.001257 0.004843 0.000000
vt -0.001257 0.005174 0.000000
vt -0.001676 0.005174 0.000000
vt -0.002094 0.005174 0.000000
vt -0.002513 0.005174 0.000000
vt -0.002513 0.004843 0.000000
vt -0.002513 0.004512 0.000000
vt -0.002513 0.004180 0.000000
vt -0.002094 0.004180 0.000000
vt -0.001676 0.004180 0.000000
vt -0.001676 0.004677 0.000000
vt -0.002094 0.004677 0.000000
vt -0.000000 0.000889 0.000000
vt -0.000206 0.001149 0.000000
vt -0.000366 0.001443 0.000000
vt -0.000428 0.001777 0.000000
vt -0.000704 0.001777 0.000000
vt -0.000980 0.001777 0.000000
vt -0.001257 0.000889 0.000000
vt -0.000838 0.000889 0.000000
vt -0.000419 0.000889 0.000000
vt -0.000419 0.001185 0.000000
vt -0.000838 0.001185 0.000000
vt -0.000419 0.001481 0.000000
vt -0.000838 0.001481 0.000000
vt -0.085480 0.001257 0.000000
vt -0.107486 0.001257 0.000000
vt -0.107486 0.000838 0.000000
vt -0.107486 0.000419 0.000000
vt -0.107486 0.000000 0.000000
vt -0.085480 0.000000 0.000000
vt -0.085480 0.000419 0.000000
vt -0.085480 0.000838 0.000000
vt -0.001257 0.000889 0.000000
vt -0.000838 0.000889 0.000000
vt -0.000419 0.000889 0.000000
vt -0.000000 0.000889 0.000000
vt -0.000000 0.001185 0.000000
vt -0.000000 0.001481 0.000000
vt -0.000000 0.001777 0.000000
vt -0.000419 0.001777 0.000000
vt -0.000838 0.001777 0.000000
vt -0.000419 0.001185 0.000000
vt -0.000838 0.001185 0.000000
vt -0.000419 0.001481 0.000000
vt -0.000838 0.001481 0.000000
vt -0.066915 0.000000 0.000000
vt -0.064643 0.000000 0.000000
vt -0.065009 0.000308 0.000000
vt -0.065330 0.000659 0.000000
vt -0.065582 0.000958 0.000000
vt -0.065874 0.001257 0.000000
vt -0.066915 0.001257 0.000000
vt -0.066915 0.000838 0.000000
vt -0.066915 0.000419 0.000000
vt -0.049793 0.000598 0.000000
vt -0.052137 0.000598 0.000000
vt -0.052137 0.000399 0.000000
vt -0.052137 0.000199 0.000000
vt -0.052137 0.000000 0.000000
vt -0.050337 0.000000 0.000000
vt -0.050045 0.000299 0.000000
vt -0.000256 -0.009220 0.000000
vt -0.002600 -0.009220 0.000000
vt -0.002600 -0.010895 0.000000
vt -0.002600 -0.012569 0.000000
vt -0.002600 -0.014244 0.000000
vt -0.002600 -0.015918 0.000000
vt -0.002600 -0.017593 0.000000
vt -0.002600 -0.019268 0.000000
vt -0.002600 -0.020942 0.000000
vt -0.002600 -0.022617 0.000000
vt -0.002600 -0.024291 0.000000
vt -0.002600 -0.025966 0.000000
vt -0.000256 -0.025966 0.000000
vt -0.000059 -0.025536 0.000000
vt 0.000000 -0.025063 0.000000
vt 0.000000 -0.023403 0.000000
vt 0.000000 -0.021743 0.000000
vt 0.000000 -0.020083 0.000000
vt 0.000000 -0.018423 0.000000
vt 0.000000 -0.016763 0.000000
vt 0.000000 -0.015103 0.000000
vt 0.000000 -0.013443 0.000000
vt 0.000000 -0.011783 0.000000
vt 0.000000 -0.010123 0.000000
vt -0.000059 -0.009650 0.000000
vt -0.001257 0.000000 0.000000
vt -0.000838 0.000000 0.000000
vt -0.000419 0.000000 0.000000
vt -0.000000 0.000000 0.000000
vt -0.000206 0.000261 0.000000
vt -0.000366 0.000554 0.000000
vt -0.000428 0.000889 0.000000
vt -0.000704 0.000889 0.000000
vt -0.000980 0.000889 0.000000
vt -0.000419 0.000296 0.000000
vt -0.000838 0.000296 0.000000
vt -0.000419 0.000592 0.000000
vt -0.000838 0.000592 0.000000
vt -0.000000 0.000000 0.000000
vt -0.009400 0.000000 0.000000
vt -0.009400 -0.000200 0.000000
vt -0.000000 -0.000200 0.000000
vt -0.000000 0.000000 0.000000
vt -0.016000 0.000000 0.000000
vt -0.016000 -0.000200 0.000000
vt -0.000000 -0.000200 0.000000
vt -0.000000 0.000000 0.000000
vt -0.009400 0.000000 0.000000
vt -0.009400 -0.000200 0.000000
vt -0.000000 -0.000200 0.000000
vt -0.000000 0.000000 0.000000
vt -0.016000 0.000000 0.000000
vt -0.016000 -0.000200 0.000000
vt -0.000000 -0.000200 0.000000
vt -0.008000 -0.016600 0.000000
vt -0.008000 -0.026000 0.000000
vt 0.008000 -0.026000 0.000000
vt 0.008000 -0.016600 0.000000
vt -0.086737 0.000000 0.000000
vt -0.084937 0.000000 0.000000
vt -0.084937 0.000419 0.000000
vt -0.084937 0.000838 0.000000
vt -0.084937 0.001257 0.000000
vt -0.086737 0.001257 0.000000
vt -0.086737 0.000838 0.000000
vt -0.086737 0.000419 0.000000
vt -0.001823 -0.000400 0.000000
vt -0.002409 -0.000511 0.000000
vt -0.002910 -0.000831 0.000000
vt -0.003248 -0.001319 0.000000
vt -0.003368 -0.001900 0.000000
vt -0.000000 -0.001900 0.000000
vt -0.000000 0.000000 0.000000
vt -0.000500 0.000000 0.000000
vt -0.000500 -0.000400 0.000000
vt -0.000000 0.001776 0.000000
vt -0.000000 0.001387 0.000000
vt -0.000000 0.000998 0.000000
vt -0.000000 0.000609 0.000000
vt 0.000597 0.000585 0.000000
vt 0.001190 0.000513 0.000000
vt 0.001777 0.000389 0.000000
vt 0.002356 0.000210 0.000000
vt 0.002356 0.000732 0.000000
vt 0.002356 0.001254 0.000000
vt 0.002356 0.001776 0.000000
vt 0.001767 0.001776 0.000000
vt 0.001178 0.001776 0.000000
vt 0.000589 0.001776 0.000000
vt 0.001767 0.000994 0.000000
vt 0.000589 0.000997 0.000000
vt 0.001178 0.000995 0.000000
vt -0.008078 0.009425 0.000000
vt -0.008078 0.008247 0.000000
vt -0.008078 0.007069 0.000000
vt -0.008078 0.005890 0.000000
vt -0.008078 0.004712 0.000000
vt -0.008078 0.003534 0.000000
vt -0.008078 0.002356 0.000000
vt -0.008078 0.001178 0.000000
vt -0.008078 0.000000 0.000000
vt -0.004203 0.000000 0.000000
vt -0.004203 0.000251 0.000000
vt -0.004203 0.000501 0.000000
vt -0.004203 0.000752 0.000000
vt -0.004603 0.000752 0.000000
vt -0.004603 0.001988 0.000000
vt -0.004603 0.003223 0.000000
vt -0.004603 0.004459 0.000000
vt -0.004603 0.005694 0.000000
vt -0.004603 0.006930 0.000000
vt -0.004603 0.008166 0.000000
vt -0.004603 0.008585 0.000000
vt -0.004603 0.009005 0.000000
vt -0.004603 0.009425 0.000000
vt 0.005700 0.013200 0.000000
vt 0.012600 0.013200 0.000000
vt 0.012600 0.013500 0.000000
vt 0.005700 0.013500 0.000000
vt 0.004529 0.013385 0.000000
vt 0.003404 0.013043 0.000000
vt 0.002367 0.012489 0.000000
vt 0.001457 0.011743 0.000000
vt 0.000711 0.010833 0.000000
vt 0.000157 0.009796 0.000000
vt -0.000185 0.008671 0.000000
vt -0.000300 0.007500 0.000000
vt -0.000300 0.000000 0.000000
vt -0.000000 0.000000 0.000000
vt -0.000000 0.007500 0.000000
vt 0.000110 0.008612 0.000000
vt 0.000434 0.009681 0.000000
vt 0.000961 0.010667 0.000000
vt 0.001669 0.011531 0.000000
vt 0.002533 0.012239 0.000000
vt 0.003519 0.012766 0.000000
vt 0.004588 0.013090 0.000000
vt -0.000050 0.006900 0.000000
vt -0.000050 0.000000 0.000000
vt -0.000000 0.000000 0.000000
vt -0.000000 0.014000 0.000000
vt -0.000050 0.014000 0.000000
vt -0.000050 0.007100 0.000000
vt -0.003925 0.007100 0.000000
vt -0.003925 0.006900 0.000000
vt -0.000300 0.002399 0.000000
vt -0.000000 0.002399 0.000000
vt -0.000000 0.003250 0.000000
vt -0.000114 0.003824 0.000000
vt -0.000439 0.004311 0.000000
vt -0.000926 0.004636 0.000000
vt -0.001500 0.004750 0.000000
vt -0.005375 0.004750 0.000000
vt -0.005375 0.004450 0.000000
vt -0.001500 0.004450 0.000000
vt -0.001041 0.004359 0.000000
vt -0.000651 0.004099 0.000000
vt -0.000391 0.003709 0.000000
vt -0.000300 0.003250 0.000000
vt 0.000000 0.014473 0.000000
vt 0.000000 0.016064 0.000000
vt 0.000000 0.017656 0.000000
vt 0.000000 0.019247 0.000000
vt 0.000000 0.020838 0.000000
vt 0.000000 0.022430 0.000000
vt 0.000000 0.024021 0.000000
vt 0.000000 0.025613 0.000000
vt 0.000000 -0.030287 0.000000
vt 0.000000 -0.028696 0.000000
vt 0.000000 -0.027104 0.000000
vt 0.000000 -0.025513 0.000000
vt 0.000000 -0.023921 0.000000
vt 0.000000 -0.022330 0.000000
vt 0.000000 -0.020738 0.000000
vt 0.000000 -0.019147 0.000000
vt 0.000000 -0.017556 0.000000
vt 0.000000 -0.015964 0.000000
vt 0.000000 -0.014373 0.000000
vt 0.000000 -0.012781 0.000000
vt 0.000000 -0.011190 0.000000
vt 0.000000 -0.009599 0.000000
vt 0.000000 -0.008007 0.000000
vt 0.000000 -0.006416 0.000000
vt 0.000000 -0.004824 0.000000
vt 0.000000 -0.003233 0.000000
vt 0.000000 -0.001641 0.000000
vt 0.000000 -0.000050 0.000000
vt 0.000000 0.001541 0.000000
vt 0.000000 0.003133 0.000000
vt 0.000000 0.004724 0.000000
vt 0.000000 0.006316 0.000000
vt 0.000000 0.007907 0.000000
vt 0.000000 0.009499 0.000000
vt 0.000000 0.011090 0.000000
vt 0.000000 0.012681 0.000000
vt 0.000000 0.014273 0.000000
vt -0.000300 0.014273 0.000000
vt -0.000300 0.014339 0.000000
vt -0.000300 0.014406 0.000000
vt -0.000300 0.014473 0.000000
vt -0.000800 0.000000 0.000000
vt -0.000800 -0.001597 0.000000
vt -0.000800 -0.003194 0.000000
vt -0.000800 -0.004791 0.000000
vt -0.000800 -0.006388 0.000000
vt -0.000800 -0.007985 0.000000
vt -0.000800 -0.009582 0.000000
vt -0.000800 -0.011179 0.000000
vt -0.000800 -0.012776 0.000000
vt -0.000800 -0.014373 0.000000
vt -0.000800 -0.015970 0.000000
vt -0.000800 -0.017567 0.000000
vt -0.000800 -0.019164 0.000000
vt -0.000800 -0.020761 0.000000
vt -0.000800 -0.022358 0.000000
vt -0.000800 -0.023955 0.000000
vt -0.000800 -0.025552 0.000000
vt -0.000800 -0.027149 0.000000
vt -0.000800 0.028746 0.000000
vt -0.000800 0.027149 0.000000
vt -0.000800 0.025552 0.000000
vt -0.000800 0.023955 0.000000
vt -0.000800 0.022358 0.000000
vt -0.000800 0.020761 0.000000
vt -0.000800 0.019164 0.000000
vt -0.000800 0.017567 0.000000
vt -0.000800 0.015970 0.000000
vt -0.000800 0.014373 0.000000
vt -0.000800 0.012776 0.000000
vt -0.000800 0.011179 0.000000
vt -0.000800 0.009582 0.000000
vt -0.000800 0.007985 0.000000
vt -0.000800 0.006388 0.000000
vt -0.000800 0.004791 0.000000
vt -0.000800 0.003194 0.000000
vt -0.000800 0.001597 0.000000
vt 0.000000 0.027204 0.000000
vt 0.000000 0.027204 0.000000
vt -0.000800 -0.028746 0.000000
vt -0.000800 -0.028746 0.000000
vt 0.009150 0.000000 0.000000
vt 0.009011 0.001589 0.000000
vt 0.008598 0.003129 0.000000
vt 0.007924 0.004575 0.000000
vt 0.007009 0.005882 0.000000
vt 0.005882 0.007009 0.000000
vt 0.004575 0.007924 0.000000
vt 0.003129 0.008598 0.000000
vt 0.001589 0.009011 0.000000
vt 0.000000 0.009150 0.000000
vt -0.001589 0.009011 0.000000
vt -0.003129 0.008598 0.000000
vt -0.004575 0.007924 0.000000
vt -0.005882 0.007009 0.000000
vt -0.007009 0.005882 0.000000
vt -0.007924 0.004575 0.000000
vt -0.008598 0.003129 0.000000
vt -0.009011 0.001589 0.000000
vt -0.009150 0.000000 0.000000
vt -0.009011 -0.001589 0.000000
vt -0.008598 -0.003129 0.000000
vt -0.007924 -0.004575 0.000000
vt -0.007009 -0.005882 0.000000
vt -0.005882 -0.007009 0.000000
vt -0.004575 -0.007924 0.000000
vt -0.003129 -0.008598 0.000000
vt -0.001589 -0.009011 0.000000
vt 0.000000 -0.009150 0.000000
vt 0.001589 -0.009011 0.000000
vt 0.003129 -0.008598 0.000000
vt 0.004575 -0.007924 0.000000
vt 0.005882 -0.007009 0.000000
vt 0.007009 -0.005882 0.000000
vt 0.007924 -0.004575 0.000000
vt 0.008598 -0.003129 0.000000
vt 0.009011 -0.001589 0.000000
vt 0.006850 0.000000 0.000000
vt 0.006710 -0.001379 0.000000
vt 0.006295 -0.002701 0.000000
vt 0.005622 -0.003913 0.000000
vt 0.004719 -0.004965 0.000000
vt 0.003623 -0.005813 0.000000
vt 0.002379 -0.006424 0.000000
vt 0.001037 -0.006771 0.000000
vt -0.000347 -0.006841 0.000000
vt -0.001717 -0.006631 0.000000
vt -0.003017 -0.006150 0.000000
vt -0.004193 -0.005417 0.000000
vt -0.005197 -0.004462 0.000000
vt -0.005989 -0.003324 0.000000
vt -0.006536 -0.002051 0.000000
vt -0.006815 -0.000693 0.000000
vt -0.006815 0.000693 0.000000
vt -0.006536 0.002051 0.000000
vt -0.005989 0.003324 0.000000
vt -0.005197 0.004462 0.000000
vt -0.004193 0.005417 0.000000
vt -0.003017 0.006150 0.000000
vt -0.001717 0.006631 0.000000
vt -0.000347 0.006841 0.000000
vt 0.001037 0.006771 0.000000
vt 0.002379 0.006424 0.000000
vt 0.003623 0.005813 0.000000
vt 0.004719 0.004965 0.000000
vt 0.005622 0.003913 0.000000
vt 0.006295 0.002701 0.000000
vt 0.006710 0.001379 0.000000
vt -0.000000 0.000000 0.000000
vt -0.000000 -0.001388 0.000000
vt -0.000000 -0.002777 0.000000
vt -0.000000 -0.004165 0.000000
vt -0.000000 -0.005554 0.000000
vt -0.000000 -0.006942 0.000000
vt -0.000000 -0.008330 0.000000
vt -0.000000 -0.009719 0.000000
vt -0.000000 -0.011107 0.000000
vt -0.000000 -0.012495 0.000000
vt -0.000000 -0.013884 0.000000
vt -0.000000 -0.015272 0.000000
vt -0.000000 -0.016661 0.000000
vt -0.000000 -0.018049 0.000000
vt -0.000000 -0.019437 0.000000
vt -0.000000 -0.020826 0.000000
vt -0.000000 0.020826 0.000000
vt -0.000000 0.019437 0.000000
vt -0.000000 0.018049 0.000000
vt -0.000000 0.016661 0.000000
vt -0.000000 0.015272 0.000000
vt -0.000000 0.013884 0.000000
vt -0.000000 0.012495 0.000000
vt -0.000000 0.011107 0.000000
vt -0.000000 0.009719 0.000000
vt -0.000000 0.008330 0.000000
vt -0.000000 0.006942 0.000000
vt -0.000000 0.005554 0.000000
vt -0.000000 0.004165 0.000000
vt -0.000000 0.002777 0.000000
vt -0.000000 0.001388 0.000000
vt 0.000800 0.000000 0.000000
vt 0.000800 0.001388 0.000000
vt 0.000800 0.002777 0.000000
vt 0.000800 0.004165 0.000000
vt 0.000800 0.005554 0.000000
vt 0.000800 0.006942 0.000000
vt 0.000800 0.008330 0.000000
vt 0.000800 0.009719 0.000000
vt 0.000800 0.011107 0.000000
vt 0.000800 0.012495 0.000000
vt 0.000800 0.013884 0.000000
vt 0.000800 0.015272 0.000000
vt 0.000800 0.016661 0.000000
vt 0.000800 0.018049 0.000000
vt 0.000800 0.019437 0.000000
vt 0.000800 -0.022214 0.000000
vt 0.000800 -0.020826 0.000000
vt 0.000800 -0.019437 0.000000
vt 0.000800 -0.018049 0.000000
vt 0.000800 -0.016661 0.000000
vt 0.000800 -0.015272 0.000000
vt 0.000800 -0.013884 0.000000
vt 0.000800 -0.012495 0.000000
vt 0.000800 -0.011107 0.000000
vt 0.000800 -0.009719 0.000000
vt 0.000800 -0.008330 0.000000
vt 0.000800 -0.006942 0.000000
vt 0.000800 -0.005554 0.000000
vt 0.000800 -0.004165 0.000000
vt 0.000800 -0.002777 0.000000
vt 0.000800 -0.001388 0.000000
vt 0.000800 0.020826 0.000000
vt 0.000800 0.020826 0.000000
vt -0.000000 -0.022214 0.000000
vt -0.000000 -0.022214 0.000000
vt 0.006850 0.000000 0.000000
vt 0.006710 0.001379 0.000000
vt 0.006295 0.002701 0.000000
vt 0.005622 0.003913 0.000000
vt 0.004719 0.004965 0.000000
vt 0.003623 0.005813 0.000000
vt 0.002379 0.006424 0.000000
vt 0.001037 0.006771 0.000000
vt -0.000347 0.006841 0.000000
vt -0.001717 0.006631 0.000000
vt -0.003017 0.006150 0.000000
vt -0.004193 0.005417 0.000000
vt -0.005197 0.004462 0.000000
vt -0.005989 0.003324 0.000000
vt -0.006536 0.002051 0.000000
vt -0.006815 0.000693 0.000000
vt -0.006815 -0.000693 0.000000
vt -0.006536 -0.002051 0.000000
vt -0.005989 -0.003324 0.000000
vt -0.005197 -0.004462 0.000000
vt -0.004193 -0.005417 0.000000
vt -0.003017 -0.006150 0.000000
vt -0.001717 -0.006631 0.000000
vt -0.000347 -0.006841 0.000000
vt 0.001037 -0.006771 0.000000
vt 0.002379 -0.006424 0.000000
vt 0.003623 -0.005813 0.000000
vt 0.004719 -0.004965 0.000000
vt 0.005622 -0.003913 0.000000
vt 0.006295 -0.002701 0.000000
vt 0.006710 -0.001379 0.000000
vt 0.004600 0.000000 0.000000
vt 0.004466 -0.001101 0.000000
vt 0.004073 -0.002138 0.000000
vt 0.003443 -0.003050 0.000000
vt 0.002613 -0.003786 0.000000
vt 0.001631 -0.004301 0.000000
vt 0.000554 -0.004566 0.000000
vt -0.000554 -0.004566 0.000000
vt -0.001631 -0.004301 0.000000
vt -0.002613 -0.003786 0.000000
vt -0.003443 -0.003050 0.000000
vt -0.004073 -0.002138 0.000000
vt -0.004466 -0.001101 0.000000
vt -0.004600 0.000000 0.000000
vt -0.004466 0.001101 0.000000
vt -0.004073 0.002138 0.000000
vt -0.003443 0.003050 0.000000
vt -0.002613 0.003786 0.000000
vt -0.001631 0.004301 0.000000
vt -0.000554 0.004566 0.000000
vt 0.000554 0.004566 0.000000
vt 0.001631 0.004301 0.000000
vt 0.002613 0.003786 0.000000
vt 0.003443 0.003050 0.000000
vt 0.004073 0.002138 0.000000
vt 0.004466 0.001101 0.000000
vt 0.000000 0.000000 0.000000
vt 0.000000 0.001112 0.000000
vt 0.000000 0.002223 0.000000
vt 0.000000 0.003335 0.000000
vt 0.000000 0.004447 0.000000
vt 0.000000 0.005558 0.000000
vt 0.000000 0.006670 0.000000
vt 0.000000 0.007781 0.000000
vt 0.000000 0.008893 0.000000
vt 0.000000 0.010005 0.000000
vt 0.000000 0.011116 0.000000
vt 0.000000 0.012228 0.000000
vt 0.000000 0.013340 0.000000
vt 0.000000 -0.014451 0.000000
vt 0.000000 -0.013340 0.000000
vt 0.000000 -0.012228 0.000000
vt 0.000000 -0.011116 0.000000
vt 0.000000 -0.010005 0.000000
vt 0.000000 -0.008893 0.000000
vt 0.000000 -0.007781 0.000000
vt 0.000000 -0.006670 0.000000
vt 0.000000 -0.005558 0.000000
vt 0.000000 -0.004447 0.000000
vt 0.000000 -0.003335 0.000000
vt 0.000000 -0.002223 0.000000
vt 0.000000 -0.001112 0.000000
vt -0.003000 0.000000 0.000000
vt -0.003000 -0.001112 0.000000
vt -0.003000 -0.002223 0.000000
vt -0.003000 -0.003335 0.000000
vt -0.003000 -0.004447 0.000000
vt -0.003000 -0.005558 0.000000
vt -0.003000 -0.006670 0.000000
vt -0.003000 -0.007781 0.000000
vt -0.003000 -0.008893 0.000000
vt -0.003000 -0.010005 0.000000
vt -0.003000 -0.011116 0.000000
vt -0.003000 -0.012228 0.000000
vt -0.003000 -0.013340 0.000000
vt -0.003000 0.014451 0.000000
vt -0.003000 0.013340 0.000000
vt -0.003000 0.012228 0.000000
vt -0.003000 0.011116 0.000000
vt -0.003000 0.010005 0.000000
vt -0.003000 0.008893 0.000000
vt -0.003000 0.007781 0.000000
vt -0.003000 0.006670 0.000000
vt -0.003000 0.005558 0.000000
vt -0.003000 0.004447 0.000000
vt -0.003000 0.003335 0.000000
vt -0.003000 0.002223 0.000000
vt -0.003000 0.001112 0.000000
vt -0.003000 -0.014451 0.000000
vt 0.000000 0.014451 0.000000
vt 0.004600 0.000000 0.000000
vt 0.004466 0.001101 0.000000
vt 0.004073 0.002138 0.000000
vt 0.003443 0.003050 0.000000
vt 0.002613 0.003786 0.000000
vt 0.001631 0.004301 0.000000
vt 0.000554 0.004566 0.000000
vt -0.000554 0.004566 0.000000
vt -0.001631 0.004301 0.000000
vt -0.002613 0.003786 0.000000
vt -0.003443 0.003050 0.000000
vt -0.004073 0.002138 0.000000
vt -0.004466 0.001101 0.000000
vt -0.004600 0.000000 0.000000
vt -0.004466 -0.001101 0.000000
vt -0.004073 -0.002138 0.000000
vt -0.003443 -0.003050 0.000000
vt -0.002613 -0.003786 0.000000
vt -0.001631 -0.004301 0.000000
vt -0.000554 -0.004566 0.000000
vt 0.000554 -0.004566 0.000000
vt 0.001631 -0.004301 0.000000
vt 0.002613 -0.003786 0.000000
vt 0.003443 -0.003050 0.000000
vt 0.004073 -0.002138 0.000000
vt 0.004466 -0.001101 0.000000
vt -0.000300 0.002399 0.000000
vt -0.000000 0.002399 0.000000
vt -0.000000 0.003250 0.000000
vt 0.000091 0.003709 0.000000
vt 0.000351 0.004099 0.000000
vt 0.000741 0.004359 0.000000
vt 0.001200 0.004450 0.000000
vt 0.005075 0.004450 0.000000
vt 0.005075 0.004750 0.000000
vt 0.001200 0.004750 0.000000
vt 0.000626 0.004636 0.000000
vt 0.000139 0.004311 0.000000
vt -0.000186 0.003824 0.000000
vt -0.000300 0.003250 0.000000
vt -0.007208 0.000000 0.000000
vt -0.007208 0.000589 0.000000
vt -0.007208 0.001178 0.000000
vt -0.007208 0.001767 0.000000
vt -0.007208 0.002356 0.000000
vt -0.014108 0.002356 0.000000
vt -0.014108 0.001767 0.000000
vt -0.014108 0.001178 0.000000
vt -0.014108 0.000589 0.000000
vt -0.014108 0.000000 0.000000
vt -0.000000 -0.000143 0.000000
vt -0.000000 -0.000375 0.000000
vt -0.000000 -0.000607 0.000000
vt -0.000000 -0.000840 0.000000
vt 0.000592 -0.000853 0.000000
vt 0.001182 -0.000895 0.000000
vt 0.001771 -0.000968 0.000000
vt 0.002356 -0.001074 0.000000
vt 0.002356 -0.000763 0.000000
vt 0.002356 -0.000453 0.000000
vt 0.002356 -0.000143 0.000000
vt 0.001767 -0.000143 0.000000
vt 0.001178 -0.000143 0.000000
vt 0.000589 -0.000143 0.000000
vt -0.008078 0.009425 0.000000
vt -0.008078 0.008247 0.000000
vt -0.008078 0.007069 0.000000
vt -0.008078 0.005890 0.000000
vt -0.008078 0.004712 0.000000
vt -0.008078 0.003534 0.000000
vt -0.008078 0.002356 0.000000
vt -0.008078 0.001178 0.000000
vt -0.008078 0.000000 0.000000
vt -0.004603 0.000000 0.000000
vt -0.004603 0.000420 0.000000
vt -0.004603 0.000839 0.000000
vt -0.004603 0.001259 0.000000
vt -0.004603 0.002495 0.000000
vt -0.004603 0.003730 0.000000
vt -0.004603 0.004966 0.000000
vt -0.004603 0.006202 0.000000
vt -0.004603 0.007437 0.000000
vt -0.004603 0.008673 0.000000
vt -0.004203 0.008673 0.000000
vt -0.004203 0.008923 0.000000
vt -0.004203 0.009174 0.000000
vt -0.004203 0.009425 0.000000
vt 0.012800 0.013200 0.000000
vt 0.019700 0.013200 0.000000
vt 0.020812 0.013090 0.000000
vt 0.021881 0.012766 0.000000
vt 0.022867 0.012239 0.000000
vt 0.023731 0.011531 0.000000
vt 0.024439 0.010667 0.000000
vt 0.024966 0.009681 0.000000
vt 0.025290 0.008612 0.000000
vt 0.025400 0.007500 0.000000
vt 0.025400 0.000000 0.000000
vt 0.025700 0.000000 0.000000
vt 0.025700 0.007500 0.000000
vt 0.025585 0.008671 0.000000
vt 0.025243 0.009796 0.000000
vt 0.024689 0.010833 0.000000
vt 0.023943 0.011743 0.000000
vt 0.023033 0.012489 0.000000
vt 0.021996 0.013043 0.000000
vt 0.020871 0.013385 0.000000
vt 0.019700 0.013500 0.000000
vt 0.012800 0.013500 0.000000
vt 0.013100 0.030025 0.000000
vt 0.020000 0.030025 0.000000
vt 0.020000 0.033900 0.000000
vt 0.013100 0.033900 0.000000
vt 0.006000 0.030025 0.000000
vt 0.013500 0.030025 0.000000
vt 0.013500 0.033500 0.000000
vt 0.006000 0.033500 0.000000
vt -0.000108 0.002356 0.000000
vt -0.007608 0.002356 0.000000
vt -0.007608 0.001767 0.000000
vt -0.007608 0.001178 0.000000
vt -0.007608 0.000589 0.000000
vt -0.007608 0.000000 0.000000
vt -0.000108 0.000000 0.000000
vt -0.000108 0.000589 0.000000
vt -0.000108 0.001178 0.000000
vt -0.000108 0.001767 0.000000
vt 0.002356 -0.001708 0.000000
vt 0.002356 -0.001186 0.000000
vt 0.002356 -0.000664 0.000000
vt 0.002356 -0.000142 0.000000
vt 0.001777 -0.000321 0.000000
vt 0.001190 -0.000445 0.000000
vt 0.000597 -0.000517 0.000000
vt -0.000000 -0.000541 0.000000
vt -0.000000 -0.000930 0.000000
vt -0.000000 -0.001319 0.000000
vt -0.000000 -0.001708 0.000000
vt 0.000589 -0.001708 0.000000
vt 0.001178 -0.001708 0.000000
vt 0.001767 -0.001708 0.000000
vt 0.001767 -0.000926 0.000000
vt 0.001178 -0.000927 0.000000
vt 0.000589 -0.000928 0.000000
vt -0.005156 -0.001900 0.000000
vt -0.005276 -0.001319 0.000000
vt -0.005615 -0.000831 0.000000
vt -0.006116 -0.000511 0.000000
vt -0.006702 -0.000400 0.000000
vt -0.008025 -0.000400 0.000000
vt -0.008025 0.000000 0.000000
vt -0.008525 0.000000 0.000000
vt -0.008525 -0.001900 0.000000
vt -0.011453 -0.007750 0.000000
vt -0.011174 -0.008951 0.000000
vt -0.010655 -0.010070 0.000000
vt -0.009918 -0.011060 0.000000
vt -0.008995 -0.011877 0.000000
vt -0.007924 -0.012489 0.000000
vt -0.006750 -0.012868 0.000000
vt -0.006750 -0.009500 0.000000
vt -0.006883 -0.008830 0.000000
vt -0.007263 -0.008263 0.000000
vt -0.007830 -0.007883 0.000000
vt -0.008500 -0.007750 0.000000
vt -0.007265 -0.009500 0.000000
vt -0.007387 -0.010036 0.000000
vt -0.007730 -0.010466 0.000000
vt -0.008225 -0.010704 0.000000
vt -0.008775 -0.010704 0.000000
vt -0.009270 -0.010466 0.000000
vt -0.009613 -0.010036 0.000000
vt -0.009735 -0.009500 0.000000
vt -0.009613 -0.008964 0.000000
vt -0.009270 -0.008534 0.000000
vt -0.008775 -0.008296 0.000000
vt -0.008225 -0.008296 0.000000
vt -0.007730 -0.008534 0.000000
vt -0.007387 -0.008964 0.000000
vt -0.001437 0.000000 0.000000
vt -0.002015 -0.000113 0.000000
vt -0.002507 -0.000436 0.000000
vt -0.002837 -0.000923 0.000000
vt -0.002953 -0.001500 0.000000
vt -0.002953 -0.001900 0.000000
vt -0.000000 -0.001900 0.000000
vt -0.000000 0.000000 0.000000
vt -0.002600 0.000000 0.000000
vt -0.002600 0.000687 0.000000
vt -0.002600 0.001374 0.000000
vt -0.002600 0.002062 0.000000
vt -0.002600 0.002749 0.000000
vt -0.004500 0.002749 0.000000
vt -0.004500 0.002062 0.000000
vt -0.004500 0.001374 0.000000
vt -0.004500 0.000687 0.000000
vt -0.004500 0.000000 0.000000
vt 0.000141 0.000000 0.000000
vt 0.000141 0.000509 0.000000
vt 0.000141 0.001019 0.000000
vt 0.000141 0.001528 0.000000
vt 0.000141 0.002038 0.000000
vt 0.000141 0.002547 0.000000
vt 0.000141 0.003056 0.000000
vt 0.000141 -0.003566 0.000000
vt 0.000141 -0.003056 0.000000
vt 0.000141 -0.002547 0.000000
vt 0.000141 -0.002038 0.000000
vt 0.000141 -0.001528 0.000000
vt 0.000141 -0.001019 0.000000
vt 0.000141 -0.000509 0.000000
vt -0.000141 0.000000 0.000000
vt -0.000141 -0.000549 0.000000
vt -0.000141 -0.001097 0.000000
vt -0.000141 -0.001646 0.000000
vt -0.000141 -0.002194 0.000000
vt -0.000141 -0.002743 0.000000
vt -0.000141 0.003840 0.000000
vt -0.000141 0.003291 0.000000
vt -0.000141 0.002743 0.000000
vt -0.000141 0.002194 0.000000
vt -0.000141 0.001646 0.000000
vt -0.000141 0.001097 0.000000
vt -0.000141 0.000549 0.000000
vt 0.000141 0.003566 0.000000
vt 0.000141 0.003566 0.000000
vt -0.000141 -0.003291 0.000000
vt -0.000141 -0.003291 0.000000
vt -0.004700 -0.001626 0.000000
vt -0.004700 -0.001126 0.000000
vt -0.004700 -0.000625 0.000000
vt -0.004700 -0.000125 0.000000
vt -0.004700 0.000375 0.000000
vt -0.004700 0.000875 0.000000
vt -0.004700 0.001376 0.000000
vt -0.004700 0.001876 0.000000
vt -0.004700 0.002376 0.000000
vt -0.004700 0.002876 0.000000
vt -0.004700 -0.003126 0.000000
vt -0.004700 -0.002626 0.000000
vt -0.004700 -0.002126 0.000000
vt -0.010000 0.000000 0.000000
vt -0.010000 -0.000500 0.000000
vt -0.010000 -0.001000 0.000000
vt -0.010000 -0.001501 0.000000
vt -0.010000 -0.002001 0.000000
vt -0.010000 -0.002501 0.000000
vt -0.010000 0.003502 0.000000
vt -0.010000 0.003001 0.000000
vt -0.010000 0.002501 0.000000
vt -0.010000 0.002001 0.000000
vt -0.010000 0.001501 0.000000
vt -0.010000 0.001000 0.000000
vt -0.010000 0.000500 0.000000
vt -0.010000 -0.003001 0.000000
vt -0.010000 -0.003001 0.000000
vt -0.004700 0.003377 0.000000
vt -0.004700 0.003377 0.000000
vt -0.008465 0.008500 0.000000
vt -0.008584 0.008981 0.000000
vt -0.008912 0.009352 0.000000
vt -0.009375 0.009527 0.000000
vt -0.009867 0.009468 0.000000
vt -0.010275 0.009186 0.000000
vt -0.010505 0.008748 0.000000
vt -0.010505 0.008252 0.000000
vt -0.010275 0.007814 0.000000
vt -0.009867 0.007532 0.000000
vt -0.009375 0.007473 0.000000
vt -0.008912 0.007648 0.000000
vt -0.008584 0.008019 0.000000
vt -0.000050 0.000000 0.000000
vt -0.000000 0.000000 0.000000
vt -0.000000 0.007500 0.000000
vt -0.000050 0.007500 0.000000
vt -0.001025 -0.017907 0.000000
vt -0.000975 -0.017907 0.000000
vt -0.000975 -0.016788 0.000000
vt -0.000975 -0.015669 0.000000
vt -0.000975 -0.014550 0.000000
vt -0.000975 -0.013430 0.000000
vt -0.000975 -0.012311 0.000000
vt -0.000975 -0.011192 0.000000
vt -0.000975 -0.010073 0.000000
vt -0.000975 -0.008954 0.000000
vt -0.001025 -0.008954 0.000000
vt -0.001025 -0.010073 0.000000
vt -0.001025 -0.011192 0.000000
vt -0.001025 -0.012311 0.000000
vt -0.001025 -0.013430 0.000000
vt -0.001025 -0.014550 0.000000
vt -0.001025 -0.015669 0.000000
vt -0.001025 -0.016788 0.000000
vt -0.001100 -0.003770 0.000000
vt -0.000900 -0.003770 0.000000
vt -0.000900 -0.003299 0.000000
vt -0.000900 -0.002827 0.000000
vt -0.000900 -0.002356 0.000000
vt -0.000900 -0.001885 0.000000
vt -0.001100 -0.001885 0.000000
vt -0.001100 -0.002356 0.000000
vt -0.001100 -0.002827 0.000000
vt -0.001100 -0.003299 0.000000
vt -0.000200 0.002399 0.000000
vt -0.000133 0.002400 0.000000
vt -0.000067 0.002400 0.000000
vt -0.000000 0.002399 0.000000
vt -0.000000 0.003250 0.000000
vt -0.000200 0.003250 0.000000
vt 0.006000 0.030025 0.000000
vt 0.012900 0.030025 0.000000
vt 0.012900 0.033900 0.000000
vt 0.006000 0.033900 0.000000
vt -0.007008 0.002356 0.000000
vt -0.007008 0.001767 0.000000
vt -0.007008 0.001178 0.000000
vt -0.007008 0.000589 0.000000
vt -0.007008 0.000000 0.000000
vt -0.000108 0.000000 0.000000
vt -0.000108 0.000589 0.000000
vt -0.000108 0.001178 0.000000
vt -0.000108 0.001767 0.000000
vt -0.000108 0.002356 0.000000
vt 0.002356 -0.004233 0.000000
vt 0.002356 -0.003923 0.000000
vt 0.002356 -0.003612 0.000000
vt 0.002356 -0.003302 0.000000
vt 0.001771 -0.003408 0.000000
vt 0.001182 -0.003480 0.000000
vt 0.000592 -0.003522 0.000000
vt -0.000000 -0.003536 0.000000
vt -0.000000 -0.003768 0.000000
vt -0.000000 -0.004001 0.000000
vt -0.000000 -0.004233 0.000000
vt 0.000589 -0.004233 0.000000
vt 0.001178 -0.004233 0.000000
vt 0.001767 -0.004233 0.000000
vt -0.000047 -0.001500 0.000000
vt -0.000163 -0.000923 0.000000
vt -0.000493 -0.000436 0.000000
vt -0.000985 -0.000113 0.000000
vt -0.001563 0.000000 0.000000
vt -0.003000 0.000000 0.000000
vt -0.003000 -0.001900 0.000000
vt -0.000047 -0.001900 0.000000
vt -0.006750 0.012868 0.000000
vt -0.007924 0.012489 0.000000
vt -0.008995 0.011877 0.000000
vt -0.009918 0.011060 0.000000
vt -0.010655 0.010070 0.000000
vt -0.011174 0.008951 0.000000
vt -0.011453 0.007750 0.000000
vt -0.008500 0.007750 0.000000
vt -0.007830 0.007883 0.000000
vt -0.007263 0.008263 0.000000
vt -0.006883 0.008830 0.000000
vt -0.006750 0.009500 0.000000
vt -0.007265 0.009500 0.000000
vt -0.007387 0.008964 0.000000
vt -0.007730 0.008534 0.000000
vt -0.008225 0.008296 0.000000
vt -0.008775 0.008296 0.000000
vt -0.009270 0.008534 0.000000
vt -0.009613 0.008964 0.000000
vt -0.009735 0.009500 0.000000
vt -0.009613 0.010036 0.000000
vt -0.009270 0.010466 0.000000
vt -0.008775 0.010704 0.000000
vt -0.008225 0.010704 0.000000
vt -0.007730 0.010466 0.000000
vt -0.007387 0.010036 0.000000
vt -0.002600 -0.002749 0.000000
vt -0.002600 -0.002062 0.000000
vt -0.002600 -0.001374 0.000000
vt -0.002600 -0.000687 0.000000
vt -0.002600 0.000000 0.000000
vt -0.004500 0.000000 0.000000
vt -0.004500 -0.000687 0.000000
vt -0.004500 -0.001374 0.000000
vt -0.004500 -0.002062 0.000000
vt -0.004500 -0.002749 0.000000
vt 0.000141 0.000000 0.000000
vt 0.000141 0.000509 0.000000
vt 0.000141 0.001019 0.000000
vt 0.000141 0.001528 0.000000
vt 0.000141 0.002038 0.000000
vt 0.000141 0.002547 0.000000
vt 0.000141 0.003056 0.000000
vt 0.000141 -0.003566 0.000000
vt 0.000141 -0.003056 0.000000
vt 0.000141 -0.002547 0.000000
vt 0.000141 -0.002038 0.000000
vt 0.000141 -0.001528 0.000000
vt 0.000141 -0.001019 0.000000
vt 0.000141 -0.000509 0.000000
vt -0.000141 0.000000 0.000000
vt -0.000141 -0.000549 0.000000
vt -0.000141 -0.001097 0.000000
vt -0.000141 -0.001646 0.000000
vt -0.000141 -0.002194 0.000000
vt -0.000141 -0.002743 0.000000
vt -0.000141 0.003840 0.000000
vt -0.000141 0.003291 0.000000
vt -0.000141 0.002743 0.000000
vt -0.000141 0.002194 0.000000
vt -0.000141 0.001646 0.000000
vt -0.000141 0.001097 0.000000
vt -0.000141 0.000549 0.000000
vt 0.000141 0.003566 0.000000
vt 0.000141 0.003566 0.000000
vt -0.000141 -0.003291 0.000000
vt -0.000141 -0.003291 0.000000
vt -0.004700 -0.001626 0.000000
vt -0.004700 -0.001126 0.000000
vt -0.004700 -0.000625 0.000000
vt -0.004700 -0.000125 0.000000
vt -0.004700 0.000375 0.000000
vt -0.004700 0.000875 0.000000
vt -0.004700 0.001376 0.000000
vt -0.004700 0.001876 0.000000
vt -0.004700 0.002376 0.000000
vt -0.004700 0.002876 0.000000
vt -0.004700 -0.003126 0.000000
vt -0.004700 -0.002626 0.000000
vt -0.004700 -0.002126 0.000000
vt -0.010000 0.000000 0.000000
vt -0.010000 -0.000500 0.000000
vt -0.010000 -0.001000 0.000000
vt -0.010000 -0.001501 0.000000
vt -0.010000 -0.002001 0.000000
vt -0.010000 -0.002501 0.000000
vt -0.010000 0.003502 0.000000
vt -0.010000 0.003001 0.000000
vt -0.010000 0.002501 0.000000
vt -0.010000 0.002001 0.000000
vt -0.010000 0.001501 0.000000
vt -0.010000 0.001000 0.000000
vt -0.010000 0.000500 0.000000
vt -0.010000 -0.003001 0.000000
vt -0.010000 -0.003001 0.000000
vt -0.004700 0.003377 0.000000
vt -0.004700 0.003377 0.000000
vt 0.010535 0.008500 0.000000
vt 0.010416 0.008981 0.000000
vt 0.010088 0.009352 0.000000
vt 0.009625 0.009527 0.000000
vt 0.009133 0.009468 0.000000
vt 0.008725 0.009186 0.000000
vt 0.008495 0.008748 0.000000
vt 0.008495 0.008252 0.000000
vt 0.008725 0.007814 0.000000
vt 0.009133 0.007532 0.000000
vt 0.009625 0.007473 0.000000
vt 0.010088 0.007648 0.000000
vt 0.010416 0.008019 0.000000
vt -0.001025 -0.017907 0.000000
vt -0.000975 -0.017907 0.000000
vt -0.000975 -0.016788 0.000000
vt -0.000975 -0.015669 0.000000
vt -0.000975 -0.014550 0.000000
vt -0.000975 -0.013430 0.000000
vt -0.000975 -0.012311 0.000000
vt -0.000975 -0.011192 0.000000
vt -0.000975 -0.010073 0.000000
vt -0.000975 -0.008954 0.000000
vt -0.001025 -0.008954 0.000000
vt -0.001025 -0.010073 0.000000
vt -0.001025 -0.011192 0.000000
vt -0.001025 -0.012311 0.000000
vt -0.001025 -0.013430 0.000000
vt -0.001025 -0.014550 0.000000
vt -0.001025 -0.015669 0.000000
vt -0.001025 -0.016788 0.000000
vt -0.000050 0.000000 0.000000
vt -0.000000 0.000000 0.000000
vt -0.000000 0.007500 0.000000
vt -0.000050 0.007500 0.000000
vt 0.000000 0.004975 0.000000
vt 0.000000 0.001500 0.000000
vt -0.000114 0.000926 0.000000
vt -0.000439 0.000439 0.000000
vt -0.000926 0.000114 0.000000
vt -0.001500 0.000000 0.000000
vt -0.000400 0.000000 0.000000
vt 0.001500 0.001900 0.000000
vt 0.001500 0.005000 0.000000
vt 0.000000 0.005000 0.000000
vt 0.000000 0.005025 0.000000
vt -0.000300 0.005025 0.000000
vt -0.000300 0.004975 0.000000
vt 0.033500 0.030025 0.000000
vt 0.041000 0.030025 0.000000
vt 0.041000 0.033500 0.000000
vt 0.033500 0.033500 0.000000
vt -0.000104 0.002356 0.000000
vt -0.007604 0.002356 0.000000
vt -0.007604 0.001767 0.000000
vt -0.007604 0.001178 0.000000
vt -0.007604 0.000589 0.000000
vt -0.007604 0.000000 0.000000
vt -0.000104 0.000000 0.000000
vt -0.000104 0.000589 0.000000
vt -0.000104 0.001178 0.000000
vt -0.000104 0.001767 0.000000
vt 0.028020 0.030000 0.000000
vt 0.021980 0.030000 0.000000
vt 0.020020 0.030000 0.000000
vt 0.013980 0.030000 0.000000
vt 0.012020 0.030000 0.000000
vt 0.005980 0.030000 0.000000
vt 0.004020 0.030000 0.000000
vt 0.001500 0.030000 0.000000
vt 0.001500 0.008000 0.000000
vt 0.002900 0.008000 0.000000
vt 0.007100 0.008000 0.000000
vt 0.010900 0.008000 0.000000
vt 0.015100 0.008000 0.000000
vt 0.018900 0.008000 0.000000
vt 0.023100 0.008000 0.000000
vt 0.026900 0.008000 0.000000
vt 0.031100 0.008000 0.000000
vt 0.033500 0.008000 0.000000
vt 0.033500 0.008025 0.000000
vt 0.041000 0.008025 0.000000
vt 0.041000 0.029975 0.000000
vt 0.033500 0.029975 0.000000
vt 0.033500 0.030000 0.000000
vt 0.029980 0.030000 0.000000
vt 0.013000 0.013520 0.000000
vt 0.013000 0.007480 0.000000
vt 0.014900 0.008475 0.000000
vt 0.014900 0.009800 0.000000
vt 0.014500 0.009800 0.000000
vt 0.014500 0.011200 0.000000
vt 0.014900 0.011200 0.000000
vt 0.014900 0.012525 0.000000
vt -0.000012 0.003000 0.000000
vt -0.002157 0.003000 0.000000
vt -0.002157 0.001550 0.000000
vt -0.000000 0.001550 0.000000
vt -0.000000 0.003000 0.000000
vt -0.013000 0.013520 0.000000
vt -0.012990 0.013526 0.000000
vt -0.012626 0.013832 0.000000
vt -0.012426 0.014262 0.000000
vt -0.012426 0.014738 0.000000
vt -0.012626 0.015168 0.000000
vt -0.012990 0.015474 0.000000
vt -0.013000 0.015480 0.000000
vt -0.000000 0.003000 0.000000
vt -0.002145 0.003000 0.000000
vt -0.002157 0.003000 0.000000
vt -0.002157 0.001550 0.000000
vt -0.000000 0.001550 0.000000
vt 0.013000 0.015480 0.000000
vt 0.014900 0.016475 0.000000
vt 0.014900 0.017800 0.000000
vt 0.014500 0.017800 0.000000
vt 0.014500 0.019200 0.000000
vt 0.014900 0.019200 0.000000
vt 0.014900 0.020525 0.000000
vt 0.013000 0.021520 0.000000
vt -0.000012 0.003000 0.000000
vt -0.002157 0.003000 0.000000
vt -0.002157 0.001550 0.000000
vt -0.000000 0.001550 0.000000
vt -0.000000 0.003000 0.000000
vt -0.013000 0.021520 0.000000
vt -0.012990 0.021526 0.000000
vt -0.012626 0.021832 0.000000
vt -0.012426 0.022262 0.000000
vt -0.012426 0.022738 0.000000
vt -0.012626 0.023168 0.000000
vt -0.012990 0.023474 0.000000
vt -0.013000 0.023480 0.000000
vt -0.000000 0.003000 0.000000
vt -0.002145 0.003000 0.000000
vt -0.002157 0.003000 0.000000
vt -0.002157 0.001550 0.000000
vt -0.000000 0.001550 0.000000
vt 0.013000 0.023480 0.000000
vt 0.014900 0.024475 0.000000
vt 0.014900 0.025800 0.000000
vt 0.014500 0.025800 0.000000
vt 0.014500 0.027200 0.000000
vt 0.014900 0.027200 0.000000
vt 0.014900 0.028525 0.000000
vt 0.013000 0.029520 0.000000
vt -0.000012 0.003000 0.000000
vt -0.002157 0.003000 0.000000
vt -0.002157 0.001550 0.000000
vt -0.000000 0.001550 0.000000
vt -0.000000 0.003000 0.000000
vt -0.013000 0.029520 0.000000
vt -0.012990 0.029526 0.000000
vt -0.012626 0.029832 0.000000
vt -0.012426 0.030262 0.000000
vt -0.012426 0.030738 0.000000
vt -0.012626 0.031168 0.000000
vt -0.012990 0.031474 0.000000
vt -0.013000 0.031480 0.000000
vt -0.000000 0.003000 0.000000
vt -0.002145 0.003000 0.000000
vt -0.002157 0.003000 0.000000
vt -0.002157 0.001550 0.000000
vt -0.000000 0.001550 0.000000
vt 0.013000 0.031480 0.000000
vt 0.014900 0.032475 0.000000
vt 0.014900 0.033800 0.000000
vt 0.014500 0.033800 0.000000
vt 0.014500 0.035000 0.000000
vt 0.012618 0.035000 0.000000
vt 0.012826 0.034701 0.000000
vt 0.012956 0.034361 0.000000
vt 0.013000 0.034000 0.000000
vt 0.001500 0.005000 0.000000
vt 0.001500 0.001900 0.000000
vt 0.003382 0.000018 0.000000
vt 0.003382 0.005000 0.000000
vt 0.001200 -0.001900 0.000000
vt 0.000000 -0.001900 0.000000
vt 0.000000 -0.005000 0.000000
vt 0.001200 -0.005000 0.000000
vt -0.001220 0.000000 0.000000
vt -0.000000 0.000000 0.000000
vt -0.000020 0.000026 0.000000
vt -0.000020 0.002687 0.000000
vt -0.001220 0.002687 0.000000
vt 0.000400 -0.005000 0.000000
vt 0.001500 -0.003900 0.000000
vt 0.001500 -0.001100 0.000000
vt 0.000400 0.000000 0.000000
vt -0.001900 0.000000 0.000000
vt 0.000000 -0.001900 0.000000
vt 0.000000 -0.005000 0.000000
vt -0.000778 0.001975 0.000000
vt 0.000778 0.001975 0.000000
vt 0.000778 0.003300 0.000000
vt -0.000778 0.003300 0.000000
vt -0.001086 0.001550 0.000000
vt -0.001086 0.001900 0.000000
vt -0.002186 0.003000 0.000000
vt -0.002186 0.001550 0.000000
vt 0.026525 0.003550 0.000000
vt 0.026525 0.003900 0.000000
vt 0.025200 0.003900 0.000000
vt 0.025200 0.001100 0.000000
vt 0.031800 0.001100 0.000000
vt 0.031800 0.003900 0.000000
vt 0.030475 0.003900 0.000000
vt 0.030475 0.003550 0.000000
vt 0.030600 0.003550 0.000000
vt 0.030600 0.002000 0.000000
vt 0.026400 0.002000 0.000000
vt 0.026400 0.003550 0.000000
vt -0.001100 0.001900 0.000000
vt -0.001100 0.001550 0.000000
vt -0.000000 0.001550 0.000000
vt -0.000000 0.003000 0.000000
vt 0.000778 -0.001975 0.000000
vt -0.000778 -0.001975 0.000000
vt -0.000778 -0.003300 0.000000
vt 0.000778 -0.003300 0.000000
vt 0.000000 -0.003900 0.000000
vt 0.001100 -0.005000 0.000000
vt 0.001500 -0.005000 0.000000
vt 0.001500 -0.001900 0.000000
vt 0.003400 0.000000 0.000000
vt 0.001100 0.000000 0.000000
vt 0.000000 -0.001100 0.000000
vt 0.000000 0.000000 0.000000
vt 0.006600 0.000000 0.000000
vt 0.006600 0.001556 0.000000
vt 0.000000 0.001556 0.000000
vt -0.001400 0.000000 0.000000
vt -0.000000 0.000000 0.000000
vt -0.000000 0.002687 0.000000
vt -0.001400 0.002687 0.000000
vt 0.000400 -0.005000 0.000000
vt 0.001500 -0.003900 0.000000
vt 0.001500 -0.001100 0.000000
vt 0.000400 0.000000 0.000000
vt -0.001900 0.000000 0.000000
vt 0.000000 -0.001900 0.000000
vt 0.000000 -0.005000 0.000000
vt -0.000778 0.001975 0.000000
vt 0.000778 0.001975 0.000000
vt 0.000778 0.003300 0.000000
vt -0.000778 0.003300 0.000000
vt -0.001086 0.001550 0.000000
vt -0.001086 0.001900 0.000000
vt -0.002186 0.003000 0.000000
vt -0.002186 0.001550 0.000000
vt 0.018525 0.003550 0.000000
vt 0.018525 0.003900 0.000000
vt 0.017200 0.003900 0.000000
vt 0.017200 0.001100 0.000000
vt 0.023800 0.001100 0.000000
vt 0.023800 0.003900 0.000000
vt 0.022475 0.003900 0.000000
vt 0.022475 0.003550 0.000000
vt 0.022600 0.003550 0.000000
vt 0.022600 0.002000 0.000000
vt 0.018400 0.002000 0.000000
vt 0.018400 0.003550 0.000000
vt -0.001100 0.001900 0.000000
vt -0.001100 0.001550 0.000000
vt -0.000000 0.001550 0.000000
vt -0.000000 0.003000 0.000000
vt 0.000778 -0.001975 0.000000
vt -0.000778 -0.001975 0.000000
vt -0.000778 -0.003300 0.000000
vt 0.000778 -0.003300 0.000000
vt 0.000000 -0.003900 0.000000
vt 0.001100 -0.005000 0.000000
vt 0.001500 -0.005000 0.000000
vt 0.001500 -0.001900 0.000000
vt 0.003400 0.000000 0.000000
vt 0.001100 0.000000 0.000000
vt 0.000000 -0.001100 0.000000
vt 0.000000 0.000000 0.000000
vt 0.006600 0.000000 0.000000
vt 0.006600 0.001556 0.000000
vt 0.000000 0.001556 0.000000
vt -0.001400 0.000000 0.000000
vt -0.000000 0.000000 0.000000
vt -0.000000 0.002687 0.000000
vt -0.001400 0.002687 0.000000
vt 0.000400 -0.005000 0.000000
vt 0.001500 -0.003900 0.000000
vt 0.001500 -0.001100 0.000000
vt 0.000400 0.000000 0.000000
vt -0.001900 0.000000 0.000000
vt 0.000000 -0.001900 0.000000
vt 0.000000 -0.005000 0.000000
vt -0.000778 0.001975 0.000000
vt 0.000778 0.001975 0.000000
vt 0.000778 0.003300 0.000000
vt -0.000778 0.003300 0.000000
vt -0.001290 0.001550 0.000000
vt -0.001290 0.001900 0.000000
vt -0.002390 0.003000 0.000000
vt -0.002390 0.001550 0.000000
vt 0.010525 0.003550 0.000000
vt 0.010525 0.003900 0.000000
vt 0.009200 0.003900 0.000000
vt 0.009200 0.001100 0.000000
vt 0.015800 0.001100 0.000000
vt 0.015800 0.003900 0.000000
vt 0.014475 0.003900 0.000000
vt 0.014475 0.003550 0.000000
vt 0.014600 0.003550 0.000000
vt 0.014600 0.002000 0.000000
vt 0.010400 0.002000 0.000000
vt 0.010400 0.003550 0.000000
vt -0.001100 0.001900 0.000000
vt -0.001100 0.001550 0.000000
vt -0.000000 0.001550 0.000000
vt -0.000000 0.003000 0.000000
vt 0.000778 -0.001975 0.000000
vt -0.000778 -0.001975 0.000000
vt -0.000778 -0.003300 0.000000
vt 0.000778 -0.003300 0.000000
vt 0.000000 -0.003900 0.000000
vt 0.001100 -0.005000 0.000000
vt 0.001500 -0.005000 0.000000
vt 0.001500 -0.001900 0.000000
vt 0.003400 0.000000 0.000000
vt 0.001100 0.000000 0.000000
vt 0.000000 -0.001100 0.000000
vt 0.000000 0.000000 0.000000
vt 0.006600 0.000000 0.000000
vt 0.006600 0.001556 0.000000
vt 0.000000 0.001556 0.000000
vt -0.001400 0.000000 0.000000
vt -0.000000 0.000000 0.000000
vt -0.000000 0.002687 0.000000
vt -0.001400 0.002687 0.000000
vt 0.000400 -0.005000 0.000000
vt 0.001500 -0.003900 0.000000
vt 0.001500 -0.001100 0.000000
vt 0.000400 0.000000 0.000000
vt -0.001900 0.000000 0.000000
vt 0.000000 -0.001900 0.000000
vt 0.000000 -0.005000 0.000000
vt -0.000778 0.003300 0.000000
vt -0.000778 0.001975 0.000000
vt 0.000778 0.001975 0.000000
vt 0.000778 0.003300 0.000000
vt 0.002525 0.003550 0.000000
vt 0.002525 0.003900 0.000000
vt 0.001200 0.003900 0.000000
vt 0.001200 0.001100 0.000000
vt 0.007800 0.001100 0.000000
vt 0.007800 0.003900 0.000000
vt 0.006475 0.003900 0.000000
vt 0.006475 0.003550 0.000000
vt 0.006600 0.003550 0.000000
vt 0.006600 0.002000 0.000000
vt 0.002400 0.002000 0.000000
vt 0.002400 0.003550 0.000000
vt -0.001100 0.001900 0.000000
vt -0.001100 0.001550 0.000000
vt -0.000000 0.001550 0.000000
vt -0.000000 0.003000 0.000000
vt -0.000778 -0.001975 0.000000
vt -0.000778 -0.003300 0.000000
vt 0.000778 -0.003300 0.000000
vt 0.000778 -0.001975 0.000000
vt 0.013000 0.005520 0.000000
vt 0.013000 0.002000 0.000000
vt 0.014500 0.002000 0.000000
vt 0.014500 0.003200 0.000000
vt 0.014900 0.003200 0.000000
vt 0.014900 0.004525 0.000000
vt -0.002157 0.001550 0.000000
vt -0.000000 0.001550 0.000000
vt -0.000000 0.003000 0.000000
vt -0.000012 0.003000 0.000000
vt -0.002157 0.003000 0.000000
vt 0.008475 0.014900 0.000000
vt 0.007474 0.012990 0.000000
vt 0.007168 0.012626 0.000000
vt 0.006738 0.012426 0.000000
vt 0.006262 0.012426 0.000000
vt 0.005832 0.012626 0.000000
vt 0.005526 0.012990 0.000000
vt 0.004525 0.014900 0.000000
vt 0.004525 0.016000 0.000000
vt 0.004400 0.016000 0.000000
vt 0.004400 0.012400 0.000000
vt 0.006500 0.011188 0.000000
vt 0.008600 0.012400 0.000000
vt 0.008600 0.016000 0.000000
vt 0.008475 0.016000 0.000000
vt -0.002157 0.001550 0.000000
vt -0.000000 0.001550 0.000000
vt -0.000000 0.003000 0.000000
vt -0.002145 0.003000 0.000000
vt -0.002157 0.003000 0.000000
vt -0.003550 -0.000531 0.000000
vt -0.005000 -0.000531 0.000000
vt -0.005000 -0.001010 0.000000
vt -0.005000 -0.001488 0.000000
vt -0.005000 -0.001967 0.000000
vt -0.005000 -0.002446 0.000000
vt -0.005000 -0.002925 0.000000
vt -0.003550 -0.002925 0.000000
vt -0.003550 -0.002446 0.000000
vt -0.003550 -0.001967 0.000000
vt -0.003550 -0.001488 0.000000
vt -0.003550 -0.001010 0.000000
vt -0.013000 0.005520 0.000000
vt -0.012990 0.005526 0.000000
vt -0.012626 0.005832 0.000000
vt -0.012426 0.006262 0.000000
vt -0.012426 0.006738 0.000000
vt -0.012626 0.007168 0.000000
vt -0.012990 0.007474 0.000000
vt -0.013000 0.007480 0.000000
vt -0.000463 0.001550 0.000000
vt -0.000463 0.001900 0.000000
vt -0.001563 0.003000 0.000000
vt -0.001563 0.001550 0.000000
vt -0.000000 -0.001550 0.000000
vt -0.000000 0.000000 0.000000
vt -0.003600 0.000000 0.000000
vt -0.003600 -0.001550 0.000000
vt -0.004400 0.016000 0.000000
vt -0.008600 0.016000 0.000000
vt -0.008600 0.012400 0.000000
vt -0.006500 0.011188 0.000000
vt -0.004400 0.012400 0.000000
vt -0.007600 0.013500 0.000000
vt -0.007474 0.014011 0.000000
vt -0.007125 0.014405 0.000000
vt -0.006633 0.014592 0.000000
vt -0.006110 0.014529 0.000000
vt -0.005677 0.014229 0.000000
vt -0.005432 0.013763 0.000000
vt -0.005432 0.013237 0.000000
vt -0.005677 0.012771 0.000000
vt -0.006110 0.012471 0.000000
vt -0.006633 0.012408 0.000000
vt -0.007125 0.012595 0.000000
vt -0.007474 0.012989 0.000000
vt -0.003600 0.000000 0.000000
vt -0.003600 -0.001550 0.000000
vt -0.000000 -0.001550 0.000000
vt -0.000000 0.000000 0.000000
vt -0.000000 0.000000 0.000000
vt -0.002425 0.000000 0.000000
vt -0.002425 -0.001550 0.000000
vt -0.000000 -0.001550 0.000000
vt -0.000000 0.000000 0.000000
vt -0.002425 0.000000 0.000000
vt -0.002425 -0.001550 0.000000
vt -0.000000 -0.001550 0.000000
vt -0.000200 0.000000 0.000000
vt -0.000200 0.000532 0.000000
vt -0.000200 0.001063 0.000000
vt -0.000200 0.001595 0.000000
vt -0.000200 0.002127 0.000000
vt -0.000200 0.002658 0.000000
vt -0.000200 0.003190 0.000000
vt -0.000200 -0.003190 0.000000
vt -0.000200 -0.002658 0.000000
vt -0.000200 -0.002127 0.000000
vt -0.000200 -0.001595 0.000000
vt -0.000200 -0.001063 0.000000
vt -0.000200 -0.000532 0.000000
vt -0.002000 0.000000 0.000000
vt -0.002000 -0.000532 0.000000
vt -0.002000 -0.001063 0.000000
vt -0.002000 -0.001595 0.000000
vt -0.002000 -0.002127 0.000000
vt -0.002000 -0.002658 0.000000
vt -0.002000 0.003722 0.000000
vt -0.002000 0.003190 0.000000
vt -0.002000 0.002658 0.000000
vt -0.002000 0.002127 0.000000
vt -0.002000 0.001595 0.000000
vt -0.002000 0.001063 0.000000
vt -0.002000 0.000532 0.000000
vt -0.002000 -0.003190 0.000000
vt -0.002000 -0.003190 0.000000
vt -0.000200 0.003722 0.000000
vt -0.000200 0.003722 0.000000
vt 0.000141 0.000000 0.000000
vt 0.000141 0.000539 0.000000
vt 0.000141 0.001077 0.000000
vt 0.000141 0.001616 0.000000
vt 0.000141 0.002154 0.000000
vt 0.000141 0.002693 0.000000
vt 0.000141 0.003231 0.000000
vt 0.000141 -0.003770 0.000000
vt 0.000141 -0.003231 0.000000
vt 0.000141 -0.002693 0.000000
vt 0.000141 -0.002154 0.000000
vt 0.000141 -0.001616 0.000000
vt 0.000141 -0.001077 0.000000
vt 0.000141 -0.000539 0.000000
vt -0.000141 0.000000 0.000000
vt -0.000141 -0.000580 0.000000
vt -0.000141 -0.001160 0.000000
vt -0.000141 -0.001740 0.000000
vt -0.000141 -0.002320 0.000000
vt -0.000141 -0.002900 0.000000
vt -0.000141 0.004060 0.000000
vt -0.000141 0.003480 0.000000
vt -0.000141 0.002900 0.000000
vt -0.000141 0.002320 0.000000
vt -0.000141 0.001740 0.000000
vt -0.000141 0.001160 0.000000
vt -0.000141 0.000580 0.000000
vt 0.000141 0.003770 0.000000
vt 0.000141 0.003770 0.000000
vt -0.000141 -0.003480 0.000000
vt -0.000141 -0.003480 0.000000
vt -0.032000 -0.003900 0.000000
vt -0.030900 -0.005000 0.000000
vt -0.030500 -0.005000 0.000000
vt -0.030500 -0.001900 0.000000
vt -0.028600 0.000000 0.000000
vt -0.030900 0.000000 0.000000
vt -0.032000 -0.001100 0.000000
vt 0.000000 0.000000 0.000000
vt 0.006600 0.000000 0.000000
vt 0.006600 0.001556 0.000000
vt 0.000000 0.001556 0.000000
vt -0.000000 0.000000 0.000000
vt -0.002687 0.000000 0.000000
vt -0.002687 -0.001200 0.000000
vt -0.000000 -0.001200 0.000000
vt 0.001200 -0.001900 0.000000
vt 0.000000 -0.001900 0.000000
vt 0.000000 -0.005000 0.000000
vt 0.001200 -0.005000 0.000000
vt 0.001400 -0.001900 0.000000
vt 0.000000 -0.001900 0.000000
vt 0.000000 -0.005000 0.000000
vt 0.001400 -0.005000 0.000000
vt 0.012525 0.014900 0.000000
vt 0.012525 0.016000 0.000000
vt 0.012400 0.016000 0.000000
vt 0.012400 0.012400 0.000000
vt 0.014500 0.011188 0.000000
vt 0.016600 0.012400 0.000000
vt 0.016600 0.016000 0.000000
vt 0.016475 0.016000 0.000000
vt 0.016475 0.014900 0.000000
vt 0.015474 0.012990 0.000000
vt 0.015168 0.012626 0.000000
vt 0.014738 0.012426 0.000000
vt 0.014262 0.012426 0.000000
vt 0.013832 0.012626 0.000000
vt 0.013526 0.012990 0.000000
vt -0.003550 -0.000531 0.000000
vt -0.005000 -0.000531 0.000000
vt -0.005000 -0.001010 0.000000
vt -0.005000 -0.001488 0.000000
vt -0.005000 -0.001967 0.000000
vt -0.005000 -0.002446 0.000000
vt -0.005000 -0.002925 0.000000
vt -0.003550 -0.002925 0.000000
vt -0.003550 -0.002446 0.000000
vt -0.003550 -0.001967 0.000000
vt -0.003550 -0.001488 0.000000
vt -0.003550 -0.001010 0.000000
vt -0.000000 -0.001550 0.000000
vt -0.000000 0.000000 0.000000
vt -0.003600 0.000000 0.000000
vt -0.003600 -0.001550 0.000000
vt -0.012400 0.016000 0.000000
vt -0.016600 0.016000 0.000000
vt -0.016600 0.012400 0.000000
vt -0.014500 0.011188 0.000000
vt -0.012400 0.012400 0.000000
vt -0.015600 0.013500 0.000000
vt -0.015474 0.014011 0.000000
vt -0.015125 0.014405 0.000000
vt -0.014633 0.014592 0.000000
vt -0.014110 0.014529 0.000000
vt -0.013677 0.014229 0.000000
vt -0.013432 0.013763 0.000000
vt -0.013432 0.013237 0.000000
vt -0.013677 0.012771 0.000000
vt -0.014110 0.012471 0.000000
vt -0.014633 0.012408 0.000000
vt -0.015125 0.012595 0.000000
vt -0.015474 0.012989 0.000000
vt -0.003600 0.000000 0.000000
vt -0.003600 -0.001550 0.000000
vt -0.000000 -0.001550 0.000000
vt -0.000000 0.000000 0.000000
vt -0.000000 0.000000 0.000000
vt -0.002425 0.000000 0.000000
vt -0.002425 -0.001550 0.000000
vt -0.000000 -0.001550 0.000000
vt -0.000000 0.000000 0.000000
vt -0.002425 0.000000 0.000000
vt -0.002425 -0.001550 0.000000
vt -0.000000 -0.001550 0.000000
vt -0.000200 0.000000 0.000000
vt -0.000200 0.000532 0.000000
vt -0.000200 0.001063 0.000000
vt -0.000200 0.001595 0.000000
vt -0.000200 0.002127 0.000000
vt -0.000200 0.002658 0.000000
vt -0.000200 0.003190 0.000000
vt -0.000200 -0.003190 0.000000
vt -0.000200 -0.002658 0.000000
vt -0.000200 -0.002127 0.000000
vt -0.000200 -0.001595 0.000000
vt -0.000200 -0.001063 0.000000
vt -0.000200 -0.000532 0.000000
vt -0.002000 0.000000 0.000000
vt -0.002000 -0.000532 0.000000
vt -0.002000 -0.001063 0.000000
vt -0.002000 -0.001595 0.000000
vt -0.002000 -0.002127 0.000000
vt -0.002000 -0.002658 0.000000
vt -0.002000 0.003722 0.000000
vt -0.002000 0.003190 0.000000
vt -0.002000 0.002658 0.000000
vt -0.002000 0.002127 0.000000
vt -0.002000 0.001595 0.000000
vt -0.002000 0.001063 0.000000
vt -0.002000 0.000532 0.000000
vt -0.002000 -0.003190 0.000000
vt -0.002000 -0.003190 0.000000
vt -0.000200 0.003722 0.000000
vt -0.000200 0.003722 0.000000
vt 0.000141 0.000000 0.000000
vt 0.000141 0.000539 0.000000
vt 0.000141 0.001077 0.000000
vt 0.000141 0.001616 0.000000
vt 0.000141 0.002154 0.000000
vt 0.000141 0.002693 0.000000
vt 0.000141 0.003231 0.000000
vt 0.000141 -0.003770 0.000000
vt 0.000141 -0.003231 0.000000
vt 0.000141 -0.002693 0.000000
vt 0.000141 -0.002154 0.000000
vt 0.000141 -0.001616 0.000000
vt 0.000141 -0.001077 0.000000
vt 0.000141 -0.000539 0.000000
vt -0.000141 0.000000 0.000000
vt -0.000141 -0.000580 0.000000
vt -0.000141 -0.001160 0.000000
vt -0.000141 -0.001740 0.000000
vt -0.000141 -0.002320 0.000000
vt -0.000141 -0.002900 0.000000
vt -0.000141 0.004060 0.000000
vt -0.000141 0.003480 0.000000
vt -0.000141 0.002900 0.000000
vt -0.000141 0.002320 0.000000
vt -0.000141 0.001740 0.000000
vt -0.000141 0.001160 0.000000
vt -0.000141 0.000580 0.000000
vt 0.000141 0.003770 0.000000
vt 0.000141 0.003770 0.000000
vt -0.000141 -0.003480 0.000000
vt -0.000141 -0.003480 0.000000
vt 0.001400 -0.001900 0.000000
vt 0.000000 -0.001900 0.000000
vt 0.000000 -0.005000 0.000000
vt 0.001400 -0.005000 0.000000
vt 0.020525 0.014900 0.000000
vt 0.020525 0.016000 0.000000
vt 0.020400 0.016000 0.000000
vt 0.020400 0.012400 0.000000
vt 0.022500 0.011188 0.000000
vt 0.024600 0.012400 0.000000
vt 0.024600 0.016000 0.000000
vt 0.024475 0.016000 0.000000
vt 0.024475 0.014900 0.000000
vt 0.023474 0.012990 0.000000
vt 0.023168 0.012626 0.000000
vt 0.022738 0.012426 0.000000
vt 0.022262 0.012426 0.000000
vt 0.021832 0.012626 0.000000
vt 0.021526 0.012990 0.000000
vt -0.003550 -0.000531 0.000000
vt -0.005000 -0.000531 0.000000
vt -0.005000 -0.001010 0.000000
vt -0.005000 -0.001488 0.000000
vt -0.005000 -0.001967 0.000000
vt -0.005000 -0.002446 0.000000
vt -0.005000 -0.002925 0.000000
vt -0.003550 -0.002925 0.000000
vt -0.003550 -0.002446 0.000000
vt -0.003550 -0.001967 0.000000
vt -0.003550 -0.001488 0.000000
vt -0.003550 -0.001010 0.000000
vt -0.000000 -0.001550 0.000000
vt -0.000000 0.000000 0.000000
vt -0.003600 0.000000 0.000000
vt -0.003600 -0.001550 0.000000
vt -0.020400 0.016000 0.000000
vt -0.024600 0.016000 0.000000
vt -0.024600 0.012400 0.000000
vt -0.022500 0.011188 0.000000
vt -0.020400 0.012400 0.000000
vt -0.023600 0.013500 0.000000
vt -0.023474 0.014011 0.000000
vt -0.023125 0.014405 0.000000
vt -0.022633 0.014592 0.000000
vt -0.022110 0.014529 0.000000
vt -0.021677 0.014229 0.000000
vt -0.021432 0.013763 0.000000
vt -0.021432 0.013237 0.000000
vt -0.021677 0.012771 0.000000
vt -0.022110 0.012471 0.000000
vt -0.022633 0.012408 0.000000
vt -0.023125 0.012595 0.000000
vt -0.023474 0.012989 0.000000
vt -0.003600 0.000000 0.000000
vt -0.003600 -0.001550 0.000000
vt -0.000000 -0.001550 0.000000
vt -0.000000 0.000000 0.000000
vt -0.000000 0.000000 0.000000
vt -0.002425 0.000000 0.000000
vt -0.002425 -0.001550 0.000000
vt -0.000000 -0.001550 0.000000
vt -0.000000 0.000000 0.000000
vt -0.002425 0.000000 0.000000
vt -0.002425 -0.001550 0.000000
vt -0.000000 -0.001550 0.000000
vt -0.000200 0.000000 0.000000
vt -0.000200 0.000532 0.000000
vt -0.000200 0.001063 0.000000
vt -0.000200 0.001595 0.000000
vt -0.000200 0.002127 0.000000
vt -0.000200 0.002658 0.000000
vt -0.000200 0.003190 0.000000
vt -0.000200 -0.003190 0.000000
vt -0.000200 -0.002658 0.000000
vt -0.000200 -0.002127 0.000000
vt -0.000200 -0.001595 0.000000
vt -0.000200 -0.001063 0.000000
vt -0.000200 -0.000532 0.000000
vt -0.002000 0.000000 0.000000
vt -0.002000 -0.000532 0.000000
vt -0.002000 -0.001063 0.000000
vt -0.002000 -0.001595 0.000000
vt -0.002000 -0.002127 0.000000
vt -0.002000 -0.002658 0.000000
vt -0.002000 0.003722 0.000000
vt -0.002000 0.003190 0.000000
vt -0.002000 0.002658 0.000000
vt -0.002000 0.002127 0.000000
vt -0.002000 0.001595 0.000000
vt -0.002000 0.001063 0.000000
vt -0.002000 0.000532 0.000000
vt -0.002000 -0.003190 0.000000
vt -0.002000 -0.003190 0.000000
vt -0.000200 0.003722 0.000000
vt -0.000200 0.003722 0.000000
vt 0.000141 0.000000 0.000000
vt 0.000141 0.000539 0.000000
vt 0.000141 0.001077 0.000000
vt 0.000141 0.001616 0.000000
vt 0.000141 0.002154 0.000000
vt 0.000141 0.002693 0.000000
vt 0.000141 0.003231 0.000000
vt 0.000141 -0.003770 0.000000
vt 0.000141 -0.003231 0.000000
vt 0.000141 -0.002693 0.000000
vt 0.000141 -0.002154 0.000000
vt 0.000141 -0.001616 0.000000
vt 0.000141 -0.001077 0.000000
vt 0.000141 -0.000539 0.000000
vt -0.000141 0.000000 0.000000
vt -0.000141 -0.000580 0.000000
vt -0.000141 -0.001160 0.000000
vt -0.000141 -0.001740 0.000000
vt -0.000141 -0.002320 0.000000
vt -0.000141 -0.002900 0.000000
vt -0.000141 0.004060 0.000000
vt -0.000141 0.003480 0.000000
vt -0.000141 0.002900 0.000000
vt -0.000141 0.002320 0.000000
vt -0.000141 0.001740 0.000000
vt -0.000141 0.001160 0.000000
vt -0.000141 0.000580 0.000000
vt 0.000141 0.003770 0.000000
vt 0.000141 0.003770 0.000000
vt -0.000141 -0.003480 0.000000
vt -0.000141 -0.003480 0.000000
vt 0.001400 -0.001900 0.000000
vt 0.000000 -0.001900 0.000000
vt 0.000000 -0.005000 0.000000
vt 0.001400 -0.005000 0.000000
vt 0.028525 0.014900 0.000000
vt 0.028525 0.016000 0.000000
vt 0.028400 0.016000 0.000000
vt 0.028400 0.012400 0.000000
vt 0.030500 0.011188 0.000000
vt 0.032600 0.012400 0.000000
vt 0.032600 0.016000 0.000000
vt 0.032475 0.016000 0.000000
vt 0.032475 0.014900 0.000000
vt 0.031474 0.012990 0.000000
vt 0.031168 0.012626 0.000000
vt 0.030738 0.012426 0.000000
vt 0.030262 0.012426 0.000000
vt 0.029832 0.012626 0.000000
vt 0.029526 0.012990 0.000000
vt -0.003550 -0.000531 0.000000
vt -0.005000 -0.000531 0.000000
vt -0.005000 -0.001010 0.000000
vt -0.005000 -0.001488 0.000000
vt -0.005000 -0.001967 0.000000
vt -0.005000 -0.002446 0.000000
vt -0.005000 -0.002925 0.000000
vt -0.003550 -0.002925 0.000000
vt -0.003550 -0.002446 0.000000
vt -0.003550 -0.001967 0.000000
vt -0.003550 -0.001488 0.000000
vt -0.003550 -0.001010 0.000000
vt -0.000000 -0.001550 0.000000
vt -0.000000 0.000000 0.000000
vt -0.003600 0.000000 0.000000
vt -0.003600 -0.001550 0.000000
vt -0.028400 0.016000 0.000000
vt -0.032600 0.016000 0.000000
vt -0.032600 0.012400 0.000000
vt -0.030500 0.011188 0.000000
vt -0.028400 0.012400 0.000000
vt -0.031600 0.013500 0.000000
vt -0.031474 0.014011 0.000000
vt -0.031125 0.014405 0.000000
vt -0.030633 0.014592 0.000000
vt -0.030110 0.014529 0.000000
vt -0.029677 0.014229 0.000000
vt -0.029432 0.013763 0.000000
vt -0.029432 0.013237 0.000000
vt -0.029677 0.012771 0.000000
vt -0.030110 0.012471 0.000000
vt -0.030633 0.012408 0.000000
vt -0.031125 0.012595 0.000000
vt -0.031474 0.012989 0.000000
vt -0.003600 0.000000 0.000000
vt -0.003600 -0.001550 0.000000
vt -0.000000 -0.001550 0.000000
vt -0.000000 0.000000 0.000000
vt -0.000000 0.000000 0.000000
vt -0.002425 0.000000 0.000000
vt -0.002425 -0.001550 0.000000
vt -0.000000 -0.001550 0.000000
vt -0.000000 0.000000 0.000000
vt -0.002425 0.000000 0.000000
vt -0.002425 -0.001550 0.000000
vt -0.000000 -0.001550 0.000000
vt -0.000200 0.000000 0.000000
vt -0.000200 0.000532 0.000000
vt -0.000200 0.001063 0.000000
vt -0.000200 0.001595 0.000000
vt -0.000200 0.002127 0.000000
vt -0.000200 0.002658 0.000000
vt -0.000200 0.003190 0.000000
vt -0.000200 -0.003190 0.000000
vt -0.000200 -0.002658 0.000000
vt -0.000200 -0.002127 0.000000
vt -0.000200 -0.001595 0.000000
vt -0.000200 -0.001063 0.000000
vt -0.000200 -0.000532 0.000000
vt -0.002000 0.000000 0.000000
vt -0.002000 -0.000532 0.000000
vt -0.002000 -0.001063 0.000000
vt -0.002000 -0.001595 0.000000
vt -0.002000 -0.002127 0.000000
vt -0.002000 -0.002658 0.000000
vt -0.002000 0.003722 0.000000
vt -0.002000 0.003190 0.000000
vt -0.002000 0.002658 0.000000
vt -0.002000 0.002127 0.000000
vt -0.002000 0.001595 0.000000
vt -0.002000 0.001063 0.000000
vt -0.002000 0.000532 0.000000
vt -0.002000 -0.003190 0.000000
vt -0.002000 -0.003190 0.000000
vt -0.000200 0.003722 0.000000
vt -0.000200 0.003722 0.000000
vt 0.000141 0.000000 0.000000
vt 0.000141 0.000539 0.000000
vt 0.000141 0.001077 0.000000
vt 0.000141 0.001616 0.000000
vt 0.000141 0.002154 0.000000
vt 0.000141 0.002693 0.000000
vt 0.000141 0.003231 0.000000
vt 0.000141 -0.003770 0.000000
vt 0.000141 -0.003231 0.000000
vt 0.000141 -0.002693 0.000000
vt 0.000141 -0.002154 0.000000
vt 0.000141 -0.001616 0.000000
vt 0.000141 -0.001077 0.000000
vt 0.000141 -0.000539 0.000000
vt -0.000141 0.000000 0.000000
vt -0.000141 -0.000580 0.000000
vt -0.000141 -0.001160 0.000000
vt -0.000141 -0.001740 0.000000
vt -0.000141 -0.002320 0.000000
vt -0.000141 -0.002900 0.000000
vt -0.000141 0.004060 0.000000
vt -0.000141 0.003480 0.000000
vt -0.000141 0.002900 0.000000
vt -0.000141 0.002320 0.000000
vt -0.000141 0.001740 0.000000
vt -0.000141 0.001160 0.000000
vt -0.000141 0.000580 0.000000
vt 0.000141 0.003770 0.000000
vt 0.000141 0.003770 0.000000
vt -0.000141 -0.003480 0.000000
vt -0.000141 -0.003480 0.000000
vt -0.008128 0.000000 0.000000
vt -0.008128 0.001178 0.000000
vt -0.008128 0.002356 0.000000
vt -0.008128 0.003534 0.000000
vt -0.008128 0.004712 0.000000
vt -0.008128 0.005890 0.000000
vt -0.008128 0.007069 0.000000
vt -0.008128 0.008247 0.000000
vt -0.008128 0.009425 0.000000
vt -0.030078 0.009425 0.000000
vt -0.030078 0.008247 0.000000
vt -0.030078 0.007069 0.000000
vt -0.030078 0.005890 0.000000
vt -0.030078 0.004712 0.000000
vt -0.030078 0.003534 0.000000
vt -0.030078 0.002356 0.000000
vt -0.030078 0.001178 0.000000
vt -0.030078 0.000000 0.000000
vt 0.020000 0.029975 0.000000
vt 0.006000 0.029975 0.000000
vt 0.006000 0.008025 0.000000
vt 0.020000 0.008025 0.000000
vt -0.014500 0.002000 0.000000
vt -0.013000 0.002000 0.000000
vt -0.013000 0.004400 0.000000
vt -0.016000 0.004400 0.000000
vt -0.016000 0.003200 0.000000
vt -0.014500 0.003200 0.000000
vt 0.000000 -0.030100 0.000000
vt 0.001200 -0.030100 0.000000
vt 0.001200 -0.027000 0.000000
vt 0.000000 -0.027000 0.000000
vt 0.030475 0.002000 0.000000
vt 0.026525 0.002000 0.000000
vt 0.026525 0.003450 0.000000
vt 0.026400 0.003450 0.000000
vt 0.026400 0.005000 0.000000
vt 0.025200 0.005000 0.000000
vt 0.025200 0.001100 0.000000
vt 0.031800 0.001100 0.000000
vt 0.031800 0.005000 0.000000
vt 0.030600 0.005000 0.000000
vt 0.030600 0.003450 0.000000
vt 0.030475 0.003450 0.000000
vt -0.008475 -0.016000 0.000000
vt -0.004525 -0.016000 0.000000
vt -0.004525 -0.014900 0.000000
vt -0.005526 -0.012990 0.000000
vt -0.005400 -0.013471 0.000000
vt -0.005500 -0.013959 0.000000
vt -0.005805 -0.014352 0.000000
vt -0.006251 -0.014571 0.000000
vt -0.006749 -0.014571 0.000000
vt -0.007195 -0.014352 0.000000
vt -0.007500 -0.013959 0.000000
vt -0.007600 -0.013471 0.000000
vt -0.007474 -0.012990 0.000000
vt -0.008475 -0.014900 0.000000
vt 0.001563 0.000000 0.000000
vt 0.001563 0.001450 0.000000
vt 0.000463 0.001450 0.000000
vt 0.000463 0.000000 0.000000
vt 0.000000 0.001450 0.000000
vt 0.000000 0.000000 0.000000
vt 0.002157 0.000000 0.000000
vt 0.002157 0.001450 0.000000
vt 0.004525 0.014900 0.000000
vt 0.004525 0.016000 0.000000
vt 0.004400 0.016000 0.000000
vt 0.004400 0.012400 0.000000
vt 0.006500 0.011188 0.000000
vt 0.008600 0.012400 0.000000
vt 0.008600 0.016000 0.000000
vt 0.008475 0.016000 0.000000
vt 0.008475 0.014900 0.000000
vt 0.007474 0.012990 0.000000
vt 0.007168 0.012626 0.000000
vt 0.006738 0.012426 0.000000
vt 0.006262 0.012426 0.000000
vt 0.005832 0.012626 0.000000
vt 0.005526 0.012990 0.000000
vt 0.000000 0.001450 0.000000
vt 0.000000 0.000000 0.000000
vt 0.001100 0.000000 0.000000
vt 0.001100 0.001450 0.000000
vt 0.002157 0.000000 0.000000
vt 0.002157 0.001450 0.000000
vt 0.000000 0.001450 0.000000
vt 0.000000 0.000000 0.000000
vt 0.000200 0.000000 0.000000
vt 0.000200 -0.000532 0.000000
vt 0.000200 -0.001063 0.000000
vt 0.000200 -0.001595 0.000000
vt 0.000200 -0.002127 0.000000
vt 0.000200 -0.002658 0.000000
vt 0.000200 0.003722 0.000000
vt 0.000200 0.003190 0.000000
vt 0.000200 0.002658 0.000000
vt 0.000200 0.002127 0.000000
vt 0.000200 0.001595 0.000000
vt 0.000200 0.001063 0.000000
vt 0.000200 0.000532 0.000000
vt 0.002000 -0.000531 0.000000
vt 0.002000 -0.000029 0.000000
vt 0.002000 0.000473 0.000000
vt 0.002000 0.000975 0.000000
vt 0.002000 0.001477 0.000000
vt 0.002000 0.001979 0.000000
vt 0.002000 0.002481 0.000000
vt 0.002000 0.002983 0.000000
vt 0.002000 -0.003427 0.000000
vt 0.002000 -0.002925 0.000000
vt 0.003450 -0.002925 0.000000
vt 0.003450 -0.002446 0.000000
vt 0.003450 -0.001967 0.000000
vt 0.003450 -0.001488 0.000000
vt 0.003450 -0.001010 0.000000
vt 0.003450 -0.000531 0.000000
vt 0.002000 0.003485 0.000000
vt 0.002000 0.003485 0.000000
vt 0.000200 -0.003190 0.000000
vt 0.000200 -0.003190 0.000000
vt 0.000141 0.000000 0.000000
vt 0.000141 0.000539 0.000000
vt 0.000141 0.001077 0.000000
vt 0.000141 0.001616 0.000000
vt 0.000141 0.002154 0.000000
vt 0.000141 0.002693 0.000000
vt 0.000141 0.003231 0.000000
vt 0.000141 -0.003770 0.000000
vt 0.000141 -0.003231 0.000000
vt 0.000141 -0.002693 0.000000
vt 0.000141 -0.002154 0.000000
vt 0.000141 -0.001616 0.000000
vt 0.000141 -0.001077 0.000000
vt 0.000141 -0.000539 0.000000
vt -0.000141 0.000000 0.000000
vt -0.000141 -0.000580 0.000000
vt -0.000141 -0.001160 0.000000
vt -0.000141 -0.001740 0.000000
vt -0.000141 -0.002320 0.000000
vt -0.000141 -0.002900 0.000000
vt -0.000141 0.004060 0.000000
vt -0.000141 0.003480 0.000000
vt -0.000141 0.002900 0.000000
vt -0.000141 0.002320 0.000000
vt -0.000141 0.001740 0.000000
vt -0.000141 0.001160 0.000000
vt -0.000141 0.000580 0.000000
vt 0.000141 0.003770 0.000000
vt 0.000141 0.003770 0.000000
vt -0.000141 -0.003480 0.000000
vt -0.000141 -0.003480 0.000000
vt 0.003000 0.000000 0.000000
vt 0.000000 0.000000 0.000000
vt 0.000000 -0.001550 0.000000
vt 0.003600 -0.001550 0.000000
vt 0.003600 0.000000 0.000000
vt -0.013000 0.012400 0.000000
vt -0.016000 0.012400 0.000000
vt -0.016000 0.011200 0.000000
vt -0.014500 0.011200 0.000000
vt -0.014500 0.009800 0.000000
vt -0.016000 0.009800 0.000000
vt -0.016000 0.008600 0.000000
vt -0.013000 0.008600 0.000000
vt 0.003600 0.000000 0.000000
vt 0.000600 0.000000 0.000000
vt 0.000000 0.000000 0.000000
vt 0.000000 -0.001550 0.000000
vt 0.003600 -0.001550 0.000000
vt 0.022475 0.002000 0.000000
vt 0.018525 0.002000 0.000000
vt 0.018525 0.003450 0.000000
vt 0.018400 0.003450 0.000000
vt 0.018400 0.005000 0.000000
vt 0.017200 0.005000 0.000000
vt 0.017200 0.001100 0.000000
vt 0.023800 0.001100 0.000000
vt 0.023800 0.005000 0.000000
vt 0.022600 0.005000 0.000000
vt 0.022600 0.003450 0.000000
vt 0.022475 0.003450 0.000000
vt -0.016475 -0.016000 0.000000
vt -0.012525 -0.016000 0.000000
vt -0.012525 -0.014900 0.000000
vt -0.013526 -0.012990 0.000000
vt -0.013400 -0.013471 0.000000
vt -0.013500 -0.013959 0.000000
vt -0.013805 -0.014352 0.000000
vt -0.014251 -0.014571 0.000000
vt -0.014749 -0.014571 0.000000
vt -0.015195 -0.014352 0.000000
vt -0.015500 -0.013959 0.000000
vt -0.015600 -0.013471 0.000000
vt -0.015474 -0.012990 0.000000
vt -0.016475 -0.014900 0.000000
vt 0.002390 0.000000 0.000000
vt 0.002390 0.001450 0.000000
vt 0.001290 0.001450 0.000000
vt 0.001290 0.000000 0.000000
vt 0.000000 0.001450 0.000000
vt 0.000000 0.000000 0.000000
vt 0.002157 0.000000 0.000000
vt 0.002157 0.001450 0.000000
vt 0.012525 0.014900 0.000000
vt 0.012525 0.016000 0.000000
vt 0.012400 0.016000 0.000000
vt 0.012400 0.012400 0.000000
vt 0.014500 0.011188 0.000000
vt 0.016600 0.012400 0.000000
vt 0.016600 0.016000 0.000000
vt 0.016475 0.016000 0.000000
vt 0.016475 0.014900 0.000000
vt 0.015474 0.012990 0.000000
vt 0.015168 0.012626 0.000000
vt 0.014738 0.012426 0.000000
vt 0.014262 0.012426 0.000000
vt 0.013832 0.012626 0.000000
vt 0.013526 0.012990 0.000000
vt 0.000000 0.001450 0.000000
vt 0.000000 0.000000 0.000000
vt 0.001100 0.000000 0.000000
vt 0.001100 0.001450 0.000000
vt 0.002157 0.000000 0.000000
vt 0.002157 0.001450 0.000000
vt 0.000000 0.001450 0.000000
vt 0.000000 0.000000 0.000000
vt 0.000200 0.000000 0.000000
vt 0.000200 -0.000532 0.000000
vt 0.000200 -0.001063 0.000000
vt 0.000200 -0.001595 0.000000
vt 0.000200 -0.002127 0.000000
vt 0.000200 -0.002658 0.000000
vt 0.000200 0.003722 0.000000
vt 0.000200 0.003190 0.000000
vt 0.000200 0.002658 0.000000
vt 0.000200 0.002127 0.000000
vt 0.000200 0.001595 0.000000
vt 0.000200 0.001063 0.000000
vt 0.000200 0.000532 0.000000
vt 0.002000 -0.000531 0.000000
vt 0.002000 -0.000029 0.000000
vt 0.002000 0.000473 0.000000
vt 0.002000 0.000975 0.000000
vt 0.002000 0.001477 0.000000
vt 0.002000 0.001979 0.000000
vt 0.002000 0.002481 0.000000
vt 0.002000 0.002983 0.000000
vt 0.002000 -0.003427 0.000000
vt 0.002000 -0.002925 0.000000
vt 0.003450 -0.002925 0.000000
vt 0.003450 -0.002446 0.000000
vt 0.003450 -0.001967 0.000000
vt 0.003450 -0.001488 0.000000
vt 0.003450 -0.001010 0.000000
vt 0.003450 -0.000531 0.000000
vt 0.002000 0.003485 0.000000
vt 0.002000 0.003485 0.000000
vt 0.000200 -0.003190 0.000000
vt 0.000200 -0.003190 0.000000
vt 0.000141 0.000000 0.000000
vt 0.000141 0.000539 0.000000
vt 0.000141 0.001077 0.000000
vt 0.000141 0.001616 0.000000
vt 0.000141 0.002154 0.000000
vt 0.000141 0.002693 0.000000
vt 0.000141 0.003231 0.000000
vt 0.000141 -0.003770 0.000000
vt 0.000141 -0.003231 0.000000
vt 0.000141 -0.002693 0.000000
vt 0.000141 -0.002154 0.000000
vt 0.000141 -0.001616 0.000000
vt 0.000141 -0.001077 0.000000
vt 0.000141 -0.000539 0.000000
vt -0.000141 0.000000 0.000000
vt -0.000141 -0.000580 0.000000
vt -0.000141 -0.001160 0.000000
vt -0.000141 -0.001740 0.000000
vt -0.000141 -0.002320 0.000000
vt -0.000141 -0.002900 0.000000
vt -0.000141 0.004060 0.000000
vt -0.000141 0.003480 0.000000
vt -0.000141 0.002900 0.000000
vt -0.000141 0.002320 0.000000
vt -0.000141 0.001740 0.000000
vt -0.000141 0.001160 0.000000
vt -0.000141 0.000580 0.000000
vt 0.000141 0.003770 0.000000
vt 0.000141 0.003770 0.000000
vt -0.000141 -0.003480 0.000000
vt -0.000141 -0.003480 0.000000
vt 0.003000 0.000000 0.000000
vt 0.000000 0.000000 0.000000
vt 0.000000 -0.001550 0.000000
vt 0.003600 -0.001550 0.000000
vt 0.003600 0.000000 0.000000
vt -0.013000 0.020400 0.000000
vt -0.016000 0.020400 0.000000
vt -0.016000 0.019200 0.000000
vt -0.014500 0.019200 0.000000
vt -0.014500 0.017800 0.000000
vt -0.016000 0.017800 0.000000
vt -0.016000 0.016600 0.000000
vt -0.013000 0.016600 0.000000
vt 0.003600 0.000000 0.000000
vt 0.000600 0.000000 0.000000
vt 0.000000 0.000000 0.000000
vt 0.000000 -0.001550 0.000000
vt 0.003600 -0.001550 0.000000
vt 0.014475 0.002000 0.000000
vt 0.010525 0.002000 0.000000
vt 0.010525 0.003450 0.000000
vt 0.010400 0.003450 0.000000
vt 0.010400 0.005000 0.000000
vt 0.009200 0.005000 0.000000
vt 0.009200 0.001100 0.000000
vt 0.015800 0.001100 0.000000
vt 0.015800 0.005000 0.000000
vt 0.014600 0.005000 0.000000
vt 0.014600 0.003450 0.000000
vt 0.014475 0.003450 0.000000
vt -0.024475 -0.016000 0.000000
vt -0.020525 -0.016000 0.000000
vt -0.020525 -0.014900 0.000000
vt -0.021526 -0.012990 0.000000
vt -0.021400 -0.013471 0.000000
vt -0.021500 -0.013959 0.000000
vt -0.021805 -0.014352 0.000000
vt -0.022251 -0.014571 0.000000
vt -0.022749 -0.014571 0.000000
vt -0.023195 -0.014352 0.000000
vt -0.023500 -0.013959 0.000000
vt -0.023600 -0.013471 0.000000
vt -0.023474 -0.012990 0.000000
vt -0.024475 -0.014900 0.000000
vt 0.002186 0.000000 0.000000
vt 0.002186 0.001450 0.000000
vt 0.001086 0.001450 0.000000
vt 0.001086 0.000000 0.000000
vt 0.000000 0.001450 0.000000
vt 0.000000 0.000000 0.000000
vt 0.002157 0.000000 0.000000
vt 0.002157 0.001450 0.000000
vt 0.020525 0.014900 0.000000
vt 0.020525 0.016000 0.000000
vt 0.020400 0.016000 0.000000
vt 0.020400 0.012400 0.000000
vt 0.022500 0.011188 0.000000
vt 0.024600 0.012400 0.000000
vt 0.024600 0.016000 0.000000
vt 0.024475 0.016000 0.000000
vt 0.024475 0.014900 0.000000
vt 0.023474 0.012990 0.000000
vt 0.023168 0.012626 0.000000
vt 0.022738 0.012426 0.000000
vt 0.022262 0.012426 0.000000
vt 0.021832 0.012626 0.000000
vt 0.021526 0.012990 0.000000
vt 0.000000 0.001450 0.000000
vt 0.000000 0.000000 0.000000
vt 0.001100 0.000000 0.000000
vt 0.001100 0.001450 0.000000
vt 0.002157 0.000000 0.000000
vt 0.002157 0.001450 0.000000
vt 0.000000 0.001450 0.000000
vt 0.000000 0.000000 0.000000
vt 0.000200 0.000000 0.000000
vt 0.000200 -0.000532 0.000000
vt 0.000200 -0.001063 0.000000
vt 0.000200 -0.001595 0.000000
vt 0.000200 -0.002127 0.000000
vt 0.000200 -0.002658 0.000000
vt 0.000200 0.003722 0.000000
vt 0.000200 0.003190 0.000000
vt 0.000200 0.002658 0.000000
vt 0.000200 0.002127 0.000000
vt 0.000200 0.001595 0.000000
vt 0.000200 0.001063 0.000000
vt 0.000200 0.000532 0.000000
vt 0.002000 -0.000531 0.000000
vt 0.002000 -0.000029 0.000000
vt 0.002000 0.000473 0.000000
vt 0.002000 0.000975 0.000000
vt 0.002000 0.001477 0.000000
vt 0.002000 0.001979 0.000000
vt 0.002000 0.002481 0.000000
vt 0.002000 0.002983 0.000000
vt 0.002000 -0.003427 0.000000
vt 0.002000 -0.002925 0.000000
vt 0.003450 -0.002925 0.000000
vt 0.003450 -0.002446 0.000000
vt 0.003450 -0.001967 0.000000
vt 0.003450 -0.001488 0.000000
vt 0.003450 -0.001010 0.000000
vt 0.003450 -0.000531 0.000000
vt 0.002000 0.003485 0.000000
vt 0.002000 0.003485 0.000000
vt 0.000200 -0.003190 0.000000
vt 0.000200 -0.003190 0.000000
vt 0.000141 0.000000 0.000000
vt 0.000141 0.000539 0.000000
vt 0.000141 0.001077 0.000000
vt 0.000141 0.001616 0.000000
vt 0.000141 0.002154 0.000000
vt 0.000141 0.002693 0.000000
vt 0.000141 0.003231 0.000000
vt 0.000141 -0.003770 0.000000
vt 0.000141 -0.003231 0.000000
vt 0.000141 -0.002693 0.000000
vt 0.000141 -0.002154 0.000000
vt 0.000141 -0.001616 0.000000
vt 0.000141 -0.001077 0.000000
vt 0.000141 -0.000539 0.000000
vt -0.000141 0.000000 0.000000
vt -0.000141 -0.000580 0.000000
vt -0.000141 -0.001160 0.000000
vt -0.000141 -0.001740 0.000000
vt -0.000141 -0.002320 0.000000
vt -0.000141 -0.002900 0.000000
vt -0.000141 0.004060 0.000000
vt -0.000141 0.003480 0.000000
vt -0.000141 0.002900 0.000000
vt -0.000141 0.002320 0.000000
vt -0.000141 0.001740 0.000000
vt -0.000141 0.001160 0.000000
vt -0.000141 0.000580 0.000000
vt 0.000141 0.003770 0.000000
vt 0.000141 0.003770 0.000000
vt -0.000141 -0.003480 0.000000
vt -0.000141 -0.003480 0.000000
vt 0.003000 0.000000 0.000000
vt 0.000000 0.000000 0.000000
vt 0.000000 -0.001550 0.000000
vt 0.003600 -0.001550 0.000000
vt 0.003600 0.000000 0.000000
vt -0.013000 0.028400 0.000000
vt -0.016000 0.028400 0.000000
vt -0.016000 0.027200 0.000000
vt -0.014500 0.027200 0.000000
vt -0.014500 0.025800 0.000000
vt -0.016000 0.025800 0.000000
vt -0.016000 0.024600 0.000000
vt -0.013000 0.024600 0.000000
vt 0.003600 0.000000 0.000000
vt 0.000600 0.000000 0.000000
vt 0.000000 0.000000 0.000000
vt 0.000000 -0.001550 0.000000
vt 0.003600 -0.001550 0.000000
vt 0.006475 0.002000 0.000000
vt 0.002525 0.002000 0.000000
vt 0.002525 0.003450 0.000000
vt 0.002400 0.003450 0.000000
vt 0.002400 0.005000 0.000000
vt 0.001200 0.005000 0.000000
vt 0.001200 0.001100 0.000000
vt 0.007800 0.001100 0.000000
vt 0.007800 0.005000 0.000000
vt 0.006600 0.005000 0.000000
vt 0.006600 0.003450 0.000000
vt 0.006475 0.003450 0.000000
vt -0.032475 -0.016000 0.000000
vt -0.028525 -0.016000 0.000000
vt -0.028525 -0.014900 0.000000
vt -0.029526 -0.012990 0.000000
vt -0.029400 -0.013471 0.000000
vt -0.029500 -0.013959 0.000000
vt -0.029805 -0.014352 0.000000
vt -0.030251 -0.014571 0.000000
vt -0.030749 -0.014571 0.000000
vt -0.031195 -0.014352 0.000000
vt -0.031500 -0.013959 0.000000
vt -0.031600 -0.013471 0.000000
vt -0.031474 -0.012990 0.000000
vt -0.032475 -0.014900 0.000000
vt 0.002186 0.000000 0.000000
vt 0.002186 0.001450 0.000000
vt 0.001086 0.001450 0.000000
vt 0.001086 0.000000 0.000000
vt 0.000000 0.001450 0.000000
vt 0.000000 0.000000 0.000000
vt 0.002157 0.000000 0.000000
vt 0.002157 0.001450 0.000000
vt 0.028525 0.014900 0.000000
vt 0.028525 0.016000 0.000000
vt 0.028400 0.016000 0.000000
vt 0.028400 0.012400 0.000000
vt 0.030500 0.011188 0.000000
vt 0.032600 0.012400 0.000000
vt 0.032600 0.016000 0.000000
vt 0.032475 0.016000 0.000000
vt 0.032475 0.014900 0.000000
vt 0.031474 0.012990 0.000000
vt 0.031168 0.012626 0.000000
vt 0.030738 0.012426 0.000000
vt 0.030262 0.012426 0.000000
vt 0.029832 0.012626 0.000000
vt 0.029526 0.012990 0.000000
vt 0.000000 0.001450 0.000000
vt 0.000000 0.000000 0.000000
vt 0.001100 0.000000 0.000000
vt 0.001100 0.001450 0.000000
vt 0.002157 0.000000 0.000000
vt 0.002157 0.001450 0.000000
vt 0.000000 0.001450 0.000000
vt 0.000000 0.000000 0.000000
vt 0.000200 0.000000 0.000000
vt 0.000200 -0.000532 0.000000
vt 0.000200 -0.001063 0.000000
vt 0.000200 -0.001595 0.000000
vt 0.000200 -0.002127 0.000000
vt 0.000200 -0.002658 0.000000
vt 0.000200 0.003722 0.000000
vt 0.000200 0.003190 0.000000
vt 0.000200 0.002658 0.000000
vt 0.000200 0.002127 0.000000
vt 0.000200 0.001595 0.000000
vt 0.000200 0.001063 0.000000
vt 0.000200 0.000532 0.000000
vt 0.002000 -0.000531 0.000000
vt 0.002000 -0.000029 0.000000
vt 0.002000 0.000473 0.000000
vt 0.002000 0.000975 0.000000
vt 0.002000 0.001477 0.000000
vt 0.002000 0.001979 0.000000
vt 0.002000 0.002481 0.000000
vt 0.002000 0.002983 0.000000
vt 0.002000 -0.003427 0.000000
vt 0.002000 -0.002925 0.000000
vt 0.003450 -0.002925 0.000000
vt 0.003450 -0.002446 0.000000
vt 0.003450 -0.001967 0.000000
vt 0.003450 -0.001488 0.000000
vt 0.003450 -0.001010 0.000000
vt 0.003450 -0.000531 0.000000
vt 0.002000 0.003485 0.000000
vt 0.002000 0.003485 0.000000
vt 0.000200 -0.003190 0.000000
vt 0.000200 -0.003190 0.000000
vt 0.000141 0.000000 0.000000
vt 0.000141 0.000539 0.000000
vt 0.000141 0.001077 0.000000
vt 0.000141 0.001616 0.000000
vt 0.000141 0.002154 0.000000
vt 0.000141 0.002693 0.000000
vt 0.000141 0.003231 0.000000
vt 0.000141 -0.003770 0.000000
vt 0.000141 -0.003231 0.000000
vt 0.000141 -0.002693 0.000000
vt 0.000141 -0.002154 0.000000
vt 0.000141 -0.001616 0.000000
vt 0.000141 -0.001077 0.000000
vt 0.000141 -0.000539 0.000000
vt -0.000141 0.000000 0.000000
vt -0.000141 -0.000580 0.000000
vt -0.000141 -0.001160 0.000000
vt -0.000141 -0.001740 0.000000
vt -0.000141 -0.002320 0.000000
vt -0.000141 -0.002900 0.000000
vt -0.000141 0.004060 0.000000
vt -0.000141 0.003480 0.000000
vt -0.000141 0.002900 0.000000
vt -0.000141 0.002320 0.000000
vt -0.000141 0.001740 0.000000
vt -0.000141 0.001160 0.000000
vt -0.000141 0.000580 0.000000
vt 0.000141 0.003770 0.000000
vt 0.000141 0.003770 0.000000
vt -0.000141 -0.003480 0.000000
vt -0.000141 -0.003480 0.000000
vt 0.003000 0.000000 0.000000
vt 0.000000 0.000000 0.000000
vt 0.000000 -0.001550 0.000000
vt 0.003600 -0.001550 0.000000
vt 0.003600 0.000000 0.000000
vt -0.016000 0.032600 0.000000
vt -0.013000 0.032600 0.000000
vt -0.013000 0.034000 0.000000
vt -0.012956 0.034361 0.000000
vt -0.012826 0.034701 0.000000
vt -0.012618 0.035000 0.000000
vt -0.014500 0.035000 0.000000
vt -0.014500 0.033800 0.000000
vt -0.016000 0.033800 0.000000
vt 0.000000 -0.030100 0.000000
vt 0.001200 -0.030100 0.000000
vt 0.001200 -0.027000 0.000000
vt 0.000000 -0.027000 0.000000
vt 0.001500 0.001900 0.000000
vt 0.001500 0.005000 0.000000
vt -0.000382 0.005000 0.000000
vt -0.000382 0.000018 0.000000
vt -0.028400 0.013000 0.000000
vt -0.032600 0.013000 0.000000
vt -0.032600 0.012400 0.000000
vt -0.030500 0.011188 0.000000
vt -0.028400 0.012400 0.000000
vt 0.002425 0.000000 0.000000
vt 0.000000 0.000000 0.000000
vt 0.000000 -0.001550 0.000000
vt 0.002425 -0.001550 0.000000
vt 0.002425 0.000000 0.000000
vt 0.000000 0.000000 0.000000
vt 0.000000 -0.001550 0.000000
vt 0.002425 -0.001550 0.000000
vt 0.000000 -0.030100 0.000000
vt 0.001400 -0.030100 0.000000
vt 0.001400 -0.027000 0.000000
vt 0.000000 -0.027000 0.000000
vt -0.020400 0.013000 0.000000
vt -0.024600 0.013000 0.000000
vt -0.024600 0.012400 0.000000
vt -0.022500 0.011188 0.000000
vt -0.020400 0.012400 0.000000
vt 0.002425 0.000000 0.000000
vt 0.000000 0.000000 0.000000
vt 0.000000 -0.001550 0.000000
vt 0.002425 -0.001550 0.000000
vt 0.002425 0.000000 0.000000
vt 0.000000 0.000000 0.000000
vt 0.000000 -0.001550 0.000000
vt 0.002425 -0.001550 0.000000
vt 0.000000 -0.030100 0.000000
vt 0.001400 -0.030100 0.000000
vt 0.001400 -0.027000 0.000000
vt 0.000000 -0.027000 0.000000
vt -0.012400 0.013000 0.000000
vt -0.016600 0.013000 0.000000
vt -0.016600 0.012400 0.000000
vt -0.014500 0.011188 0.000000
vt -0.012400 0.012400 0.000000
vt 0.002425 0.000000 0.000000
vt 0.000000 0.000000 0.000000
vt 0.000000 -0.001550 0.000000
vt 0.002425 -0.001550 0.000000
vt 0.002425 0.000000 0.000000
vt 0.000000 0.000000 0.000000
vt 0.000000 -0.001550 0.000000
vt 0.002425 -0.001550 0.000000
vt 0.000000 -0.030100 0.000000
vt 0.001400 -0.030100 0.000000
vt 0.001400 -0.027000 0.000000
vt 0.000000 -0.027000 0.000000
vt -0.004400 0.013000 0.000000
vt -0.008600 0.013000 0.000000
vt -0.008600 0.012400 0.000000
vt -0.006500 0.011188 0.000000
vt -0.004400 0.012400 0.000000
vt 0.003600 0.000000 0.000000
vt 0.000600 0.000000 0.000000
vt 0.000000 0.000000 0.000000
vt 0.000000 -0.001550 0.000000
vt 0.003600 -0.001550 0.000000
vt 0.002425 0.000000 0.000000
vt 0.000000 0.000000 0.000000
vt 0.000000 -0.001550 0.000000
vt 0.002425 -0.001550 0.000000
vt 0.002425 0.000000 0.000000
vt 0.000000 0.000000 0.000000
vt 0.000000 -0.001550 0.000000
vt 0.002425 -0.001550 0.000000
vt -0.001220 0.000000 0.000000
vt -0.000000 0.000000 0.000000
vt -0.000000 0.002687 0.000000
vt -0.001200 0.002687 0.000000
vt -0.001200 0.000026 0.000000
vt 0.001500 0.001900 0.000000
vt 0.001500 0.005000 0.000000
vt -0.000382 0.005000 0.000000
vt -0.000382 0.000018 0.000000
vt 0.001200 -0.001900 0.000000
vt 0.000000 -0.001900 0.000000
vt 0.000000 -0.005000 0.000000
vt 0.001200 -0.005000 0.000000
vt 0.009975 0.037400 0.000000
vt 0.008980 0.035500 0.000000
vt 0.011500 0.035500 0.000000
vt 0.011861 0.035456 0.000000
vt 0.012201 0.035326 0.000000
vt 0.012500 0.035118 0.000000
vt 0.012500 0.037000 0.000000
vt 0.011300 0.037000 0.000000
vt 0.011300 0.037400 0.000000
vt -0.000012 0.003000 0.000000
vt -0.002157 0.003000 0.000000
vt -0.002157 0.001550 0.000000
vt -0.000000 0.001550 0.000000
vt -0.000000 0.003000 0.000000
vt -0.008980 0.035500 0.000000
vt -0.008974 0.035490 0.000000
vt -0.008668 0.035126 0.000000
vt -0.008238 0.034926 0.000000
vt -0.007762 0.034926 0.000000
vt -0.007332 0.035126 0.000000
vt -0.007026 0.035490 0.000000
vt -0.007020 0.035500 0.000000
vt -0.000000 0.003000 0.000000
vt -0.002145 0.003000 0.000000
vt -0.002157 0.003000 0.000000
vt -0.002157 0.001550 0.000000
vt -0.000000 0.001550 0.000000
vt 0.004700 0.037000 0.000000
vt 0.005709 0.037000 0.000000
vt 0.005709 0.035500 0.000000
vt 0.007020 0.035500 0.000000
vt 0.006025 0.037400 0.000000
vt 0.004700 0.037400 0.000000
vt -0.000778 0.001975 0.000000
vt 0.000778 0.001975 0.000000
vt 0.000778 0.003300 0.000000
vt -0.000778 0.003300 0.000000
vt -0.001290 0.001550 0.000000
vt -0.001290 0.001900 0.000000
vt -0.002390 0.003000 0.000000
vt -0.002390 0.001550 0.000000
vt 0.002525 0.003550 0.000000
vt 0.002525 0.003900 0.000000
vt 0.001200 0.003900 0.000000
vt 0.001200 0.001100 0.000000
vt 0.007800 0.001100 0.000000
vt 0.007800 0.003900 0.000000
vt 0.006475 0.003900 0.000000
vt 0.006475 0.003550 0.000000
vt 0.006635 0.003550 0.000000
vt 0.006635 0.002000 0.000000
vt 0.002435 0.002000 0.000000
vt 0.002435 0.003550 0.000000
vt -0.001100 0.001900 0.000000
vt -0.001100 0.001550 0.000000
vt -0.000000 0.001550 0.000000
vt -0.000000 0.003000 0.000000
vt 0.000778 -0.001975 0.000000
vt -0.000778 -0.001975 0.000000
vt -0.000778 -0.003300 0.000000
vt 0.000778 -0.003300 0.000000
vt 0.000000 -0.003900 0.000000
vt 0.001100 -0.005000 0.000000
vt 0.001500 -0.005000 0.000000
vt 0.001500 -0.001900 0.000000
vt 0.003400 0.000000 0.000000
vt 0.001100 0.000000 0.000000
vt 0.000000 -0.001100 0.000000
vt 0.000000 0.000000 0.000000
vt 0.006600 0.000000 0.000000
vt 0.006600 0.001556 0.000000
vt 0.000000 0.001556 0.000000
vt 0.037400 0.006025 0.000000
vt 0.035490 0.007026 0.000000
vt 0.035126 0.007332 0.000000
vt 0.034926 0.007762 0.000000
vt 0.034926 0.008238 0.000000
vt 0.035126 0.008668 0.000000
vt 0.035490 0.008974 0.000000
vt 0.037400 0.009975 0.000000
vt 0.038500 0.009975 0.000000
vt 0.038500 0.010065 0.000000
vt 0.034900 0.010065 0.000000
vt 0.033688 0.007965 0.000000
vt 0.034900 0.005865 0.000000
vt 0.038500 0.005865 0.000000
vt 0.038500 0.006025 0.000000
vt -0.000000 -0.001550 0.000000
vt -0.000000 0.000000 0.000000
vt -0.003600 0.000000 0.000000
vt -0.003600 -0.001550 0.000000
vt -0.038500 0.010065 0.000000
vt -0.038500 0.005865 0.000000
vt -0.034900 0.005865 0.000000
vt -0.033688 0.007965 0.000000
vt -0.034900 0.010065 0.000000
vt -0.037100 0.008000 0.000000
vt -0.036974 0.008511 0.000000
vt -0.036625 0.008905 0.000000
vt -0.036133 0.009092 0.000000
vt -0.035610 0.009029 0.000000
vt -0.035177 0.008729 0.000000
vt -0.034932 0.008263 0.000000
vt -0.034932 0.007737 0.000000
vt -0.035177 0.007271 0.000000
vt -0.035610 0.006971 0.000000
vt -0.036133 0.006908 0.000000
vt -0.036625 0.007095 0.000000
vt -0.036974 0.007489 0.000000
vt -0.003600 0.000000 0.000000
vt -0.003600 -0.001550 0.000000
vt -0.000000 -0.001550 0.000000
vt -0.000000 0.000000 0.000000
vt -0.000000 0.000000 0.000000
vt -0.002425 0.000000 0.000000
vt -0.002425 -0.001550 0.000000
vt -0.000000 -0.001550 0.000000
vt -0.000000 0.000000 0.000000
vt -0.002425 0.000000 0.000000
vt -0.002425 -0.001550 0.000000
vt -0.000000 -0.001550 0.000000
vt -0.000200 0.000000 0.000000
vt -0.000200 0.000532 0.000000
vt -0.000200 0.001063 0.000000
vt -0.000200 0.001595 0.000000
vt -0.000200 0.002127 0.000000
vt -0.000200 0.002658 0.000000
vt -0.000200 0.003190 0.000000
vt -0.000200 -0.003190 0.000000
vt -0.000200 -0.002658 0.000000
vt -0.000200 -0.002127 0.000000
vt -0.000200 -0.001595 0.000000
vt -0.000200 -0.001063 0.000000
vt -0.000200 -0.000532 0.000000
vt -0.002000 0.000000 0.000000
vt -0.002000 -0.000532 0.000000
vt -0.002000 -0.001063 0.000000
vt -0.002000 -0.001595 0.000000
vt -0.002000 -0.002127 0.000000
vt -0.002000 -0.002658 0.000000
vt -0.002000 0.003722 0.000000
vt -0.002000 0.003190 0.000000
vt -0.002000 0.002658 0.000000
vt -0.002000 0.002127 0.000000
vt -0.002000 0.001595 0.000000
vt -0.002000 0.001063 0.000000
vt -0.002000 0.000532 0.000000
vt -0.002000 -0.003190 0.000000
vt -0.002000 -0.003190 0.000000
vt -0.000200 0.003722 0.000000
vt -0.000200 0.003722 0.000000
vt 0.000141 0.000000 0.000000
vt 0.000141 0.000539 0.000000
vt 0.000141 0.001077 0.000000
vt 0.000141 0.001616 0.000000
vt 0.000141 0.002154 0.000000
vt 0.000141 0.002693 0.000000
vt 0.000141 0.003231 0.000000
vt 0.000141 -0.003770 0.000000
vt 0.000141 -0.003231 0.000000
vt 0.000141 -0.002693 0.000000
vt 0.000141 -0.002154 0.000000
vt 0.000141 -0.001616 0.000000
vt 0.000141 -0.001077 0.000000
vt 0.000141 -0.000539 0.000000
vt -0.000141 0.000000 0.000000
vt -0.000141 -0.000580 0.000000
vt -0.000141 -0.001160 0.000000
vt -0.000141 -0.001740 0.000000
vt -0.000141 -0.002320 0.000000
vt -0.000141 -0.002900 0.000000
vt -0.000141 0.004060 0.000000
vt -0.000141 0.003480 0.000000
vt -0.000141 0.002900 0.000000
vt -0.000141 0.002320 0.000000
vt -0.000141 0.001740 0.000000
vt -0.000141 0.001160 0.000000
vt -0.000141 0.000580 0.000000
vt 0.000141 0.003770 0.000000
vt 0.000141 0.003770 0.000000
vt -0.000141 -0.003480 0.000000
vt -0.000141 -0.003480 0.000000
vt -0.005000 -0.002259 0.000000
vt -0.005000 -0.002737 0.000000
vt -0.005000 -0.003216 0.000000
vt -0.005000 -0.003695 0.000000
vt -0.005000 -0.004174 0.000000
vt -0.005000 -0.004653 0.000000
vt -0.003550 -0.004653 0.000000
vt -0.003550 -0.004174 0.000000
vt -0.003550 -0.003695 0.000000
vt -0.003550 -0.003216 0.000000
vt -0.003550 -0.002737 0.000000
vt -0.003550 -0.002259 0.000000
vt 0.000000 0.000000 0.000000
vt 0.006600 0.000000 0.000000
vt 0.006600 0.001556 0.000000
vt 0.000000 0.001556 0.000000
vt -0.001100 0.000000 0.000000
vt -0.003400 0.000000 0.000000
vt -0.001500 -0.001900 0.000000
vt -0.001500 -0.005000 0.000000
vt -0.000000 -0.005000 0.000000
vt -0.000000 -0.001100 0.000000
vt -0.000000 -0.001900 0.000000
vt -0.001200 -0.001900 0.000000
vt -0.001200 -0.005000 0.000000
vt -0.000000 -0.005000 0.000000
vt 0.000000 0.000000 0.000000
vt 0.001220 0.000000 0.000000
vt 0.001200 0.000026 0.000000
vt 0.001200 0.002687 0.000000
vt 0.000000 0.002687 0.000000
vt 0.001500 0.005000 0.000000
vt 0.001500 0.001900 0.000000
vt 0.003382 0.000018 0.000000
vt 0.003382 0.005000 0.000000
vt 0.000000 0.000000 0.000000
vt 0.001220 0.000000 0.000000
vt 0.001220 0.002687 0.000000
vt 0.000020 0.002687 0.000000
vt 0.000020 0.000026 0.000000
vt 0.001500 0.001900 0.000000
vt 0.001500 0.005000 0.000000
vt -0.000382 0.005000 0.000000
vt -0.000382 0.000018 0.000000
vt -0.000000 -0.001900 0.000000
vt -0.001200 -0.001900 0.000000
vt -0.001200 -0.005000 0.000000
vt -0.000000 -0.005000 0.000000
vt 0.001900 0.000000 0.000000
vt -0.000400 0.000000 0.000000
vt -0.001500 -0.001100 0.000000
vt -0.001500 -0.005000 0.000000
vt -0.000000 -0.005000 0.000000
vt -0.000000 -0.001900 0.000000
vt 0.006475 0.002000 0.000000
vt 0.002525 0.002000 0.000000
vt 0.002525 0.005000 0.000000
vt 0.001200 0.005000 0.000000
vt 0.001200 0.001100 0.000000
vt 0.007800 0.001100 0.000000
vt 0.007800 0.005000 0.000000
vt 0.006475 0.005000 0.000000
vt -0.032475 -0.016000 0.000000
vt -0.028525 -0.016000 0.000000
vt -0.028525 -0.014900 0.000000
vt -0.029526 -0.012990 0.000000
vt -0.029400 -0.013471 0.000000
vt -0.029500 -0.013959 0.000000
vt -0.029805 -0.014352 0.000000
vt -0.030251 -0.014571 0.000000
vt -0.030749 -0.014571 0.000000
vt -0.031195 -0.014352 0.000000
vt -0.031500 -0.013959 0.000000
vt -0.031600 -0.013471 0.000000
vt -0.031474 -0.012990 0.000000
vt -0.032475 -0.014900 0.000000
vt 0.000200 0.000000 0.000000
vt 0.000200 -0.000532 0.000000
vt 0.000200 -0.001063 0.000000
vt 0.000200 -0.001595 0.000000
vt 0.000200 -0.002127 0.000000
vt 0.000200 -0.002658 0.000000
vt 0.000200 0.003722 0.000000
vt 0.000200 0.003190 0.000000
vt 0.000200 0.002658 0.000000
vt 0.000200 0.002127 0.000000
vt 0.000200 0.001595 0.000000
vt 0.000200 0.001063 0.000000
vt 0.000200 0.000532 0.000000
vt 0.002000 -0.000531 0.000000
vt 0.002000 -0.000029 0.000000
vt 0.002000 0.000473 0.000000
vt 0.002000 0.000975 0.000000
vt 0.002000 0.001477 0.000000
vt 0.002000 0.001979 0.000000
vt 0.002000 0.002481 0.000000
vt 0.002000 0.002983 0.000000
vt 0.002000 -0.003427 0.000000
vt 0.002000 -0.002925 0.000000
vt 0.005000 -0.002925 0.000000
vt 0.005000 -0.002446 0.000000
vt 0.005000 -0.001967 0.000000
vt 0.005000 -0.001488 0.000000
vt 0.005000 -0.001010 0.000000
vt 0.005000 -0.000531 0.000000
vt 0.002000 0.003485 0.000000
vt 0.002000 0.003485 0.000000
vt 0.000200 -0.003190 0.000000
vt 0.000200 -0.003190 0.000000
vt 0.000141 0.000000 0.000000
vt 0.000141 0.000539 0.000000
vt 0.000141 0.001077 0.000000
vt 0.000141 0.001616 0.000000
vt 0.000141 0.002154 0.000000
vt 0.000141 0.002693 0.000000
vt 0.000141 0.003231 0.000000
vt 0.000141 -0.003770 0.000000
vt 0.000141 -0.003231 0.000000
vt 0.000141 -0.002693 0.000000
vt 0.000141 -0.002154 0.000000
vt 0.000141 -0.001616 0.000000
vt 0.000141 -0.001077 0.000000
vt 0.000141 -0.000539 0.000000
vt -0.000141 0.000000 0.000000
vt -0.000141 -0.000580 0.000000
vt -0.000141 -0.001160 0.000000
vt -0.000141 -0.001740 0.000000
vt -0.000141 -0.002320 0.000000
vt -0.000141 -0.002900 0.000000
vt -0.000141 0.004060 0.000000
vt -0.000141 0.003480 0.000000
vt -0.000141 0.002900 0.000000
vt -0.000141 0.002320 0.000000
vt -0.000141 0.001740 0.000000
vt -0.000141 0.001160 0.000000
vt -0.000141 0.000580 0.000000
vt 0.000141 0.003770 0.000000
vt 0.000141 0.003770 0.000000
vt -0.000141 -0.003480 0.000000
vt -0.000141 -0.003480 0.000000
vt -0.001100 0.000000 0.000000
vt -0.003400 0.000000 0.000000
vt -0.001500 -0.001900 0.000000
vt -0.001500 -0.005000 0.000000
vt -0.000000 -0.005000 0.000000
vt -0.000000 -0.001100 0.000000
vt 0.000000 0.000000 0.000000
vt 0.006600 0.000000 0.000000
vt 0.006600 0.001556 0.000000
vt 0.000000 0.001556 0.000000
vt -0.000000 -0.001900 0.000000
vt -0.001400 -0.001900 0.000000
vt -0.001400 -0.005000 0.000000
vt -0.000000 -0.005000 0.000000
vt 0.000000 0.000000 0.000000
vt 0.001400 0.000000 0.000000
vt 0.001400 0.002687 0.000000
vt 0.000000 0.002687 0.000000
vt 0.001900 0.000000 0.000000
vt -0.000400 0.000000 0.000000
vt -0.001500 -0.001100 0.000000
vt -0.001500 -0.005000 0.000000
vt -0.000000 -0.005000 0.000000
vt -0.000000 -0.001900 0.000000
vt 0.014475 0.002000 0.000000
vt 0.010525 0.002000 0.000000
vt 0.010525 0.005000 0.000000
vt 0.009200 0.005000 0.000000
vt 0.009200 0.001100 0.000000
vt 0.015800 0.001100 0.000000
vt 0.015800 0.005000 0.000000
vt 0.014475 0.005000 0.000000
vt -0.024475 -0.016000 0.000000
vt -0.020525 -0.016000 0.000000
vt -0.020525 -0.014900 0.000000
vt -0.021526 -0.012990 0.000000
vt -0.021400 -0.013471 0.000000
vt -0.021500 -0.013959 0.000000
vt -0.021805 -0.014352 0.000000
vt -0.022251 -0.014571 0.000000
vt -0.022749 -0.014571 0.000000
vt -0.023195 -0.014352 0.000000
vt -0.023500 -0.013959 0.000000
vt -0.023600 -0.013471 0.000000
vt -0.023474 -0.012990 0.000000
vt -0.024475 -0.014900 0.000000
vt 0.000200 0.000000 0.000000
vt 0.000200 -0.000532 0.000000
vt 0.000200 -0.001063 0.000000
vt 0.000200 -0.001595 0.000000
vt 0.000200 -0.002127 0.000000
vt 0.000200 -0.002658 0.000000
vt 0.000200 0.003722 0.000000
vt 0.000200 0.003190 0.000000
vt 0.000200 0.002658 0.000000
vt 0.000200 0.002127 0.000000
vt 0.000200 0.001595 0.000000
vt 0.000200 0.001063 0.000000
vt 0.000200 0.000532 0.000000
vt 0.002000 -0.000531 0.000000
vt 0.002000 -0.000029 0.000000
vt 0.002000 0.000473 0.000000
vt 0.002000 0.000975 0.000000
vt 0.002000 0.001477 0.000000
vt 0.002000 0.001979 0.000000
vt 0.002000 0.002481 0.000000
vt 0.002000 0.002983 0.000000
vt 0.002000 -0.003427 0.000000
vt 0.002000 -0.002925 0.000000
vt 0.005000 -0.002925 0.000000
vt 0.005000 -0.002446 0.000000
vt 0.005000 -0.001967 0.000000
vt 0.005000 -0.001488 0.000000
vt 0.005000 -0.001010 0.000000
vt 0.005000 -0.000531 0.000000
vt 0.002000 0.003485 0.000000
vt 0.002000 0.003485 0.000000
vt 0.000200 -0.003190 0.000000
vt 0.000200 -0.003190 0.000000
vt 0.000141 0.000000 0.000000
vt 0.000141 0.000539 0.000000
vt 0.000141 0.001077 0.000000
vt 0.000141 0.001616 0.000000
vt 0.000141 0.002154 0.000000
vt 0.000141 0.002693 0.000000
vt 0.000141 0.003231 0.000000
vt 0.000141 -0.003770 0.000000
vt 0.000141 -0.003231 0.000000
vt 0.000141 -0.002693 0.000000
vt 0.000141 -0.002154 0.000000
vt 0.000141 -0.001616 0.000000
vt 0.000141 -0.001077 0.000000
vt 0.000141 -0.000539 0.000000
vt -0.000141 0.000000 0.000000
vt -0.000141 -0.000580 0.000000
vt -0.000141 -0.001160 0.000000
vt -0.000141 -0.001740 0.000000
vt -0.000141 -0.002320 0.000000
vt -0.000141 -0.002900 0.000000
vt -0.000141 0.004060 0.000000
vt -0.000141 0.003480 0.000000
vt -0.000141 0.002900 0.000000
vt -0.000141 0.002320 0.000000
vt -0.000141 0.001740 0.000000
vt -0.000141 0.001160 0.000000
vt -0.000141 0.000580 0.000000
vt 0.000141 0.003770 0.000000
vt 0.000141 0.003770 0.000000
vt -0.000141 -0.003480 0.000000
vt -0.000141 -0.003480 0.000000
vt -0.001100 0.000000 0.000000
vt -0.003400 0.000000 0.000000
vt -0.001500 -0.001900 0.000000
vt -0.001500 -0.005000 0.000000
vt -0.000000 -0.005000 0.000000
vt -0.000000 -0.001100 0.000000
vt 0.000000 0.000000 0.000000
vt 0.006600 0.000000 0.000000
vt 0.006600 0.001556 0.000000
vt 0.000000 0.001556 0.000000
vt -0.000000 -0.001900 0.000000
vt -0.001400 -0.001900 0.000000
vt -0.001400 -0.005000 0.000000
vt -0.000000 -0.005000 0.000000
vt 0.000000 0.000000 0.000000
vt 0.001400 0.000000 0.000000
vt 0.001400 0.002687 0.000000
vt 0.000000 0.002687 0.000000
vt 0.001900 0.000000 0.000000
vt -0.000400 0.000000 0.000000
vt -0.001500 -0.001100 0.000000
vt -0.001500 -0.005000 0.000000
vt -0.000000 -0.005000 0.000000
vt -0.000000 -0.001900 0.000000
vt 0.022475 0.002000 0.000000
vt 0.018525 0.002000 0.000000
vt 0.018525 0.005000 0.000000
vt 0.017200 0.005000 0.000000
vt 0.017200 0.001100 0.000000
vt 0.023800 0.001100 0.000000
vt 0.023800 0.005000 0.000000
vt 0.022475 0.005000 0.000000
vt -0.016475 -0.016000 0.000000
vt -0.012525 -0.016000 0.000000
vt -0.012525 -0.014900 0.000000
vt -0.013526 -0.012990 0.000000
vt -0.013400 -0.013471 0.000000
vt -0.013500 -0.013959 0.000000
vt -0.013805 -0.014352 0.000000
vt -0.014251 -0.014571 0.000000
vt -0.014749 -0.014571 0.000000
vt -0.015195 -0.014352 0.000000
vt -0.015500 -0.013959 0.000000
vt -0.015600 -0.013471 0.000000
vt -0.015474 -0.012990 0.000000
vt -0.016475 -0.014900 0.000000
vt 0.000200 0.000000 0.000000
vt 0.000200 -0.000532 0.000000
vt 0.000200 -0.001063 0.000000
vt 0.000200 -0.001595 0.000000
vt 0.000200 -0.002127 0.000000
vt 0.000200 -0.002658 0.000000
vt 0.000200 0.003722 0.000000
vt 0.000200 0.003190 0.000000
vt 0.000200 0.002658 0.000000
vt 0.000200 0.002127 0.000000
vt 0.000200 0.001595 0.000000
vt 0.000200 0.001063 0.000000
vt 0.000200 0.000532 0.000000
vt 0.002000 -0.000531 0.000000
vt 0.002000 -0.000029 0.000000
vt 0.002000 0.000473 0.000000
vt 0.002000 0.000975 0.000000
vt 0.002000 0.001477 0.000000
vt 0.002000 0.001979 0.000000
vt 0.002000 0.002481 0.000000
vt 0.002000 0.002983 0.000000
vt 0.002000 -0.003427 0.000000
vt 0.002000 -0.002925 0.000000
vt 0.005000 -0.002925 0.000000
vt 0.005000 -0.002446 0.000000
vt 0.005000 -0.001967 0.000000
vt 0.005000 -0.001488 0.000000
vt 0.005000 -0.001010 0.000000
vt 0.005000 -0.000531 0.000000
vt 0.002000 0.003485 0.000000
vt 0.002000 0.003485 0.000000
vt 0.000200 -0.003190 0.000000
vt 0.000200 -0.003190 0.000000
vt 0.000141 0.000000 0.000000
vt 0.000141 0.000539 0.000000
vt 0.000141 0.001077 0.000000
vt 0.000141 0.001616 0.000000
vt 0.000141 0.002154 0.000000
vt 0.000141 0.002693 0.000000
vt 0.000141 0.003231 0.000000
vt 0.000141 -0.003770 0.000000
vt 0.000141 -0.003231 0.000000
vt 0.000141 -0.002693 0.000000
vt 0.000141 -0.002154 0.000000
vt 0.000141 -0.001616 0.000000
vt 0.000141 -0.001077 0.000000
vt 0.000141 -0.000539 0.000000
vt -0.000141 0.000000 0.000000
vt -0.000141 -0.000580 0.000000
vt -0.000141 -0.001160 0.000000
vt -0.000141 -0.001740 0.000000
vt -0.000141 -0.002320 0.000000
vt -0.000141 -0.002900 0.000000
vt -0.000141 0.004060 0.000000
vt -0.000141 0.003480 0.000000
vt -0.000141 0.002900 0.000000
vt -0.000141 0.002320 0.000000
vt -0.000141 0.001740 0.000000
vt -0.000141 0.001160 0.000000
vt -0.000141 0.000580 0.000000
vt 0.000141 0.003770 0.000000
vt 0.000141 0.003770 0.000000
vt -0.000141 -0.003480 0.000000
vt -0.000141 -0.003480 0.000000
vt -0.001100 0.000000 0.000000
vt -0.003400 0.000000 0.000000
vt -0.001500 -0.001900 0.000000
vt -0.001500 -0.005000 0.000000
vt -0.000000 -0.005000 0.000000
vt -0.000000 -0.001100 0.000000
vt 0.000000 0.000000 0.000000
vt 0.006600 0.000000 0.000000
vt 0.006600 0.001556 0.000000
vt 0.000000 0.001556 0.000000
vt -0.000000 -0.001900 0.000000
vt -0.001400 -0.001900 0.000000
vt -0.001400 -0.005000 0.000000
vt -0.000000 -0.005000 0.000000
vt 0.000000 0.000000 0.000000
vt 0.001400 0.000000 0.000000
vt 0.001400 0.002687 0.000000
vt 0.000000 0.002687 0.000000
vt 0.001900 0.000000 0.000000
vt -0.000400 0.000000 0.000000
vt -0.001500 -0.001100 0.000000
vt -0.001500 -0.005000 0.000000
vt -0.000000 -0.005000 0.000000
vt -0.000000 -0.001900 0.000000
vt 0.030475 0.002000 0.000000
vt 0.026525 0.002000 0.000000
vt 0.026525 0.005000 0.000000
vt 0.025200 0.005000 0.000000
vt 0.025200 0.001100 0.000000
vt 0.031800 0.001100 0.000000
vt 0.031800 0.005000 0.000000
vt 0.030475 0.005000 0.000000
vt -0.008475 -0.016000 0.000000
vt -0.004525 -0.016000 0.000000
vt -0.004525 -0.014900 0.000000
vt -0.005526 -0.012990 0.000000
vt -0.005400 -0.013471 0.000000
vt -0.005500 -0.013959 0.000000
vt -0.005805 -0.014352 0.000000
vt -0.006251 -0.014571 0.000000
vt -0.006749 -0.014571 0.000000
vt -0.007195 -0.014352 0.000000
vt -0.007500 -0.013959 0.000000
vt -0.007600 -0.013471 0.000000
vt -0.007474 -0.012990 0.000000
vt -0.008475 -0.014900 0.000000
vt 0.000200 0.000000 0.000000
vt 0.000200 -0.000532 0.000000
vt 0.000200 -0.001063 0.000000
vt 0.000200 -0.001595 0.000000
vt 0.000200 -0.002127 0.000000
vt 0.000200 -0.002658 0.000000
vt 0.000200 0.003722 0.000000
vt 0.000200 0.003190 0.000000
vt 0.000200 0.002658 0.000000
vt 0.000200 0.002127 0.000000
vt 0.000200 0.001595 0.000000
vt 0.000200 0.001063 0.000000
vt 0.000200 0.000532 0.000000
vt 0.002000 -0.000531 0.000000
vt 0.002000 -0.000029 0.000000
vt 0.002000 0.000473 0.000000
vt 0.002000 0.000975 0.000000
vt 0.002000 0.001477 0.000000
vt 0.002000 0.001979 0.000000
vt 0.002000 0.002481 0.000000
vt 0.002000 0.002983 0.000000
vt 0.002000 -0.003427 0.000000
vt 0.002000 -0.002925 0.000000
vt 0.005000 -0.002925 0.000000
vt 0.005000 -0.002446 0.000000
vt 0.005000 -0.001967 0.000000
vt 0.005000 -0.001488 0.000000
vt 0.005000 -0.001010 0.000000
vt 0.005000 -0.000531 0.000000
vt 0.002000 0.003485 0.000000
vt 0.002000 0.003485 0.000000
vt 0.000200 -0.003190 0.000000
vt 0.000200 -0.003190 0.000000
vt 0.000141 0.000000 0.000000
vt 0.000141 0.000539 0.000000
vt 0.000141 0.001077 0.000000
vt 0.000141 0.001616 0.000000
vt 0.000141 0.002154 0.000000
vt 0.000141 0.002693 0.000000
vt 0.000141 0.003231 0.000000
vt 0.000141 -0.003770 0.000000
vt 0.000141 -0.003231 0.000000
vt 0.000141 -0.002693 0.000000
vt 0.000141 -0.002154 0.000000
vt 0.000141 -0.001616 0.000000
vt 0.000141 -0.001077 0.000000
vt 0.000141 -0.000539 0.000000
vt -0.000141 0.000000 0.000000
vt -0.000141 -0.000580 0.000000
vt -0.000141 -0.001160 0.000000
vt -0.000141 -0.001740 0.000000
vt -0.000141 -0.002320 0.000000
vt -0.000141 -0.002900 0.000000
vt -0.000141 0.004060 0.000000
vt -0.000141 0.003480 0.000000
vt -0.000141 0.002900 0.000000
vt -0.000141 0.002320 0.000000
vt -0.000141 0.001740 0.000000
vt -0.000141 0.001160 0.000000
vt -0.000141 0.000580 0.000000
vt 0.000141 0.003770 0.000000
vt 0.000141 0.003770 0.000000
vt -0.000141 -0.003480 0.000000
vt -0.000141 -0.003480 0.000000
vt -0.001500 -0.001900 0.000000
vt -0.001500 -0.005000 0.000000
vt -0.000000 -0.005000 0.000000
vt -0.000000 -0.001100 0.000000
vt -0.001100 0.000000 0.000000
vt -0.003400 0.000000 0.000000
vt -0.000000 -0.001900 0.000000
vt -0.001200 -0.001900 0.000000
vt -0.001200 -0.005000 0.000000
vt -0.000000 -0.005000 0.000000
vt -0.000000 0.000000 0.000000
vt -0.002687 0.000000 0.000000
vt -0.002687 -0.001200 0.000000
vt -0.000000 -0.001200 0.000000
vt 0.000000 0.000000 0.000000
vt 0.006600 0.000000 0.000000
vt 0.006600 0.001556 0.000000
vt 0.000000 0.001556 0.000000
vt 0.015474 0.012990 0.000000
vt 0.015480 0.013000 0.000000
vt 0.013520 0.013000 0.000000
vt 0.013526 0.012990 0.000000
vt 0.013832 0.012626 0.000000
vt 0.014262 0.012426 0.000000
vt 0.014738 0.012426 0.000000
vt 0.015168 0.012626 0.000000
vt -0.000200 -0.003456 0.000000
vt -0.000200 -0.002924 0.000000
vt -0.000200 -0.002392 0.000000
vt -0.000200 -0.001861 0.000000
vt -0.000200 -0.001329 0.000000
vt -0.000200 -0.000797 0.000000
vt -0.000200 -0.000266 0.000000
vt -0.000200 0.000266 0.000000
vt -0.000200 0.000797 0.000000
vt -0.000200 0.001329 0.000000
vt -0.000200 0.001861 0.000000
vt -0.000200 0.002392 0.000000
vt -0.000200 0.002924 0.000000
vt -0.002000 -0.002925 0.000000
vt -0.002000 0.003485 0.000000
vt -0.002000 0.002983 0.000000
vt -0.002000 0.002481 0.000000
vt -0.002000 0.001979 0.000000
vt -0.002000 0.001477 0.000000
vt -0.002000 0.000975 0.000000
vt -0.002000 0.000473 0.000000
vt -0.002000 -0.000029 0.000000
vt -0.002000 -0.000531 0.000000
vt -0.005000 -0.000531 0.000000
vt -0.005000 -0.001010 0.000000
vt -0.005000 -0.001488 0.000000
vt -0.005000 -0.001967 0.000000
vt -0.005000 -0.002446 0.000000
vt -0.005000 -0.002925 0.000000
vt -0.002000 -0.003427 0.000000
vt -0.000200 0.003456 0.000000
vt -0.000200 0.003456 0.000000
vt -0.002000 -0.003427 0.000000
vt 0.000141 -0.003770 0.000000
vt 0.000141 -0.003231 0.000000
vt 0.000141 -0.002693 0.000000
vt 0.000141 -0.002154 0.000000
vt 0.000141 -0.001616 0.000000
vt 0.000141 -0.001077 0.000000
vt 0.000141 -0.000539 0.000000
vt 0.000141 0.000000 0.000000
vt 0.000141 0.000539 0.000000
vt 0.000141 0.001077 0.000000
vt 0.000141 0.001616 0.000000
vt 0.000141 0.002154 0.000000
vt 0.000141 0.002693 0.000000
vt 0.000141 0.003231 0.000000
vt -0.000141 0.003770 0.000000
vt -0.000141 0.003190 0.000000
vt -0.000141 0.002610 0.000000
vt -0.000141 0.002030 0.000000
vt -0.000141 0.001450 0.000000
vt -0.000141 0.000870 0.000000
vt -0.000141 0.000290 0.000000
vt -0.000141 -0.000290 0.000000
vt -0.000141 -0.000870 0.000000
vt -0.000141 -0.001450 0.000000
vt -0.000141 -0.002030 0.000000
vt -0.000141 -0.002610 0.000000
vt -0.000141 -0.003190 0.000000
vt 0.000141 0.003770 0.000000
vt -0.000141 -0.003770 0.000000
vt -0.000141 -0.003770 0.000000
vt 0.023474 0.012990 0.000000
vt 0.023480 0.013000 0.000000
vt 0.021520 0.013000 0.000000
vt 0.021526 0.012990 0.000000
vt 0.021832 0.012626 0.000000
vt 0.022262 0.012426 0.000000
vt 0.022738 0.012426 0.000000
vt 0.023168 0.012626 0.000000
vt -0.000200 -0.003456 0.000000
vt -0.000200 -0.002924 0.000000
vt -0.000200 -0.002392 0.000000
vt -0.000200 -0.001861 0.000000
vt -0.000200 -0.001329 0.000000
vt -0.000200 -0.000797 0.000000
vt -0.000200 -0.000266 0.000000
vt -0.000200 0.000266 0.000000
vt -0.000200 0.000797 0.000000
vt -0.000200 0.001329 0.000000
vt -0.000200 0.001861 0.000000
vt -0.000200 0.002392 0.000000
vt -0.000200 0.002924 0.000000
vt -0.002000 -0.002925 0.000000
vt -0.002000 0.003485 0.000000
vt -0.002000 0.002983 0.000000
vt -0.002000 0.002481 0.000000
vt -0.002000 0.001979 0.000000
vt -0.002000 0.001477 0.000000
vt -0.002000 0.000975 0.000000
vt -0.002000 0.000473 0.000000
vt -0.002000 -0.000029 0.000000
vt -0.002000 -0.000531 0.000000
vt -0.005000 -0.000531 0.000000
vt -0.005000 -0.001010 0.000000
vt -0.005000 -0.001488 0.000000
vt -0.005000 -0.001967 0.000000
vt -0.005000 -0.002446 0.000000
vt -0.005000 -0.002925 0.000000
vt -0.002000 -0.003427 0.000000
vt -0.000200 0.003456 0.000000
vt -0.000200 0.003456 0.000000
vt -0.002000 -0.003427 0.000000
vt 0.000141 -0.003770 0.000000
vt 0.000141 -0.003231 0.000000
vt 0.000141 -0.002693 0.000000
vt 0.000141 -0.002154 0.000000
vt 0.000141 -0.001616 0.000000
vt 0.000141 -0.001077 0.000000
vt 0.000141 -0.000539 0.000000
vt 0.000141 0.000000 0.000000
vt 0.000141 0.000539 0.000000
vt 0.000141 0.001077 0.000000
vt 0.000141 0.001616 0.000000
vt 0.000141 0.002154 0.000000
vt 0.000141 0.002693 0.000000
vt 0.000141 0.003231 0.000000
vt -0.000141 0.003770 0.000000
vt -0.000141 0.003190 0.000000
vt -0.000141 0.002610 0.000000
vt -0.000141 0.002030 0.000000
vt -0.000141 0.001450 0.000000
vt -0.000141 0.000870 0.000000
vt -0.000141 0.000290 0.000000
vt -0.000141 -0.000290 0.000000
vt -0.000141 -0.000870 0.000000
vt -0.000141 -0.001450 0.000000
vt -0.000141 -0.002030 0.000000
vt -0.000141 -0.002610 0.000000
vt -0.000141 -0.003190 0.000000
vt 0.000141 0.003770 0.000000
vt -0.000141 -0.003770 0.000000
vt -0.000141 -0.003770 0.000000
vt 0.031474 0.012990 0.000000
vt 0.031480 0.013000 0.000000
vt 0.029520 0.013000 0.000000
vt 0.029526 0.012990 0.000000
vt 0.029832 0.012626 0.000000
vt 0.030262 0.012426 0.000000
vt 0.030738 0.012426 0.000000
vt 0.031168 0.012626 0.000000
vt -0.000200 -0.003456 0.000000
vt -0.000200 -0.002924 0.000000
vt -0.000200 -0.002392 0.000000
vt -0.000200 -0.001861 0.000000
vt -0.000200 -0.001329 0.000000
vt -0.000200 -0.000797 0.000000
vt -0.000200 -0.000266 0.000000
vt -0.000200 0.000266 0.000000
vt -0.000200 0.000797 0.000000
vt -0.000200 0.001329 0.000000
vt -0.000200 0.001861 0.000000
vt -0.000200 0.002392 0.000000
vt -0.000200 0.002924 0.000000
vt -0.002000 -0.002925 0.000000
vt -0.002000 0.003485 0.000000
vt -0.002000 0.002983 0.000000
vt -0.002000 0.002481 0.000000
vt -0.002000 0.001979 0.000000
vt -0.002000 0.001477 0.000000
vt -0.002000 0.000975 0.000000
vt -0.002000 0.000473 0.000000
vt -0.002000 -0.000029 0.000000
vt -0.002000 -0.000531 0.000000
vt -0.005000 -0.000531 0.000000
vt -0.005000 -0.001010 0.000000
vt -0.005000 -0.001488 0.000000
vt -0.005000 -0.001967 0.000000
vt -0.005000 -0.002446 0.000000
vt -0.005000 -0.002925 0.000000
vt -0.002000 -0.003427 0.000000
vt -0.000200 0.003456 0.000000
vt -0.000200 0.003456 0.000000
vt -0.002000 -0.003427 0.000000
vt 0.000141 -0.003770 0.000000
vt 0.000141 -0.003231 0.000000
vt 0.000141 -0.002693 0.000000
vt 0.000141 -0.002154 0.000000
vt 0.000141 -0.001616 0.000000
vt 0.000141 -0.001077 0.000000
vt 0.000141 -0.000539 0.000000
vt 0.000141 0.000000 0.000000
vt 0.000141 0.000539 0.000000
vt 0.000141 0.001077 0.000000
vt 0.000141 0.001616 0.000000
vt 0.000141 0.002154 0.000000
vt 0.000141 0.002693 0.000000
vt 0.000141 0.003231 0.000000
vt -0.000141 0.003770 0.000000
vt -0.000141 0.003190 0.000000
vt -0.000141 0.002610 0.000000
vt -0.000141 0.002030 0.000000
vt -0.000141 0.001450 0.000000
vt -0.000141 0.000870 0.000000
vt -0.000141 0.000290 0.000000
vt -0.000141 -0.000290 0.000000
vt -0.000141 -0.000870 0.000000
vt -0.000141 -0.001450 0.000000
vt -0.000141 -0.002030 0.000000
vt -0.000141 -0.002610 0.000000
vt -0.000141 -0.003190 0.000000
vt 0.000141 0.003770 0.000000
vt -0.000141 -0.003770 0.000000
vt -0.000141 -0.003770 0.000000
vt -0.002200 0.017170 0.000000
vt -0.002200 0.015936 0.000000
vt -0.002200 0.014702 0.000000
vt -0.002200 0.013468 0.000000
vt -0.002200 0.012234 0.000000
vt -0.002200 0.010999 0.000000
vt -0.002200 0.009765 0.000000
vt -0.002200 0.008531 0.000000
vt -0.002200 0.007297 0.000000
vt -0.002200 0.006063 0.000000
vt -0.002200 0.004828 0.000000
vt -0.002200 0.003594 0.000000
vt -0.002200 0.002360 0.000000
vt -0.002200 0.001126 0.000000
vt -0.002200 -0.000108 0.000000
vt -0.002200 -0.001343 0.000000
vt -0.002200 -0.002577 0.000000
vt -0.002200 -0.003811 0.000000
vt -0.002200 -0.005045 0.000000
vt -0.002200 -0.006279 0.000000
vt -0.002200 -0.007514 0.000000
vt -0.002200 -0.008748 0.000000
vt -0.002200 -0.009982 0.000000
vt -0.002200 -0.011216 0.000000
vt -0.002200 -0.012450 0.000000
vt -0.002200 -0.013685 0.000000
vt -0.002200 -0.014919 0.000000
vt -0.002200 0.018405 0.000000
vt -0.000000 -0.017279 0.000000
vt -0.000000 -0.016045 0.000000
vt -0.000000 -0.014810 0.000000
vt -0.000000 -0.013576 0.000000
vt -0.000000 -0.012342 0.000000
vt -0.000000 -0.011108 0.000000
vt -0.000000 -0.009874 0.000000
vt -0.000000 -0.008639 0.000000
vt -0.000000 -0.007405 0.000000
vt -0.000000 -0.006171 0.000000
vt -0.000000 -0.004937 0.000000
vt -0.000000 -0.003703 0.000000
vt -0.000000 -0.002468 0.000000
vt -0.000000 -0.001234 0.000000
vt -0.000000 0.000000 0.000000
vt -0.000000 0.001234 0.000000
vt -0.000000 0.002468 0.000000
vt -0.000000 0.003703 0.000000
vt -0.000000 0.004937 0.000000
vt -0.000000 0.006171 0.000000
vt -0.000000 0.007405 0.000000
vt -0.000000 0.008639 0.000000
vt -0.000000 0.009874 0.000000
vt -0.000000 0.011108 0.000000
vt -0.000000 0.012342 0.000000
vt -0.000000 0.013576 0.000000
vt -0.000000 0.014810 0.000000
vt -0.000000 0.016045 0.000000
vt -0.000000 0.017279 0.000000
vt -0.000000 0.017279 0.000000
vt -0.002200 -0.016153 0.000000
vt -0.002200 -0.016153 0.000000
vt -0.001257 0.016646 0.000000
vt -0.001257 0.015374 0.000000
vt -0.001257 0.014101 0.000000
vt -0.001257 0.012829 0.000000
vt -0.001257 0.011556 0.000000
vt -0.001257 0.010284 0.000000
vt -0.001257 0.009011 0.000000
vt -0.001257 0.007739 0.000000
vt -0.001257 0.006466 0.000000
vt -0.001257 0.005194 0.000000
vt -0.001257 0.003921 0.000000
vt -0.001257 0.002649 0.000000
vt -0.001257 0.001376 0.000000
vt -0.001257 0.000104 0.000000
vt -0.001257 -0.001169 0.000000
vt -0.001257 -0.002441 0.000000
vt -0.001257 -0.003714 0.000000
vt -0.001257 -0.004986 0.000000
vt -0.001257 -0.006259 0.000000
vt -0.001257 -0.007531 0.000000
vt -0.001257 -0.008804 0.000000
vt -0.001257 -0.010076 0.000000
vt -0.001257 -0.011349 0.000000
vt -0.001257 -0.012621 0.000000
vt -0.001257 -0.013894 0.000000
vt -0.001257 -0.015166 0.000000
vt -0.000000 -0.016543 0.000000
vt -0.000000 -0.015361 0.000000
vt -0.000000 -0.014179 0.000000
vt -0.000000 -0.012998 0.000000
vt -0.000000 -0.011816 0.000000
vt -0.000000 -0.010635 0.000000
vt -0.000000 -0.009453 0.000000
vt -0.000000 -0.008271 0.000000
vt -0.000000 -0.007090 0.000000
vt -0.000000 -0.005908 0.000000
vt -0.000000 -0.004726 0.000000
vt -0.000000 -0.003545 0.000000
vt -0.000000 -0.002363 0.000000
vt -0.000000 -0.001182 0.000000
vt -0.000000 0.000000 0.000000
vt -0.000000 0.001182 0.000000
vt -0.000000 0.002363 0.000000
vt -0.000000 0.003545 0.000000
vt -0.000000 0.004726 0.000000
vt -0.000000 0.005908 0.000000
vt -0.000000 0.007090 0.000000
vt -0.000000 0.008271 0.000000
vt -0.000000 0.009453 0.000000
vt -0.000000 0.010635 0.000000
vt -0.000000 0.011816 0.000000
vt -0.000000 0.012998 0.000000
vt -0.000000 0.014179 0.000000
vt -0.000000 0.015361 0.000000
vt -0.000838 -0.016543 0.000000
vt -0.000419 -0.016543 0.000000
vt -0.000838 -0.002363 0.000000
vt -0.000838 0.014179 0.000000
vt -0.000419 -0.015361 0.000000
vt -0.000838 -0.015361 0.000000
vt -0.000838 0.015361 0.000000
vt -0.000419 0.015361 0.000000
vt -0.000838 0.012998 0.000000
vt -0.000419 0.012998 0.000000
vt -0.000419 0.014179 0.000000
vt -0.000838 0.011816 0.000000
vt -0.000419 0.011816 0.000000
vt -0.000838 0.010635 0.000000
vt -0.000419 0.010635 0.000000
vt -0.000838 0.009453 0.000000
vt -0.000419 0.009453 0.000000
vt -0.000838 0.008271 0.000000
vt -0.000419 0.008271 0.000000
vt -0.000838 0.007090 0.000000
vt -0.000419 0.007090 0.000000
vt -0.000838 0.005908 0.000000
vt -0.000419 0.005908 0.000000
vt -0.000838 0.004726 0.000000
vt -0.000419 0.004726 0.000000
vt -0.000838 0.003545 0.000000
vt -0.000419 0.003545 0.000000
vt -0.000838 0.002363 0.000000
vt -0.000419 0.002363 0.000000
vt -0.000838 0.001182 0.000000
vt -0.000419 0.001182 0.000000
vt -0.000838 0.000000 0.000000
vt -0.000419 0.000000 0.000000
vt -0.000838 -0.001182 0.000000
vt -0.000419 -0.001182 0.000000
vt -0.000838 -0.003545 0.000000
vt -0.000419 -0.003545 0.000000
vt -0.000419 -0.002363 0.000000
vt -0.000838 -0.004726 0.000000
vt -0.000419 -0.004726 0.000000
vt -0.000838 -0.005908 0.000000
vt -0.000419 -0.005908 0.000000
vt -0.000838 -0.007090 0.000000
vt -0.000419 -0.007090 0.000000
vt -0.000838 -0.008271 0.000000
vt -0.000419 -0.008271 0.000000
vt -0.000838 -0.009453 0.000000
vt -0.000419 -0.009453 0.000000
vt -0.000838 -0.010635 0.000000
vt -0.000419 -0.010635 0.000000
vt -0.000838 -0.011816 0.000000
vt -0.000419 -0.011816 0.000000
vt -0.000838 -0.012998 0.000000
vt -0.000419 -0.012998 0.000000
vt -0.000838 -0.014179 0.000000
vt -0.000419 -0.014179 0.000000
vt -0.000838 0.016543 0.000000
vt -0.001257 -0.016439 0.000000
vt -0.001257 -0.016439 0.000000
vt -0.000838 0.016543 0.000000
vt -0.000838 0.016543 0.000000
vt -0.000419 -0.017724 0.000000
vt -0.000419 0.016543 0.000000
vt -0.000000 -0.017724 0.000000
vt -0.004700 0.000000 0.000000
vt -0.004563 -0.001125 0.000000
vt -0.004162 -0.002184 0.000000
vt -0.003518 -0.003117 0.000000
vt -0.002670 -0.003868 0.000000
vt -0.001667 -0.004395 0.000000
vt -0.000567 -0.004666 0.000000
vt 0.000567 -0.004666 0.000000
vt 0.001667 -0.004395 0.000000
vt 0.002670 -0.003868 0.000000
vt 0.003518 -0.003117 0.000000
vt 0.004162 -0.002184 0.000000
vt 0.004563 -0.001125 0.000000
vt 0.004700 0.000000 0.000000
vt 0.004563 0.001125 0.000000
vt 0.004162 0.002184 0.000000
vt 0.003518 0.003117 0.000000
vt 0.002670 0.003868 0.000000
vt 0.001667 0.004395 0.000000
vt 0.000567 0.004666 0.000000
vt -0.000567 0.004666 0.000000
vt -0.001667 0.004395 0.000000
vt -0.002670 0.003868 0.000000
vt -0.003518 0.003117 0.000000
vt -0.004162 0.002184 0.000000
vt -0.004563 0.001125 0.000000
vt 0.004000 0.000000 0.000000
vt 0.003864 -0.001035 0.000000
vt 0.003464 -0.002000 0.000000
vt 0.002828 -0.002828 0.000000
vt 0.002000 -0.003464 0.000000
vt 0.001035 -0.003864 0.000000
vt -0.000000 -0.004000 0.000000
vt -0.001035 -0.003864 0.000000
vt -0.002000 -0.003464 0.000000
vt -0.002828 -0.002828 0.000000
vt -0.003464 -0.002000 0.000000
vt -0.003864 -0.001035 0.000000
vt -0.004000 0.000000 0.000000
vt -0.003864 0.001035 0.000000
vt -0.003464 0.002000 0.000000
vt -0.002828 0.002828 0.000000
vt -0.002000 0.003464 0.000000
vt -0.001035 0.003864 0.000000
vt -0.000000 0.004000 0.000000
vt 0.001035 0.003864 0.000000
vt 0.002000 0.003464 0.000000
vt 0.002828 0.002828 0.000000
vt 0.003464 0.002000 0.000000
vt 0.003864 0.001035 0.000000
vt 0.000000 0.000000 0.000000
vt 0.000000 0.001047 0.000000
vt 0.000000 0.002094 0.000000
vt 0.000000 0.003142 0.000000
vt 0.000000 0.004189 0.000000
vt 0.000000 0.005236 0.000000
vt 0.000000 0.006283 0.000000
vt 0.000000 0.007330 0.000000
vt 0.000000 0.008378 0.000000
vt 0.000000 0.009425 0.000000
vt 0.000000 0.010472 0.000000
vt 0.000000 0.011519 0.000000
vt 0.000000 -0.012566 0.000000
vt 0.000000 -0.011519 0.000000
vt 0.000000 -0.010472 0.000000
vt 0.000000 -0.009425 0.000000
vt 0.000000 -0.008378 0.000000
vt 0.000000 -0.007330 0.000000
vt 0.000000 -0.006283 0.000000
vt 0.000000 -0.005236 0.000000
vt 0.000000 -0.004189 0.000000
vt 0.000000 -0.003142 0.000000
vt 0.000000 -0.002094 0.000000
vt 0.000000 -0.001047 0.000000
vt -0.000600 0.000000 0.000000
vt -0.000600 -0.001047 0.000000
vt -0.000600 -0.002094 0.000000
vt -0.000600 -0.003142 0.000000
vt -0.000600 -0.004189 0.000000
vt -0.000600 -0.005236 0.000000
vt -0.000600 -0.006283 0.000000
vt -0.000600 -0.007330 0.000000
vt -0.000600 -0.008378 0.000000
vt -0.000600 -0.009425 0.000000
vt -0.000600 -0.010472 0.000000
vt -0.000600 -0.011519 0.000000
vt -0.000600 0.012566 0.000000
vt -0.000600 0.011519 0.000000
vt -0.000600 0.010472 0.000000
vt -0.000600 0.009425 0.000000
vt -0.000600 0.008378 0.000000
vt -0.000600 0.007330 0.000000
vt -0.000600 0.006283 0.000000
vt -0.000600 0.005236 0.000000
vt -0.000600 0.004189 0.000000
vt -0.000600 0.003142 0.000000
vt -0.000600 0.002094 0.000000
vt -0.000600 0.001047 0.000000
vt -0.000600 -0.012566 0.000000
vt 0.000000 0.012566 0.000000
vt 0.004000 0.000000 0.000000
vt 0.003864 0.001035 0.000000
vt 0.003464 0.002000 0.000000
vt 0.002828 0.002828 0.000000
vt 0.002000 0.003464 0.000000
vt 0.001035 0.003864 0.000000
vt 0.000000 0.004000 0.000000
vt -0.001035 0.003864 0.000000
vt -0.002000 0.003464 0.000000
vt -0.002828 0.002828 0.000000
vt -0.003464 0.002000 0.000000
vt -0.003864 0.001035 0.000000
vt -0.004000 0.000000 0.000000
vt -0.003864 -0.001035 0.000000
vt -0.003464 -0.002000 0.000000
vt -0.002828 -0.002828 0.000000
vt -0.002000 -0.003464 0.000000
vt -0.001035 -0.003864 0.000000
vt 0.000000 -0.004000 0.000000
vt 0.001035 -0.003864 0.000000
vt 0.002000 -0.003464 0.000000
vt 0.002828 -0.002828 0.000000
vt 0.003464 -0.002000 0.000000
vt 0.003864 -0.001035 0.000000
vt 0.000000 -0.002150 0.000000
vt -0.000735 -0.002020 0.000000
vt -0.001382 -0.001647 0.000000
vt -0.001862 -0.001075 0.000000
vt -0.002117 -0.000373 0.000000
vt -0.002117 0.000373 0.000000
vt -0.001862 0.001075 0.000000
vt -0.001382 0.001647 0.000000
vt -0.000735 0.002020 0.000000
vt 0.000000 0.002150 0.000000
vt 0.000735 0.002020 0.000000
vt 0.001382 0.001647 0.000000
vt 0.001862 0.001075 0.000000
vt 0.002117 0.000373 0.000000
vt 0.002117 -0.000373 0.000000
vt 0.001862 -0.001075 0.000000
vt 0.001382 -0.001647 0.000000
vt 0.000735 -0.002020 0.000000
vt 0.000000 0.000000 0.000000
vt 0.000000 0.000750 0.000000
vt 0.000000 0.001501 0.000000
vt 0.000000 0.002251 0.000000
vt 0.000000 0.003002 0.000000
vt 0.000000 0.003752 0.000000
vt 0.000000 0.004503 0.000000
vt 0.000000 0.005253 0.000000
vt 0.000000 0.006004 0.000000
vt 0.000000 -0.006754 0.000000
vt 0.000000 -0.006004 0.000000
vt 0.000000 -0.005253 0.000000
vt 0.000000 -0.004503 0.000000
vt 0.000000 -0.003752 0.000000
vt 0.000000 -0.003002 0.000000
vt 0.000000 -0.002251 0.000000
vt 0.000000 -0.001501 0.000000
vt 0.000000 -0.000750 0.000000
vt -0.007000 0.000000 0.000000
vt -0.007000 -0.000750 0.000000
vt -0.007000 -0.001501 0.000000
vt -0.007000 -0.002251 0.000000
vt -0.007000 -0.003002 0.000000
vt -0.007000 -0.003752 0.000000
vt -0.007000 -0.004503 0.000000
vt -0.007000 -0.005253 0.000000
vt -0.007000 -0.006004 0.000000
vt -0.007000 0.006754 0.000000
vt -0.007000 0.006004 0.000000
vt -0.007000 0.005253 0.000000
vt -0.007000 0.004503 0.000000
vt -0.007000 0.003752 0.000000
vt -0.007000 0.003002 0.000000
vt -0.007000 0.002251 0.000000
vt -0.007000 0.001501 0.000000
vt -0.007000 0.000750 0.000000
vt -0.007000 -0.006754 0.000000
vt 0.000000 0.006754 0.000000
vt 0.002150 0.000000 0.000000
vt 0.002020 0.000735 0.000000
vt 0.001647 0.001382 0.000000
vt 0.001075 0.001862 0.000000
vt 0.000373 0.002117 0.000000
vt -0.000373 0.002117 0.000000
vt -0.001075 0.001862 0.000000
vt -0.001647 0.001382 0.000000
vt -0.002020 0.000735 0.000000
vt -0.002150 0.000000 0.000000
vt -0.002020 -0.000735 0.000000
vt -0.001647 -0.001382 0.000000
vt -0.001075 -0.001862 0.000000
vt -0.000373 -0.002117 0.000000
vt 0.000373 -0.002117 0.000000
vt 0.001075 -0.001862 0.000000
vt 0.001647 -0.001382 0.000000
vt 0.002020 -0.000735 0.000000
vt -0.018300 -0.000300 0.000000
vt -0.012367 -0.000300 0.000000
vt -0.012100 0.000000 0.000000
vt -0.018650 0.000000 0.000000
vt -0.018300 -0.000394 0.000000
vt -0.010000 -0.012367 0.000000
vt -0.010000 -0.018300 0.000000
vt -0.009500 -0.018300 0.000000
vt -0.009500 -0.012367 0.000000
vt -0.000401 -0.019500 0.000000
vt -0.000401 -0.020000 0.000000
vt -0.000000 -0.020000 0.000000
vt -0.000000 0.000000 0.000000
vt -0.000401 0.000000 0.000000
vt -0.000401 -0.000500 0.000000
vt -0.001806 -0.000500 0.000000
vt -0.001806 -0.009500 0.000000
vt -0.000803 -0.009500 0.000000
vt -0.000599 -0.009542 0.000000
vt -0.000452 -0.009655 0.000000
vt -0.000452 -0.010345 0.000000
vt -0.000599 -0.010458 0.000000
vt -0.000803 -0.010500 0.000000
vt -0.001806 -0.010500 0.000000
vt -0.001806 -0.019500 0.000000
vt 0.010000 -0.012367 0.000000
vt 0.009500 -0.012367 0.000000
vt 0.009500 -0.018300 0.000000
vt 0.010000 -0.018300 0.000000
vt -0.005083 -0.000300 0.000000
vt 0.000850 -0.000300 0.000000
vt 0.000850 -0.000394 0.000000
vt 0.001200 0.000000 0.000000
vt -0.005350 0.000000 0.000000
vt -0.001279 -0.000500 0.000000
vt -0.001279 0.000000 0.000000
vt -0.001806 0.000000 0.000000
vt -0.001806 -0.020000 0.000000
vt -0.001279 -0.020000 0.000000
vt -0.001279 -0.019500 0.000000
vt -0.000000 -0.019500 0.000000
vt -0.000000 -0.010500 0.000000
vt -0.001003 -0.010500 0.000000
vt -0.001207 -0.010458 0.000000
vt -0.001355 -0.010345 0.000000
vt -0.001355 -0.009655 0.000000
vt -0.001207 -0.009542 0.000000
vt -0.001003 -0.009500 0.000000
vt -0.000000 -0.009500 0.000000
vt -0.000000 -0.000500 0.000000
vt 0.000000 0.000000 0.000000
vt 0.000000 -0.000094 0.000000
vt 0.000500 -0.000094 0.000000
vt 0.000500 0.000000 0.000000
vt 0.005000 -0.002950 0.000000
vt 0.005000 -0.001050 0.000000
vt 0.005933 0.000000 0.000000
vt 0.000000 0.000000 0.000000
vt 0.000000 -0.000094 0.000000
vt 0.000850 -0.001050 0.000000
vt 0.000850 -0.002950 0.000000
vt -0.019500 -0.001350 0.000000
vt -0.019500 -0.003250 0.000000
vt -0.020000 -0.003250 0.000000
vt -0.020000 -0.010000 0.000000
vt -0.010500 -0.010000 0.000000
vt -0.010500 -0.001350 0.000000
vt 0.005717 -0.000300 0.000000
vt 0.000233 -0.000300 0.000000
vt 0.000900 -0.001050 0.000000
vt 0.000900 -0.009700 0.000000
vt 0.005050 -0.009700 0.000000
vt 0.005050 -0.001050 0.000000
vt -0.095030 0.000152 0.000000
vt -0.095030 0.000101 0.000000
vt -0.095030 0.000051 0.000000
vt -0.095030 0.000000 0.000000
vt -0.089080 0.000000 0.000000
vt -0.089080 0.000051 0.000000
vt -0.089080 0.000101 0.000000
vt -0.089080 0.000152 0.000000
vt -0.089178 0.000311 0.000000
vt -0.089313 0.000471 0.000000
vt -0.094797 0.000471 0.000000
vt -0.094932 0.000311 0.000000
vt 0.000845 -0.000038 0.000000
vt 0.000799 -0.000017 0.000000
vt 0.000750 -0.000004 0.000000
vt 0.000700 0.000000 0.000000
vt 0.000300 0.000000 0.000000
vt 0.000250 -0.000004 0.000000
vt 0.000201 -0.000017 0.000000
vt 0.000155 -0.000038 0.000000
vt -0.091280 0.000152 0.000000
vt -0.091280 0.000101 0.000000
vt -0.091280 0.000051 0.000000
vt -0.091280 0.000000 0.000000
vt -0.085330 0.000000 0.000000
vt -0.085330 0.000051 0.000000
vt -0.085330 0.000101 0.000000
vt -0.085330 0.000152 0.000000
vt -0.085428 0.000311 0.000000
vt -0.085563 0.000471 0.000000
vt -0.091047 0.000471 0.000000
vt -0.091182 0.000311 0.000000
vt 0.000300 0.000000 0.000000
vt 0.000250 -0.000004 0.000000
vt 0.000201 -0.000017 0.000000
vt 0.000155 -0.000038 0.000000
vt 0.000845 -0.000038 0.000000
vt 0.000799 -0.000017 0.000000
vt 0.000750 -0.000004 0.000000
vt 0.000700 0.000000 0.000000
vt 0.000200 -0.018350 0.000000
vt 0.000200 -0.012400 0.000000
vt -0.000200 -0.012400 0.000000
vt -0.000200 -0.018350 0.000000
vt 0.005717 -0.000300 0.000000
vt 0.000233 -0.000300 0.000000
vt 0.000900 -0.001050 0.000000
vt 0.000900 -0.009700 0.000000
vt 0.005050 -0.009700 0.000000
vt 0.005050 -0.001050 0.000000
vt -0.000000 -0.003250 0.000000
vt -0.000500 -0.003250 0.000000
vt -0.000500 -0.001350 0.000000
vt -0.009500 -0.001350 0.000000
vt -0.009500 -0.010000 0.000000
vt -0.000000 -0.010000 0.000000
vt -0.009500 -0.013300 0.000000
vt -0.010000 -0.013300 0.000000
vt -0.010000 -0.017450 0.000000
vt -0.009500 -0.017450 0.000000
vt 0.001000 -0.001050 0.000000
vt 0.001000 -0.002950 0.000000
vt 0.005150 -0.002950 0.000000
vt 0.005150 -0.001050 0.000000
vt 0.006000 -0.000094 0.000000
vt 0.006000 0.000000 0.000000
vt 0.000067 0.000000 0.000000
vt 0.000000 -0.000094 0.000000
vt 0.000500 -0.000094 0.000000
vt 0.000500 0.000000 0.000000
vt 0.000000 0.000000 0.000000
vt -0.019500 -0.003250 0.000000
vt -0.020000 -0.003250 0.000000
vt -0.020000 -0.010000 0.000000
vt -0.010500 -0.010000 0.000000
vt -0.010500 -0.001350 0.000000
vt -0.019500 -0.001350 0.000000
vt 0.013300 0.000500 0.000000
vt 0.017450 0.000500 0.000000
vt 0.017450 0.010000 0.000000
vt 0.013300 0.010000 0.000000
vt -0.000000 -0.003250 0.000000
vt -0.004150 -0.003250 0.000000
vt -0.004150 -0.010000 0.000000
vt -0.000000 -0.010000 0.000000
vt -0.000000 -0.003250 0.000000
vt -0.000500 -0.003250 0.000000
vt -0.000500 -0.001350 0.000000
vt -0.009500 -0.001350 0.000000
vt -0.009500 -0.010000 0.000000
vt -0.000000 -0.010000 0.000000
vt 0.010000 -0.017450 0.000000
vt 0.010000 -0.013300 0.000000
vt 0.009500 -0.013300 0.000000
vt 0.009500 -0.017450 0.000000
vt -0.013300 -0.003250 0.000000
vt -0.017450 -0.003250 0.000000
vt -0.017450 -0.010000 0.000000
vt -0.013300 -0.010000 0.000000
vt 0.017450 -0.000500 0.000000
vt 0.013300 -0.000500 0.000000
vt 0.013300 -0.010000 0.000000
vt 0.017450 -0.010000 0.000000
vt -0.000800 -0.003000 0.000000
vt -0.000800 -0.000800 0.000000
vt -0.006400 -0.000800 0.000000
vt -0.006400 -0.003000 0.000000
vt -0.086737 0.000000 0.000000
vt -0.084537 0.000000 0.000000
vt -0.084537 0.000419 0.000000
vt -0.084537 0.000838 0.000000
vt -0.084537 0.001257 0.000000
vt -0.086737 0.001257 0.000000
vt -0.086737 0.000838 0.000000
vt -0.086737 0.000419 0.000000
vt -0.000000 0.000000 0.000000
vt -0.000000 0.000296 0.000000
vt -0.000000 0.000592 0.000000
vt -0.000000 0.000889 0.000000
vt -0.000419 0.000889 0.000000
vt -0.000838 0.000889 0.000000
vt -0.001257 0.000000 0.000000
vt -0.000838 0.000000 0.000000
vt -0.000419 0.000000 0.000000
vt -0.000419 0.000296 0.000000
vt -0.000838 0.000296 0.000000
vt -0.000419 0.000592 0.000000
vt -0.000838 0.000592 0.000000
vt -0.102780 0.001257 0.000000
vt -0.108380 0.001257 0.000000
vt -0.108380 0.000838 0.000000
vt -0.108380 0.000419 0.000000
vt -0.108380 0.000000 0.000000
vt -0.102780 0.000000 0.000000
vt -0.102780 0.000419 0.000000
vt -0.102780 0.000838 0.000000
vt -0.000000 0.000889 0.000000
vt -0.000000 0.001185 0.000000
vt -0.000000 0.001481 0.000000
vt -0.000000 0.001777 0.000000
vt -0.000419 0.001777 0.000000
vt -0.000838 0.001777 0.000000
vt -0.001257 0.000889 0.000000
vt -0.000838 0.000889 0.000000
vt -0.000419 0.000889 0.000000
vt -0.000419 0.001185 0.000000
vt -0.000838 0.001185 0.000000
vt -0.000419 0.001481 0.000000
vt -0.000838 0.001481 0.000000
vt -0.066915 0.000000 0.000000
vt -0.062515 0.000000 0.000000
vt -0.062515 0.000419 0.000000
vt -0.062515 0.000838 0.000000
vt -0.062515 0.001257 0.000000
vt -0.066915 0.001257 0.000000
vt -0.066915 0.000838 0.000000
vt -0.066915 0.000419 0.000000
vt -0.004800 -0.031700 0.000000
vt -0.004800 -0.026100 0.000000
vt -0.009200 -0.026100 0.000000
vt -0.009200 -0.031700 0.000000
vt -0.071980 0.001257 0.000000
vt -0.077580 0.001257 0.000000
vt -0.077580 0.000838 0.000000
vt -0.077580 0.000419 0.000000
vt -0.077580 0.000000 0.000000
vt -0.071980 0.000000 0.000000
vt -0.071980 0.000419 0.000000
vt -0.071980 0.000838 0.000000
vt -0.000800 -0.003000 0.000000
vt -0.000800 -0.000800 0.000000
vt -0.006400 -0.000800 0.000000
vt -0.006400 -0.003000 0.000000
vt -0.050337 0.001257 0.000000
vt -0.052537 0.001257 0.000000
vt -0.052537 0.000838 0.000000
vt -0.052537 0.000419 0.000000
vt -0.052537 0.000000 0.000000
vt -0.050337 0.000000 0.000000
vt -0.050337 0.000419 0.000000
vt -0.050337 0.000838 0.000000
vt -0.000000 0.000000 0.000000
vt -0.000000 0.000296 0.000000
vt -0.000000 0.000592 0.000000
vt -0.000000 0.000889 0.000000
vt -0.000419 0.000889 0.000000
vt -0.000838 0.000889 0.000000
vt -0.001257 0.000000 0.000000
vt -0.000838 0.000000 0.000000
vt -0.000419 0.000000 0.000000
vt -0.000419 0.000296 0.000000
vt -0.000838 0.000296 0.000000
vt -0.000419 0.000592 0.000000
vt -0.000838 0.000592 0.000000
vt -0.005200 -0.000800 0.000000
vt -0.005200 -0.003000 0.000000
vt -0.000800 -0.003000 0.000000
vt -0.000800 -0.000800 0.000000
vt -0.050337 0.001257 0.000000
vt -0.052537 0.001257 0.000000
vt -0.052537 0.000838 0.000000
vt -0.052537 0.000419 0.000000
vt -0.052537 0.000000 0.000000
vt -0.050337 0.000000 0.000000
vt -0.050337 0.000419 0.000000
vt -0.050337 0.000838 0.000000
vt -0.086737 0.000000 0.000000
vt -0.084537 0.000000 0.000000
vt -0.084537 0.000419 0.000000
vt -0.084537 0.000838 0.000000
vt -0.084537 0.001257 0.000000
vt -0.086737 0.001257 0.000000
vt -0.086737 0.000838 0.000000
vt -0.086737 0.000419 0.000000
vt -0.014800 -0.003000 0.000000
vt -0.014800 -0.000800 0.000000
vt -0.019200 -0.000800 0.000000
vt -0.019200 -0.003000 0.000000
vt -0.048515 0.001257 0.000000
vt -0.052915 0.001257 0.000000
vt -0.052915 0.000838 0.000000
vt -0.052915 0.000419 0.000000
vt -0.052915 0.000000 0.000000
vt -0.048515 0.000000 0.000000
vt -0.048515 0.000419 0.000000
vt -0.048515 0.000838 0.000000
vt -0.000000 0.000000 0.000000
vt -0.000000 0.000296 0.000000
vt -0.000000 0.000592 0.000000
vt -0.000000 0.000889 0.000000
vt -0.000419 0.000889 0.000000
vt -0.000838 0.000889 0.000000
vt -0.001257 0.000000 0.000000
vt -0.000838 0.000000 0.000000
vt -0.000419 0.000000 0.000000
vt -0.000419 0.000296 0.000000
vt -0.000838 0.000296 0.000000
vt -0.000419 0.000592 0.000000
vt -0.000838 0.000592 0.000000
vt -0.086737 0.000000 0.000000
vt -0.084537 0.000000 0.000000
vt -0.084537 0.000419 0.000000
vt -0.084537 0.000838 0.000000
vt -0.084537 0.001257 0.000000
vt -0.086737 0.001257 0.000000
vt -0.086737 0.000838 0.000000
vt -0.086737 0.000419 0.000000
vt -0.000000 0.001777 0.000000
vt -0.000419 0.001777 0.000000
vt -0.000838 0.001777 0.000000
vt -0.001257 0.000889 0.000000
vt -0.000838 0.000889 0.000000
vt -0.000419 0.000889 0.000000
vt -0.000000 0.000889 0.000000
vt -0.000000 0.001185 0.000000
vt -0.000000 0.001481 0.000000
vt -0.000838 0.001481 0.000000
vt -0.000419 0.001481 0.000000
vt -0.000419 0.001185 0.000000
vt -0.000838 0.001185 0.000000
vt -0.048515 0.001257 0.000000
vt -0.052915 0.001257 0.000000
vt -0.052915 0.000838 0.000000
vt -0.052915 0.000419 0.000000
vt -0.052915 0.000000 0.000000
vt -0.048515 0.000000 0.000000
vt -0.048515 0.000419 0.000000
vt -0.048515 0.000838 0.000000
vt -0.014800 -0.003000 0.000000
vt -0.014800 -0.000800 0.000000
vt -0.019200 -0.000800 0.000000
vt -0.019200 -0.003000 0.000000
vt -0.086737 0.000000 0.000000
vt -0.084537 0.000000 0.000000
vt -0.084537 0.000419 0.000000
vt -0.084537 0.000838 0.000000
vt -0.084537 0.001257 0.000000
vt -0.086737 0.001257 0.000000
vt -0.086737 0.000838 0.000000
vt -0.086737 0.000419 0.000000
vt -0.000000 0.000000 0.000000
vt -0.000000 0.000296 0.000000
vt -0.000000 0.000592 0.000000
vt -0.000000 0.000889 0.000000
vt -0.000419 0.000889 0.000000
vt -0.000838 0.000889 0.000000
vt -0.001257 0.000000 0.000000
vt -0.000838 0.000000 0.000000
vt -0.000419 0.000000 0.000000
vt -0.000419 0.000296 0.000000
vt -0.000838 0.000296 0.000000
vt -0.000419 0.000592 0.000000
vt -0.000838 0.000592 0.000000
vt -0.000800 -0.003000 0.000000
vt -0.000800 -0.000800 0.000000
vt -0.006400 -0.000800 0.000000
vt -0.006400 -0.003000 0.000000
vt -0.050337 0.001257 0.000000
vt -0.052537 0.001257 0.000000
vt -0.052537 0.000838 0.000000
vt -0.052537 0.000419 0.000000
vt -0.052537 0.000000 0.000000
vt -0.050337 0.000000 0.000000
vt -0.050337 0.000419 0.000000
vt -0.050337 0.000838 0.000000
vt 0.000141 -0.002985 0.000000
vt 0.000141 -0.002525 0.000000
vt 0.000141 -0.002066 0.000000
vt 0.000141 -0.001607 0.000000
vt 0.000141 -0.001148 0.000000
vt 0.000141 -0.000689 0.000000
vt 0.000141 -0.000230 0.000000
vt 0.000141 0.000230 0.000000
vt 0.000141 0.000689 0.000000
vt 0.000141 0.001148 0.000000
vt 0.000141 0.001607 0.000000
vt 0.000141 0.002066 0.000000
vt 0.000141 0.002525 0.000000
vt -0.000141 0.002985 0.000000
vt -0.000141 0.002442 0.000000
vt -0.000141 0.001899 0.000000
vt -0.000141 0.001357 0.000000
vt -0.000141 0.000814 0.000000
vt -0.000141 0.000271 0.000000
vt -0.000141 -0.000271 0.000000
vt -0.000141 -0.000814 0.000000
vt -0.000141 -0.001357 0.000000
vt -0.000141 -0.001899 0.000000
vt -0.000141 -0.002442 0.000000
vt 0.000141 0.002985 0.000000
vt -0.000141 -0.002985 0.000000
vt -0.000141 -0.002985 0.000000
vt -0.000200 0.001335 0.000000
vt -0.000200 0.001821 0.000000
vt -0.000200 -0.003034 0.000000
vt -0.000200 -0.002549 0.000000
vt -0.000200 -0.002063 0.000000
vt -0.000200 -0.001578 0.000000
vt -0.000200 -0.001092 0.000000
vt -0.000200 -0.000607 0.000000
vt -0.000200 -0.000121 0.000000
vt -0.000200 0.000364 0.000000
vt -0.000200 0.000850 0.000000
vt -0.005100 0.002670 0.000000
vt -0.005100 0.002185 0.000000
vt -0.005100 0.001699 0.000000
vt -0.005100 0.001214 0.000000
vt -0.005100 0.000728 0.000000
vt -0.005100 0.000243 0.000000
vt -0.005100 -0.000243 0.000000
vt -0.005100 -0.000728 0.000000
vt -0.005100 -0.001214 0.000000
vt -0.005100 -0.001699 0.000000
vt -0.005100 -0.002185 0.000000
vt -0.005100 -0.002670 0.000000
vt -0.005100 -0.002670 0.000000
vt -0.000200 0.002306 0.000000
vt -0.000200 0.002306 0.000000
vt 0.007150 -0.022000 0.000000
vt 0.007285 -0.022460 0.000000
vt 0.007647 -0.022773 0.000000
vt 0.008121 -0.022841 0.000000
vt 0.008557 -0.022642 0.000000
vt 0.008816 -0.022239 0.000000
vt 0.008816 -0.021761 0.000000
vt 0.008557 -0.021358 0.000000
vt 0.008121 -0.021159 0.000000
vt 0.007647 -0.021227 0.000000
vt 0.007285 -0.021540 0.000000
vt 0.000141 -0.002985 0.000000
vt 0.000141 -0.002525 0.000000
vt 0.000141 -0.002066 0.000000
vt 0.000141 -0.001607 0.000000
vt 0.000141 -0.001148 0.000000
vt 0.000141 -0.000689 0.000000
vt 0.000141 -0.000230 0.000000
vt 0.000141 0.000230 0.000000
vt 0.000141 0.000689 0.000000
vt 0.000141 0.001148 0.000000
vt 0.000141 0.001607 0.000000
vt 0.000141 0.002066 0.000000
vt 0.000141 0.002525 0.000000
vt -0.000141 0.002985 0.000000
vt -0.000141 0.002442 0.000000
vt -0.000141 0.001899 0.000000
vt -0.000141 0.001357 0.000000
vt -0.000141 0.000814 0.000000
vt -0.000141 0.000271 0.000000
vt -0.000141 -0.000271 0.000000
vt -0.000141 -0.000814 0.000000
vt -0.000141 -0.001357 0.000000
vt -0.000141 -0.001899 0.000000
vt -0.000141 -0.002442 0.000000
vt 0.000141 0.002985 0.000000
vt -0.000141 -0.002985 0.000000
vt -0.000141 -0.002985 0.000000
vt -0.000200 0.001335 0.000000
vt -0.000200 0.001821 0.000000
vt -0.000200 -0.003034 0.000000
vt -0.000200 -0.002549 0.000000
vt -0.000200 -0.002063 0.000000
vt -0.000200 -0.001578 0.000000
vt -0.000200 -0.001092 0.000000
vt -0.000200 -0.000607 0.000000
vt -0.000200 -0.000121 0.000000
vt -0.000200 0.000364 0.000000
vt -0.000200 0.000850 0.000000
vt -0.005100 0.002670 0.000000
vt -0.005100 0.002185 0.000000
vt -0.005100 0.001699 0.000000
vt -0.005100 0.001214 0.000000
vt -0.005100 0.000728 0.000000
vt -0.005100 0.000243 0.000000
vt -0.005100 -0.000243 0.000000
vt -0.005100 -0.000728 0.000000
vt -0.005100 -0.001214 0.000000
vt -0.005100 -0.001699 0.000000
vt -0.005100 -0.002185 0.000000
vt -0.005100 -0.002670 0.000000
vt -0.005100 -0.002670 0.000000
vt -0.000200 0.002306 0.000000
vt -0.000200 0.002306 0.000000
vt -0.008850 -0.022000 0.000000
vt -0.008715 -0.022460 0.000000
vt -0.008353 -0.022773 0.000000
vt -0.007879 -0.022841 0.000000
vt -0.007443 -0.022642 0.000000
vt -0.007184 -0.022239 0.000000
vt -0.007184 -0.021761 0.000000
vt -0.007443 -0.021358 0.000000
vt -0.007879 -0.021159 0.000000
vt -0.008353 -0.021227 0.000000
vt -0.008715 -0.021540 0.000000
vt 0.000141 -0.002985 0.000000
vt 0.000141 -0.002525 0.000000
vt 0.000141 -0.002066 0.000000
vt 0.000141 -0.001607 0.000000
vt 0.000141 -0.001148 0.000000
vt 0.000141 -0.000689 0.000000
vt 0.000141 -0.000230 0.000000
vt 0.000141 0.000230 0.000000
vt 0.000141 0.000689 0.000000
vt 0.000141 0.001148 0.000000
vt 0.000141 0.001607 0.000000
vt 0.000141 0.002066 0.000000
vt 0.000141 0.002525 0.000000
vt -0.000141 0.002985 0.000000
vt -0.000141 0.002442 0.000000
vt -0.000141 0.001899 0.000000
vt -0.000141 0.001357 0.000000
vt -0.000141 0.000814 0.000000
vt -0.000141 0.000271 0.000000
vt -0.000141 -0.000271 0.000000
vt -0.000141 -0.000814 0.000000
vt -0.000141 -0.001357 0.000000
vt -0.000141 -0.001899 0.000000
vt -0.000141 -0.002442 0.000000
vt 0.000141 0.002985 0.000000
vt -0.000141 -0.002985 0.000000
vt -0.000141 -0.002985 0.000000
vt -0.000200 0.001335 0.000000
vt -0.000200 0.001821 0.000000
vt -0.000200 -0.003034 0.000000
vt -0.000200 -0.002549 0.000000
vt -0.000200 -0.002063 0.000000
vt -0.000200 -0.001578 0.000000
vt -0.000200 -0.001092 0.000000
vt -0.000200 -0.000607 0.000000
vt -0.000200 -0.000121 0.000000
vt -0.000200 0.000364 0.000000
vt -0.000200 0.000850 0.000000
vt -0.005100 0.002670 0.000000
vt -0.005100 0.002185 0.000000
vt -0.005100 0.001699 0.000000
vt -0.005100 0.001214 0.000000
vt -0.005100 0.000728 0.000000
vt -0.005100 0.000243 0.000000
vt -0.005100 -0.000243 0.000000
vt -0.005100 -0.000728 0.000000
vt -0.005100 -0.001214 0.000000
vt -0.005100 -0.001699 0.000000
vt -0.005100 -0.002185 0.000000
vt -0.005100 -0.002670 0.000000
vt -0.005100 -0.002670 0.000000
vt -0.000200 0.002306 0.000000
vt -0.000200 0.002306 0.000000
vt 0.007150 -0.006000 0.000000
vt 0.007285 -0.006460 0.000000
vt 0.007647 -0.006773 0.000000
vt 0.008121 -0.006841 0.000000
vt 0.008557 -0.006642 0.000000
vt 0.008816 -0.006239 0.000000
vt 0.008816 -0.005761 0.000000
vt 0.008557 -0.005358 0.000000
vt 0.008121 -0.005159 0.000000
vt 0.007647 -0.005227 0.000000
vt 0.007285 -0.005540 0.000000
vt 0.000141 -0.002985 0.000000
vt 0.000141 -0.002525 0.000000
vt 0.000141 -0.002066 0.000000
vt 0.000141 -0.001607 0.000000
vt 0.000141 -0.001148 0.000000
vt 0.000141 -0.000689 0.000000
vt 0.000141 -0.000230 0.000000
vt 0.000141 0.000230 0.000000
vt 0.000141 0.000689 0.000000
vt 0.000141 0.001148 0.000000
vt 0.000141 0.001607 0.000000
vt 0.000141 0.002066 0.000000
vt 0.000141 0.002525 0.000000
vt -0.000141 0.002985 0.000000
vt -0.000141 0.002442 0.000000
vt -0.000141 0.001899 0.000000
vt -0.000141 0.001357 0.000000
vt -0.000141 0.000814 0.000000
vt -0.000141 0.000271 0.000000
vt -0.000141 -0.000271 0.000000
vt -0.000141 -0.000814 0.000000
vt -0.000141 -0.001357 0.000000
vt -0.000141 -0.001899 0.000000
vt -0.000141 -0.002442 0.000000
vt 0.000141 0.002985 0.000000
vt -0.000141 -0.002985 0.000000
vt -0.000141 -0.002985 0.000000
vt -0.000200 0.001335 0.000000
vt -0.000200 0.001821 0.000000
vt -0.000200 -0.003034 0.000000
vt -0.000200 -0.002549 0.000000
vt -0.000200 -0.002063 0.000000
vt -0.000200 -0.001578 0.000000
vt -0.000200 -0.001092 0.000000
vt -0.000200 -0.000607 0.000000
vt -0.000200 -0.000121 0.000000
vt -0.000200 0.000364 0.000000
vt -0.000200 0.000850 0.000000
vt -0.005100 0.002670 0.000000
vt -0.005100 0.002185 0.000000
vt -0.005100 0.001699 0.000000
vt -0.005100 0.001214 0.000000
vt -0.005100 0.000728 0.000000
vt -0.005100 0.000243 0.000000
vt -0.005100 -0.000243 0.000000
vt -0.005100 -0.000728 0.000000
vt -0.005100 -0.001214 0.000000
vt -0.005100 -0.001699 0.000000
vt -0.005100 -0.002185 0.000000
vt -0.005100 -0.002670 0.000000
vt -0.005100 -0.002670 0.000000
vt -0.000200 0.002306 0.000000
vt -0.000200 0.002306 0.000000
vt -0.008850 -0.006000 0.000000
vt -0.008715 -0.006460 0.000000
vt -0.008353 -0.006773 0.000000
vt -0.007879 -0.006841 0.000000
vt -0.007443 -0.006642 0.000000
vt -0.007184 -0.006239 0.000000
vt -0.007184 -0.005761 0.000000
vt -0.007443 -0.005358 0.000000
vt -0.007879 -0.005159 0.000000
vt -0.008353 -0.005227 0.000000
vt -0.008715 -0.005540 0.000000
vt 0.000141 -0.002985 0.000000
vt 0.000141 -0.002525 0.000000
vt 0.000141 -0.002066 0.000000
vt 0.000141 -0.001607 0.000000
vt 0.000141 -0.001148 0.000000
vt 0.000141 -0.000689 0.000000
vt 0.000141 -0.000230 0.000000
vt 0.000141 0.000230 0.000000
vt 0.000141 0.000689 0.000000
vt 0.000141 0.001148 0.000000
vt 0.000141 0.001607 0.000000
vt 0.000141 0.002066 0.000000
vt 0.000141 0.002525 0.000000
vt -0.000141 0.002985 0.000000
vt -0.000141 0.002442 0.000000
vt -0.000141 0.001899 0.000000
vt -0.000141 0.001357 0.000000
vt -0.000141 0.000814 0.000000
vt -0.000141 0.000271 0.000000
vt -0.000141 -0.000271 0.000000
vt -0.000141 -0.000814 0.000000
vt -0.000141 -0.001357 0.000000
vt -0.000141 -0.001899 0.000000
vt -0.000141 -0.002442 0.000000
vt 0.000141 0.002985 0.000000
vt -0.000141 -0.002985 0.000000
vt -0.000141 -0.002985 0.000000
vt -0.000200 0.001335 0.000000
vt -0.000200 0.001821 0.000000
vt -0.000200 -0.003034 0.000000
vt -0.000200 -0.002549 0.000000
vt -0.000200 -0.002063 0.000000
vt -0.000200 -0.001578 0.000000
vt -0.000200 -0.001092 0.000000
vt -0.000200 -0.000607 0.000000
vt -0.000200 -0.000121 0.000000
vt -0.000200 0.000364 0.000000
vt -0.000200 0.000850 0.000000
vt -0.005100 0.002670 0.000000
vt -0.005100 0.002185 0.000000
vt -0.005100 0.001699 0.000000
vt -0.005100 0.001214 0.000000
vt -0.005100 0.000728 0.000000
vt -0.005100 0.000243 0.000000
vt -0.005100 -0.000243 0.000000
vt -0.005100 -0.000728 0.000000
vt -0.005100 -0.001214 0.000000
vt -0.005100 -0.001699 0.000000
vt -0.005100 -0.002185 0.000000
vt -0.005100 -0.002670 0.000000
vt -0.005100 -0.002670 0.000000
vt -0.000200 0.002306 0.000000
vt -0.000200 0.002306 0.000000
vt 0.005413 0.007770 0.000000
vt 0.005548 0.007310 0.000000
vt 0.005910 0.006997 0.000000
vt 0.006384 0.006928 0.000000
vt 0.006820 0.007127 0.000000
vt 0.007078 0.007530 0.000000
vt 0.007078 0.008009 0.000000
vt 0.006820 0.008412 0.000000
vt 0.006384 0.008611 0.000000
vt 0.005910 0.008543 0.000000
vt 0.005548 0.008229 0.000000
vt 0.000141 -0.002985 0.000000
vt 0.000141 -0.002525 0.000000
vt 0.000141 -0.002066 0.000000
vt 0.000141 -0.001607 0.000000
vt 0.000141 -0.001148 0.000000
vt 0.000141 -0.000689 0.000000
vt 0.000141 -0.000230 0.000000
vt 0.000141 0.000230 0.000000
vt 0.000141 0.000689 0.000000
vt 0.000141 0.001148 0.000000
vt 0.000141 0.001607 0.000000
vt 0.000141 0.002066 0.000000
vt 0.000141 0.002525 0.000000
vt -0.000141 0.002985 0.000000
vt -0.000141 0.002442 0.000000
vt -0.000141 0.001899 0.000000
vt -0.000141 0.001357 0.000000
vt -0.000141 0.000814 0.000000
vt -0.000141 0.000271 0.000000
vt -0.000141 -0.000271 0.000000
vt -0.000141 -0.000814 0.000000
vt -0.000141 -0.001357 0.000000
vt -0.000141 -0.001899 0.000000
vt -0.000141 -0.002442 0.000000
vt 0.000141 0.002985 0.000000
vt -0.000141 -0.002985 0.000000
vt -0.000141 -0.002985 0.000000
vt -0.000200 0.001335 0.000000
vt -0.000200 0.001821 0.000000
vt -0.000200 -0.003034 0.000000
vt -0.000200 -0.002549 0.000000
vt -0.000200 -0.002063 0.000000
vt -0.000200 -0.001578 0.000000
vt -0.000200 -0.001092 0.000000
vt -0.000200 -0.000607 0.000000
vt -0.000200 -0.000121 0.000000
vt -0.000200 0.000364 0.000000
vt -0.000200 0.000850 0.000000
vt -0.005100 0.002670 0.000000
vt -0.005100 0.002185 0.000000
vt -0.005100 0.001699 0.000000
vt -0.005100 0.001214 0.000000
vt -0.005100 0.000728 0.000000
vt -0.005100 0.000243 0.000000
vt -0.005100 -0.000243 0.000000
vt -0.005100 -0.000728 0.000000
vt -0.005100 -0.001214 0.000000
vt -0.005100 -0.001699 0.000000
vt -0.005100 -0.002185 0.000000
vt -0.005100 -0.002670 0.000000
vt -0.005100 -0.002670 0.000000
vt -0.000200 0.002306 0.000000
vt -0.000200 0.002306 0.000000
vt -0.007113 0.007770 0.000000
vt -0.006978 0.007310 0.000000
vt -0.006616 0.006997 0.000000
vt -0.006142 0.006928 0.000000
vt -0.005706 0.007127 0.000000
vt -0.005447 0.007530 0.000000
vt -0.005447 0.008009 0.000000
vt -0.005706 0.008412 0.000000
vt -0.006142 0.008611 0.000000
vt -0.006616 0.008543 0.000000
vt -0.006978 0.008229 0.000000
vn 0.000000 0.000000 -0.100000
vn 0.000000 0.000000 -0.100000
vn 0.000000 0.000000 -0.100000
vn 0.000000 0.000000 -0.100000
vn 0.000000 0.000000 -0.100000
vn 0.000000 0.000000 -0.100000
vn 0.050000 0.000000 -0.086603
vn 0.086603 0.000000 -0.050000
vn 0.100000 0.000000 0.000000
vn 0.100000 0.000000 0.000000
vn 0.086603 0.000000 -0.050000
vn 0.050000 0.000000 -0.086603
vn 0.000000 -0.100000 0.000000
vn 0.000000 -0.086603 -0.050000
vn 0.000000 -0.050000 -0.086603
vn 0.000000 0.000000 -0.100000
vn 0.050000 0.000000 -0.086603
vn 0.086603 0.000000 -0.050000
vn 0.100000 0.000000 0.000000
vn 0.086603 -0.050000 0.000000
vn 0.050000 -0.086603 0.000000
vn 0.050000 -0.075000 -0.043301
vn 0.086603 -0.043301 -0.025000
vn 0.050000 -0.043301 -0.075000
vn 0.086603 -0.025000 -0.043301
vn 0.000000 0.000000 -0.100000
vn 0.000000 0.000000 -0.100000
vn 0.000000 -0.050000 -0.086603
vn 0.000000 -0.086603 -0.050000
vn 0.000000 -0.100000 0.000000
vn 0.000000 -0.100000 0.000000
vn 0.000000 -0.086603 -0.050000
vn 0.000000 -0.050000 -0.086603
vn -0.100000 0.000000 0.000000
vn -0.086603 0.000000 -0.050000
vn -0.050000 0.000000 -0.086603
vn 0.000000 0.000000 -0.100000
vn 0.000000 -0.050000 -0.086603
vn 0.000000 -0.086603 -0.050000
vn 0.000000 -0.100000 0.000000
vn -0.050000 -0.086603 0.000000
vn -0.086603 -0.050000 0.000000
vn -0.050000 -0.043301 -0.075000
vn -0.086603 -0.025000 -0.043301
vn -0.050000 -0.075000 -0.043301
vn -0.086603 -0.043301 -0.025000
vn -0.100000 0.000000 0.000000
vn -0.100000 0.000000 0.000000
vn -0.086603 0.000000 -0.050000
vn -0.050000 0.000000 -0.086603
vn 0.000000 0.000000 -0.100000
vn 0.000000 0.000000 -0.100000
vn -0.050000 0.000000 -0.086603
vn -0.086603 0.000000 -0.050000
vn -0.100000 0.000000 0.000000
vn -0.100000 0.000000 0.000000
vn -0.100000 0.000000 0.000000
vn -0.100000 0.000000 0.000000
vn 0.000000 -0.100000 0.000000
vn 0.000000 -0.100000 0.000000
vn -0.050000 -0.086603 0.000000
vn -0.086603 -0.050000 0.000000
vn -0.100000 0.000000 0.000000
vn -0.100000 0.000000 0.000000
vn -0.086603 -0.050000 0.000000
vn -0.050000 -0.086603 0.000000
vn 0.000000 -0.100000 0.000000
vn 0.000000 -0.100000 0.000000
vn 0.000000 -0.100000 0.000000
vn 0.000000 -0.100000 0.000000
vn 0.000000 0.000000 -0.100000
vn 0.000000 0.000000 -0.100000
vn 0.000000 0.000000 -0.100000
vn 0.000000 0.000000 -0.100000
vn 0.000000 0.000000 -0.100000
vn 0.000000 0.000000 -0.100000
vn 0.000000 0.000000 -0.100000
vn 0.000000 0.000000 -0.100000
vn 0.000000 0.000000 -0.100000
vn 0.000000 0.000000 -0.100000
vn 0.000000 0.000000 -0.100000
vn 0.000000 0.000000 -0.100000
vn 0.000000 0.000000 -0.100000
vn 0.000000 0.000000 -0.100000
vn 0.000000 0.000000 -0.100000
vn 0.000000 0.000000 -0.100000
vn 0.000000 0.000000 -0.100000
vn 0.000000 0.000000 -0.100000
vn 0.000000 0.000000 -0.100000
vn 0.000000 0.000000 -0.100000
vn 0.000000 0.000000 -0.100000
vn 0.000000 0.000000 -0.100000
vn 0.000000 0.000000 -0.100000
vn 0.000000 0.000000 -0.100000
vn 0.000000 0.000000 -0.100000
vn 0.000000 0.000000 -0.100000
vn 0.000000 0.000000 -0.100000
vn 0.000000 0.000000 -0.100000
vn 0.000000 0.000000 -0.100000
vn 0.000000 0.000000 -0.100000
vn 0.000000 0.000000 -0.100000
vn 0.000000 0.000000 -0.100000
vn 0.000000 0.000000 -0.100000
vn 0.000000 0.000000 -0.100000
vn 0.000000 0.000000 -0.100000
vn 0.000000 0.000000 -0.100000
vn 0.000000 0.000000 -0.100000
vn 0.000000 0.000000 -0.100000
vn 0.000000 0.000000 -0.100000
vn 0.000000 0.000000 -0.100000
vn 0.000000 0.000000 -0.100000
vn 0.000000 0.000000 -0.100000
vn 0.000000 0.000000 -0.100000
vn 0.000000 0.000000 -0.100000
vn 0.000000 0.000000 -0.100000
vn 0.000000 0.000000 -0.100000
vn 0.000000 0.000000 -0.100000
vn 0.000000 0.000000 -0.100000
vn 0.000000 0.000000 -0.100000
vn 0.000000 0.000000 -0.100000
vn 0.000000 0.000000 -0.100000
vn 0.000000 0.000000 -0.100000
vn 0.000000 0.000000 -0.100000
vn 0.000000 0.000000 -0.100000
vn 0.000000 0.000000 -0.100000
vn 0.000000 0.000000 -0.100000
vn 0.000000 0.000000 -0.100000
vn 0.000000 0.000000 -0.100000
vn 0.000000 0.000000 -0.100000
vn 0.000000 0.000000 -0.100000
vn 0.000000 0.000000 -0.100000
vn 0.000000 0.000000 -0.100000
vn 0.000000 0.000000 -0.100000
vn 0.000000 0.000000 -0.100000
vn 0.000000 0.000000 -0.100000
vn 0.000000 0.000000 -0.100000
vn 0.000000 0.000000 -0.100000
vn 0.000000 0.000000 -0.100000
vn 0.000000 0.000000 -0.100000
vn 0.000000 0.000000 -0.100000
vn 0.000000 0.000000 -0.100000
vn 0.000000 0.000000 -0.100000
vn 0.000000 0.000000 -0.100000
vn 0.000000 0.000000 -0.100000
vn 0.000000 0.000000 -0.100000
vn 0.000000 0.000000 -0.100000
vn 0.000000 0.000000 -0.100000
vn 0.000000 0.000000 -0.100000
vn 0.000000 0.000000 -0.100000
vn 0.000000 0.000000 -0.100000
vn 0.000000 0.000000 -0.100000
vn 0.000000 0.000000 -0.100000
vn 0.000000 0.000000 -0.100000
vn 0.000000 0.000000 -0.100000
vn 0.000000 0.000000 -0.100000
vn 0.000000 0.000000 -0.100000
vn 0.000000 0.000000 -0.100000
vn 0.000000 0.000000 -0.100000
vn 0.000000 0.000000 -0.100000
vn 0.000000 0.000000 -0.100000
vn 0.000000 0.000000 -0.100000
vn 0.000000 0.000000 -0.100000
vn 0.000000 0.000000 -0.100000
vn 0.000000 0.000000 -0.100000
vn 0.000000 0.000000 -0.100000
vn 0.000000 0.000000 -0.100000
vn 0.000000 0.000000 -0.100000
vn 0.000000 0.000000 -0.100000
vn 0.000000 0.000000 -0.100000
vn 0.000000 0.000000 -0.100000
vn 0.000000 0.000000 -0.100000
vn 0.000000 0.000000 -0.100000
vn 0.000000 0.000000 -0.100000
vn 0.000000 0.000000 -0.100000
vn 0.000000 0.000000 -0.100000
vn 0.000000 0.000000 -0.100000
vn 0.000000 0.000000 -0.100000
vn 0.000000 0.000000 -0.100000
vn 0.000000 0.000000 -0.100000
vn 0.000000 0.000000 -0.100000
vn 0.000000 0.000000 -0.100000
vn 0.000000 0.000000 -0.100000
vn 0.000000 0.000000 -0.100000
vn 0.000000 0.000000 -0.100000
vn 0.000000 0.000000 -0.100000
vn 0.000000 0.000000 -0.100000
vn 0.000000 0.000000 -0.100000
vn 0.000000 0.000000 -0.100000
vn 0.000000 0.000000 -0.100000
vn 0.000000 0.000000 -0.100000
vn 0.000000 0.000000 -0.100000
vn 0.000000 0.000000 -0.100000
vn 0.000000 0.000000 -0.100000
vn 0.000000 0.000000 -0.100000
vn 0.000000 0.000000 -0.100000
vn 0.000000 0.000000 -0.100000
vn 0.000000 0.000000 -0.100000
vn 0.000000 0.000000 -0.100000
vn 0.000000 0.000000 -0.100000
vn 0.000000 0.000000 -0.100000
vn 0.000000 0.000000 -0.100000
vn 0.000000 0.000000 -0.100000
vn 0.000000 0.000000 -0.100000
vn 0.000000 0.000000 -0.100000
vn 0.000000 0.000000 -0.100000
vn 0.000000 0.000000 -0.100000
vn 0.000000 0.000000 -0.100000
vn 0.000000 0.000000 -0.100000
vn 0.000000 0.000000 -0.100000
vn 0.000000 0.000000 -0.100000
vn 0.000000 0.000000 -0.100000
vn 0.000000 0.000000 -0.100000
vn 0.000000 0.000000 -0.100000
vn 0.000000 0.000000 -0.100000
vn 0.000000 0.000000 -0.100000
vn 0.000000 0.000000 -0.100000
vn 0.000000 0.000000 -0.100000
vn 0.000000 0.000000 -0.100000
vn 0.000000 0.000000 -0.100000
vn 0.000000 0.000000 -0.100000
vn 0.000000 0.000000 -0.100000
vn 0.000000 0.000000 -0.100000
vn 0.000000 0.000000 -0.100000
vn 0.000000 0.000000 -0.100000
vn 0.000000 0.000000 -0.100000
vn 0.000000 0.000000 -0.100000
vn 0.000000 0.000000 -0.100000
vn 0.000000 0.000000 -0.100000
vn 0.000000 0.000000 -0.100000
vn 0.000000 0.000000 -0.100000
vn 0.000000 0.000000 -0.100000
vn 0.000000 0.000000 -0.100000
vn 0.000000 0.000000 -0.100000
vn 0.000000 0.000000 -0.100000
vn 0.000000 0.000000 -0.100000
vn 0.000000 0.000000 -0.100000
vn 0.000000 0.000000 -0.100000
vn 0.000000 0.000000 -0.100000
vn 0.000000 0.000000 -0.100000
vn 0.000000 0.000000 -0.100000
vn 0.000000 0.000000 -0.100000
vn 0.000000 0.000000 -0.100000
vn 0.000000 0.000000 -0.100000
vn 0.000000 0.000000 -0.100000
vn 0.000000 0.000000 -0.100000
vn 0.000000 0.000000 -0.100000
vn 0.000000 0.000000 -0.100000
vn 0.000000 0.000000 -0.100000
vn 0.000000 0.000000 -0.100000
vn 0.000000 0.000000 -0.100000
vn 0.000000 0.000000 -0.100000
vn 0.000000 0.000000 -0.100000
vn 0.000000 0.000000 -0.100000
vn 0.000000 0.000000 -0.100000
vn 0.000000 0.000000 -0.100000
vn 0.000000 0.000000 -0.100000
vn 0.000000 0.000000 -0.100000
vn 0.000000 0.000000 -0.100000
vn 0.000000 0.000000 -0.100000
vn 0.000000 0.000000 -0.100000
vn 0.000000 0.000000 -0.100000
vn 0.000000 0.000000 -0.100000
vn 0.000000 0.000000 -0.100000
vn 0.000000 0.000000 -0.100000
vn 0.000000 0.000000 -0.100000
vn 0.000000 0.000000 -0.100000
vn 0.000000 0.000000 -0.100000
vn 0.000000 0.000000 -0.100000
vn 0.000000 0.000000 -0.100000
vn 0.000000 0.000000 -0.100000
vn 0.000000 0.000000 -0.100000
vn 0.000000 0.000000 -0.100000
vn 0.000000 0.000000 -0.100000
vn 0.000000 0.000000 -0.100000
vn 0.000000 0.000000 -0.100000
vn 0.000000 0.000000 -0.100000
vn 0.000000 0.000000 -0.100000
vn 0.000000 0.000000 -0.100000
vn 0.000000 0.000000 -0.100000
vn 0.000000 0.000000 -0.100000
vn 0.000000 0.000000 -0.100000
vn 0.000000 0.000000 -0.100000
vn 0.000000 0.000000 -0.100000
vn 0.000000 0.000000 -0.100000
vn 0.000000 0.000000 -0.100000
vn 0.000000 0.000000 -0.100000
vn 0.000000 0.000000 -0.100000
vn 0.000000 0.000000 -0.100000
vn 0.000000 0.000000 -0.100000
vn 0.000000 0.000000 -0.100000
vn 0.000000 0.000000 -0.100000
vn 0.000000 0.000000 -0.100000
vn 0.000000 0.000000 -0.100000
vn 0.000000 0.000000 -0.100000
vn 0.000000 0.000000 -0.100000
vn 0.000000 0.000000 -0.100000
vn 0.000000 0.000000 -0.100000
vn 0.000000 0.000000 -0.100000
vn 0.000000 0.000000 -0.100000
vn 0.000000 0.000000 -0.100000
vn 0.000000 0.000000 -0.100000
vn 0.000000 0.000000 -0.100000
vn 0.000000 0.000000 -0.100000
vn 0.000000 0.000000 -0.100000
vn 0.000000 0.000000 -0.100000
vn 0.000000 0.000000 -0.100000
vn 0.000000 0.000000 -0.100000
vn 0.000000 0.000000 -0.100000
vn 0.000000 0.000000 -0.100000
vn 0.000000 0.000000 -0.100000
vn 0.000000 0.000000 -0.100000
vn 0.000000 0.000000 -0.100000
vn 0.000000 0.000000 -0.100000
vn 0.000000 0.000000 -0.100000
vn 0.000000 0.000000 -0.100000
vn 0.000000 0.000000 -0.100000
vn 0.000000 0.000000 -0.100000
vn 0.000000 0.000000 -0.100000
vn 0.000000 0.000000 -0.100000
vn 0.000000 0.000000 -0.100000
vn 0.000000 0.000000 -0.100000
vn 0.000000 0.000000 -0.100000
vn 0.000000 0.000000 -0.100000
vn 0.000000 0.000000 -0.100000
vn 0.000000 0.000000 -0.100000
vn 0.000000 0.000000 -0.100000
vn 0.000000 0.000000 -0.100000
vn 0.000000 0.000000 -0.100000
vn 0.000000 0.000000 -0.100000
vn 0.000000 0.000000 -0.100000
vn 0.000000 0.000000 -0.100000
vn 0.000000 0.000000 -0.100000
vn 0.000000 0.000000 -0.100000
vn 0.000000 0.000000 -0.100000
vn 0.000000 0.000000 -0.100000
vn 0.000000 0.000000 -0.100000
vn 0.000000 0.000000 -0.100000
vn 0.000000 0.000000 -0.100000
vn 0.000000 0.000000 -0.100000
vn 0.000000 0.000000 -0.100000
vn 0.000000 0.000000 -0.100000
vn 0.000000 0.000000 -0.100000
vn 0.000000 0.000000 -0.100000
vn 0.000000 0.000000 -0.100000
vn 0.000000 0.000000 -0.100000
vn 0.000000 0.000000 -0.100000
vn 0.000000 0.000000 -0.100000
vn 0.000000 0.000000 -0.100000
vn 0.000000 0.000000 -0.100000
vn 0.000000 0.000000 -0.100000
vn 0.000000 0.000000 -0.100000
vn 0.000000 0.000000 -0.100000
vn 0.000000 0.000000 -0.100000
vn 0.000000 0.000000 -0.100000
vn 0.000000 0.000000 -0.100000
vn 0.000000 0.000000 -0.100000
vn 0.000000 0.000000 -0.100000
vn 0.000000 0.000000 -0.100000
vn 0.000000 0.000000 -0.100000
vn 0.000000 0.000000 -0.100000
vn 0.000000 0.000000 -0.100000
vn 0.000000 0.000000 -0.100000
vn 0.000000 0.000000 -0.100000
vn 0.000000 0.000000 -0.100000
vn 0.000000 0.000000 -0.100000
vn 0.000000 0.000000 -0.100000
vn 0.000000 0.000000 -0.100000
vn 0.000000 0.000000 -0.100000
vn 0.000000 0.000000 -0.100000
vn 0.000000 0.000000 -0.100000
vn 0.000000 0.000000 -0.100000
vn 0.000000 0.000000 -0.100000
vn 0.000000 0.000000 -0.100000
vn 0.000000 0.000000 -0.100000
vn 0.000000 0.000000 -0.100000
vn 0.000000 0.000000 -0.100000
vn 0.000000 0.000000 -0.100000
vn 0.000000 0.000000 -0.100000
vn 0.000000 0.000000 -0.100000
vn 0.000000 0.000000 -0.100000
vn 0.000000 0.000000 -0.100000
vn 0.000000 0.000000 -0.100000
vn 0.000000 0.000000 -0.100000
vn 0.000000 0.000000 -0.100000
vn 0.000000 0.000000 -0.100000
vn 0.000000 0.000000 -0.100000
vn 0.000000 0.000000 -0.100000
vn 0.000000 0.000000 -0.100000
vn 0.000000 0.000000 -0.100000
vn 0.000000 0.000000 -0.100000
vn 0.000000 0.000000 -0.100000
vn 0.000000 0.000000 -0.100000
vn 0.000000 0.000000 -0.100000
vn 0.000000 0.000000 -0.100000
vn 0.000000 0.000000 -0.100000
vn 0.000000 0.000000 -0.100000
vn 0.000000 0.000000 -0.100000
vn 0.000000 0.000000 -0.100000
vn 0.000000 0.000000 -0.100000
vn 0.000000 0.000000 -0.100000
vn 0.000000 0.000000 -0.100000
vn 0.000000 0.000000 -0.100000
vn 0.000000 0.000000 -0.100000
vn 0.000000 0.000000 -0.100000
vn 0.000000 0.000000 -0.100000
vn 0.000000 0.000000 -0.100000
vn 0.000000 0.000000 -0.100000
vn 0.000000 0.000000 -0.100000
vn 0.000000 0.000000 -0.100000
vn 0.000000 0.000000 -0.100000
vn 0.000000 0.000000 -0.100000
vn 0.000000 0.000000 -0.100000
vn 0.000000 0.000000 -0.100000
vn 0.000000 0.000000 -0.100000
vn 0.000000 0.000000 -0.100000
vn 0.000000 0.000000 -0.100000
vn 0.000000 0.000000 -0.100000
vn 0.000000 0.000000 -0.100000
vn 0.000000 0.000000 -0.100000
vn 0.000000 0.000000 -0.100000
vn 0.000000 0.000000 -0.100000
vn 0.000000 0.000000 -0.100000
vn -0.038268 0.000000 -0.092388
vn -0.070711 0.000000 -0.070711
vn -0.092388 0.000000 -0.038268
vn -0.100000 0.000000 0.000000
vn -0.100000 0.000000 0.000000
vn -0.092388 0.000000 -0.038268
vn -0.070711 0.000000 -0.070711
vn -0.038268 0.000000 -0.092388
vn -0.100000 0.000000 0.000000
vn -0.098079 0.019509 0.000000
vn -0.092388 0.038268 0.000000
vn -0.083147 0.055557 0.000000
vn -0.070711 0.070711 0.000000
vn -0.055557 0.083147 0.000000
vn -0.038268 0.092388 0.000000
vn -0.019509 0.098079 0.000000
vn 0.000000 0.100000 0.000000
vn 0.000000 0.092388 -0.038268
vn 0.000000 0.070711 -0.070711
vn 0.000000 0.038268 -0.092388
vn 0.000000 0.000000 -0.100000
vn 0.000000 0.000000 -0.100000
vn 0.000000 0.000000 -0.100000
vn 0.000000 0.000000 -0.100000
vn 0.000000 0.000000 -0.100000
vn 0.000000 0.000000 -0.100000
vn 0.000000 0.000000 -0.100000
vn 0.000000 0.000000 -0.100000
vn -0.038268 0.000000 -0.092388
vn -0.070711 0.000000 -0.070711
vn -0.092388 0.000000 -0.038268
vn -0.090613 0.018024 -0.038268
vn -0.069352 0.013795 -0.070711
vn -0.037533 0.007466 -0.092388
vn -0.085355 0.035355 -0.038268
vn -0.065328 0.027060 -0.070711
vn -0.035355 0.014645 -0.092388
vn -0.076818 0.051328 -0.038268
vn -0.058794 0.039285 -0.070711
vn -0.031819 0.021261 -0.092388
vn -0.065328 0.065328 -0.038268
vn -0.050000 0.050000 -0.070711
vn -0.027060 0.027060 -0.092388
vn -0.051328 0.076818 -0.038268
vn -0.039285 0.058794 -0.070711
vn -0.021261 0.031819 -0.092388
vn -0.035355 0.085355 -0.038268
vn -0.027060 0.065328 -0.070711
vn -0.014645 0.035355 -0.092388
vn -0.018024 0.090613 -0.038268
vn -0.013795 0.069352 -0.070711
vn -0.007466 0.037533 -0.092388
vn -0.100000 0.000000 0.000000
vn -0.098079 0.019509 0.000000
vn -0.092388 0.038268 0.000000
vn -0.083147 0.055557 0.000000
vn -0.070711 0.070711 0.000000
vn -0.055557 0.083147 0.000000
vn -0.038268 0.092388 0.000000
vn -0.019509 0.098079 0.000000
vn 0.000000 0.100000 0.000000
vn 0.000000 0.100000 0.000000
vn -0.019509 0.098079 0.000000
vn -0.038268 0.092388 0.000000
vn -0.055557 0.083147 0.000000
vn -0.070711 0.070711 0.000000
vn -0.083147 0.055557 0.000000
vn -0.092388 0.038268 0.000000
vn -0.098079 0.019509 0.000000
vn -0.100000 0.000000 0.000000
vn 0.000000 0.000000 0.100000
vn 0.000000 0.000000 0.100000
vn 0.000000 0.000000 0.100000
vn 0.000000 0.000000 0.100000
vn 0.000000 0.000000 0.100000
vn 0.000000 0.000000 0.100000
vn 0.000000 0.000000 0.100000
vn 0.000000 0.000000 0.100000
vn 0.000000 0.000000 0.100000
vn 0.000000 0.000000 0.100000
vn 0.000000 0.000000 0.100000
vn 0.000000 0.000000 0.100000
vn 0.000000 0.000000 0.100000
vn 0.000000 0.000000 0.100000
vn 0.000000 0.000000 0.100000
vn 0.000000 0.000000 0.100000
vn 0.000000 0.000000 0.100000
vn 0.000000 0.000000 0.100000
vn 0.000000 0.000000 0.100000
vn 0.000000 0.000000 0.100000
vn 0.000000 0.000000 0.100000
vn 0.000000 0.000000 0.100000
vn 0.000000 0.000000 0.100000
vn 0.000000 0.000000 0.100000
vn 0.000000 0.000000 0.100000
vn 0.000000 0.000000 0.100000
vn 0.000000 0.000000 0.100000
vn 0.000000 0.000000 0.100000
vn 0.000000 0.000000 0.100000
vn 0.000000 0.000000 0.100000
vn 0.000000 0.000000 0.100000
vn 0.000000 0.000000 0.100000
vn 0.000000 0.000000 0.100000
vn 0.000000 0.000000 0.100000
vn 0.000000 0.000000 0.100000
vn 0.000000 0.000000 0.100000
vn 0.000000 0.000000 0.100000
vn 0.000000 0.000000 0.100000
vn 0.000000 0.000000 0.100000
vn 0.000000 0.000000 0.100000
vn -0.100000 0.000000 0.000000
vn -0.100000 0.000000 0.000000
vn -0.100000 0.000000 0.000000
vn -0.100000 0.000000 0.000000
vn 0.000000 0.100000 0.000000
vn 0.000000 0.100000 0.000000
vn 0.000000 0.100000 0.000000
vn 0.000000 0.100000 0.000000
vn 0.000000 0.100000 0.000000
vn 0.000000 0.100000 0.000000
vn 0.000000 0.100000 0.000000
vn 0.000000 0.100000 0.000000
vn 0.000000 0.100000 0.000000
vn 0.000000 0.100000 0.000000
vn 0.000000 0.100000 0.000000
vn 0.000000 0.100000 0.000000
vn 0.000000 0.100000 0.000000
vn -0.100000 0.000000 0.000000
vn -0.100000 0.000000 0.000000
vn -0.100000 0.000000 0.000000
vn -0.100000 0.000000 0.000000
vn -0.100000 0.000000 0.000000
vn -0.100000 0.000000 0.000000
vn -0.100000 0.000000 0.000000
vn -0.100000 0.000000 0.000000
vn -0.100000 0.000000 0.000000
vn -0.100000 0.000000 0.000000
vn -0.100000 0.000000 0.000000
vn -0.100000 0.000000 0.000000
vn -0.100000 0.000000 0.000000
vn -0.100000 0.000000 0.000000
vn -0.100000 0.000000 0.000000
vn -0.100000 0.000000 0.000000
vn -0.100000 0.000000 0.000000
vn -0.100000 0.000000 0.000000
vn -0.100000 0.000000 0.000000
vn -0.100000 0.000000 0.000000
vn -0.100000 0.000000 0.000000
vn -0.100000 0.000000 0.000000
vn -0.100000 0.000000 0.000000
vn -0.100000 0.000000 0.000000
vn 0.000000 0.000000 0.100000
vn 0.000000 0.000000 0.100000
vn 0.000000 0.000000 0.100000
vn 0.000000 0.000000 0.100000
vn 0.000000 0.000000 0.100000
vn 0.000000 0.000000 0.100000
vn 0.000000 0.000000 0.100000
vn 0.000000 0.000000 0.100000
vn 0.000000 0.000000 0.100000
vn 0.000000 0.000000 0.100000
vn 0.000000 0.100000 0.000000
vn 0.000000 0.100000 0.000000
vn 0.000000 0.100000 0.000000
vn 0.000000 0.100000 0.000000
vn -0.046397 0.088585 0.000000
vn -0.046397 0.088585 0.000000
vn -0.046397 0.088585 0.000000
vn -0.046397 0.088585 0.000000
vn -0.046397 0.088585 0.000000
vn 0.000000 0.000000 0.100000
vn 0.000000 0.000000 0.100000
vn 0.000000 0.000000 0.100000
vn 0.000000 0.000000 0.100000
vn 0.000000 0.000000 0.100000
vn 0.000000 0.000000 0.100000
vn 0.000000 0.000000 0.100000
vn 0.000000 0.000000 0.100000
vn 0.000000 0.000000 0.100000
vn 0.000000 0.000000 0.100000
vn 0.000000 0.000000 0.100000
vn 0.000000 0.000000 0.100000
vn 0.000000 0.000000 0.100000
vn 0.000000 0.000000 0.100000
vn 0.000000 -0.100000 0.000000
vn 0.000000 -0.100000 0.000000
vn 0.000000 -0.100000 0.000000
vn 0.000000 -0.100000 0.000000
vn -0.046397 -0.088585 0.000000
vn -0.046397 -0.088585 0.000000
vn -0.046397 -0.088585 0.000000
vn -0.046397 -0.088585 0.000000
vn -0.046397 -0.088585 0.000000
vn 0.000000 0.000000 0.100000
vn 0.000000 0.000000 0.100000
vn 0.000000 0.000000 0.100000
vn 0.000000 0.000000 0.100000
vn 0.000000 0.000000 0.100000
vn 0.000000 0.000000 0.100000
vn 0.000000 0.000000 0.100000
vn 0.000000 0.000000 0.100000
vn 0.000000 0.000000 0.100000
vn 0.000000 0.000000 0.100000
vn 0.000000 0.100000 0.000000
vn 0.000000 0.100000 0.000000
vn 0.000000 0.100000 0.000000
vn 0.000000 0.100000 0.000000
vn -0.046397 0.088585 0.000000
vn -0.046397 0.088585 0.000000
vn -0.046397 0.088585 0.000000
vn -0.046397 0.088585 0.000000
vn -0.046397 0.088585 0.000000
vn 0.000000 0.000000 0.100000
vn 0.000000 0.000000 0.100000
vn 0.000000 0.000000 0.100000
vn 0.000000 0.000000 0.100000
vn 0.000000 0.000000 0.100000
vn 0.000000 0.000000 0.100000
vn 0.000000 0.000000 0.100000
vn 0.000000 0.000000 0.100000
vn 0.000000 0.000000 0.100000
vn 0.000000 0.000000 0.100000
vn 0.000000 0.000000 0.100000
vn 0.000000 0.000000 0.100000
vn 0.000000 0.000000 0.100000
vn 0.000000 0.000000 0.100000
vn 0.000000 -0.100000 0.000000
vn 0.000000 -0.100000 0.000000
vn 0.000000 -0.100000 0.000000
vn 0.000000 -0.100000 0.000000
vn -0.046397 -0.088585 0.000000
vn -0.046397 -0.088585 0.000000
vn -0.046397 -0.088585 0.000000
vn -0.046397 -0.088585 0.000000
vn -0.046397 -0.088585 0.000000
vn 0.000000 0.000000 0.100000
vn 0.000000 0.000000 0.100000
vn 0.000000 0.000000 0.100000
vn 0.000000 0.000000 0.100000
vn 0.000000 0.000000 0.100000
vn 0.000000 0.000000 0.100000
vn 0.000000 0.000000 0.100000
vn 0.000000 0.000000 0.100000
vn 0.000000 0.000000 0.100000
vn 0.000000 0.000000 0.100000
vn 0.000000 0.100000 0.000000
vn 0.000000 0.100000 0.000000
vn 0.000000 0.100000 0.000000
vn 0.000000 0.100000 0.000000
vn -0.046397 0.088585 0.000000
vn -0.046397 0.088585 0.000000
vn -0.046397 0.088585 0.000000
vn -0.046397 0.088585 0.000000
vn -0.046397 0.088585 0.000000
vn 0.000000 0.000000 0.100000
vn 0.000000 0.000000 0.100000
vn 0.000000 0.000000 0.100000
vn 0.000000 0.000000 0.100000
vn 0.000000 0.000000 0.100000
vn 0.000000 0.000000 0.100000
vn 0.000000 0.000000 0.100000
vn 0.000000 0.000000 0.100000
vn 0.000000 0.000000 0.100000
vn 0.000000 0.000000 0.100000
vn 0.000000 0.000000 0.100000
vn 0.000000 0.000000 0.100000
vn 0.000000 0.000000 0.100000
vn 0.000000 0.000000 0.100000
vn 0.000000 -0.100000 0.000000
vn 0.000000 -0.100000 0.000000
vn 0.000000 -0.100000 0.000000
vn 0.000000 -0.100000 0.000000
vn -0.046397 -0.088585 0.000000
vn -0.046397 -0.088585 0.000000
vn -0.046397 -0.088585 0.000000
vn -0.046397 -0.088585 0.000000
vn -0.046397 -0.088585 0.000000
vn 0.000000 0.000000 0.100000
vn 0.000000 0.000000 0.100000
vn 0.000000 0.000000 0.100000
vn 0.000000 0.000000 0.100000
vn 0.000000 0.000000 0.100000
vn 0.000000 0.000000 0.100000
vn 0.000000 0.000000 0.100000
vn 0.000000 0.000000 0.100000
vn 0.000000 0.000000 0.100000
vn 0.000000 0.000000 0.100000
vn 0.000000 0.100000 0.000000
vn 0.000000 0.100000 0.000000
vn 0.000000 0.100000 0.000000
vn 0.000000 0.100000 0.000000
vn -0.046397 0.088585 0.000000
vn -0.046397 0.088585 0.000000
vn -0.046397 0.088585 0.000000
vn -0.046397 0.088585 0.000000
vn -0.046397 0.088585 0.000000
vn 0.000000 0.000000 0.100000
vn 0.000000 0.000000 0.100000
vn 0.000000 0.000000 0.100000
vn 0.000000 0.000000 0.100000
vn 0.000000 0.000000 0.100000
vn 0.000000 0.000000 0.100000
vn 0.000000 0.000000 0.100000
vn 0.000000 0.000000 0.100000
vn 0.000000 0.000000 0.100000
vn 0.000000 0.000000 0.100000
vn 0.000000 0.000000 0.100000
vn 0.000000 0.000000 0.100000
vn 0.000000 0.000000 0.100000
vn 0.000000 0.000000 0.100000
vn -0.100000 0.000000 0.000000
vn -0.100000 0.000000 0.000000
vn -0.100000 0.000000 0.000000
vn -0.100000 0.000000 0.000000
vn -0.100000 0.000000 0.000000
vn -0.100000 0.000000 0.000000
vn -0.100000 0.000000 0.000000
vn -0.100000 0.000000 0.000000
vn 0.000000 -0.100000 0.000000
vn 0.000000 -0.100000 0.000000
vn 0.000000 -0.100000 0.000000
vn 0.000000 -0.100000 0.000000
vn 0.000000 -0.100000 0.000000
vn 0.000000 -0.100000 0.000000
vn -0.070711 0.000000 -0.070711
vn -0.070711 0.000000 -0.070711
vn -0.070711 0.000000 -0.070711
vn -0.070711 0.000000 -0.070711
vn 0.000000 0.100000 0.000000
vn 0.000000 0.100000 0.000000
vn 0.000000 0.100000 0.000000
vn 0.000000 0.100000 0.000000
vn 0.000000 0.100000 0.000000
vn 0.000000 0.100000 0.000000
vn -0.070711 0.000000 -0.070711
vn -0.070711 0.000000 -0.070711
vn -0.070711 0.000000 -0.070711
vn -0.070711 0.000000 -0.070711
vn -0.100000 0.000000 0.000000
vn -0.100000 0.000000 0.000000
vn -0.100000 0.000000 0.000000
vn -0.100000 0.000000 0.000000
vn 0.000000 0.000000 0.100000
vn 0.000000 0.000000 0.100000
vn 0.000000 0.000000 0.100000
vn 0.000000 0.000000 0.100000
vn 0.000000 0.000000 0.100000
vn 0.000000 0.000000 0.100000
vn 0.000000 0.000000 0.100000
vn 0.000000 -0.100000 0.000000
vn 0.000000 -0.100000 0.000000
vn 0.000000 -0.100000 0.000000
vn 0.000000 -0.100000 0.000000
vn -0.046397 -0.088585 0.000000
vn -0.046397 -0.088585 0.000000
vn -0.046397 -0.088585 0.000000
vn -0.046397 -0.088585 0.000000
vn -0.046397 -0.088585 0.000000
vn 0.000000 0.000000 -0.100000
vn 0.000000 0.000000 -0.100000
vn 0.000000 0.000000 -0.100000
vn 0.000000 0.000000 -0.100000
vn 0.000000 0.000000 -0.100000
vn 0.000000 0.000000 -0.100000
vn 0.000000 0.000000 -0.100000
vn 0.000000 0.000000 -0.100000
vn 0.000000 -0.100000 0.000000
vn -0.046472 -0.088546 0.000000
vn -0.082298 -0.056806 0.000000
vn -0.099271 -0.012054 0.000000
vn -0.093502 0.035460 0.000000
vn -0.066312 0.074851 0.000000
vn -0.023932 0.097094 0.000000
vn 0.023932 0.097094 0.000000
vn 0.066312 0.074851 0.000000
vn 0.093502 0.035460 0.000000
vn 0.099271 -0.012054 0.000000
vn 0.082298 -0.056806 0.000000
vn 0.046472 -0.088546 0.000000
vn -0.046397 -0.088585 0.000000
vn -0.002619 -0.099966 0.000000
vn 0.041695 -0.090893 0.000000
vn 0.077478 -0.063223 0.000000
vn 0.097409 -0.022617 0.000000
vn 0.097409 0.022617 0.000000
vn 0.077478 0.063223 0.000000
vn 0.041695 0.090893 0.000000
vn -0.002619 0.099966 0.000000
vn -0.046397 0.088585 0.000000
vn -0.046397 0.088585 0.000000
vn -0.079427 0.060757 0.000000
vn -0.097640 0.021595 0.000000
vn -0.097640 -0.021595 0.000000
vn -0.079427 -0.060757 0.000000
vn -0.046397 -0.088585 0.000000
vn -0.002619 -0.099966 0.000000
vn 0.000000 -0.100000 0.000000
vn 0.000000 -0.100000 0.000000
vn -0.002619 -0.099966 0.000000
vn 0.000000 -0.070711 -0.070711
vn -0.030680 -0.063708 -0.070711
vn -0.055284 -0.044087 -0.070711
vn -0.068938 -0.015735 -0.070711
vn -0.068938 0.015735 -0.070711
vn -0.055284 0.044087 -0.070711
vn -0.030680 0.063708 -0.070711
vn 0.000000 0.070711 -0.070711
vn 0.030680 0.063708 -0.070711
vn 0.055284 0.044087 -0.070711
vn 0.068938 0.015735 -0.070711
vn 0.068938 -0.015735 -0.070711
vn 0.055284 -0.044087 -0.070711
vn 0.030680 -0.063708 -0.070711
vn 0.000000 -0.070711 -0.070711
vn 0.032861 -0.062611 -0.070711
vn 0.058194 -0.040168 -0.070711
vn 0.070195 -0.008523 -0.070711
vn 0.066116 0.025074 -0.070711
vn 0.046890 0.052928 -0.070711
vn 0.016922 0.068656 -0.070711
vn -0.016922 0.068656 -0.070711
vn -0.046890 0.052928 -0.070711
vn -0.066116 0.025074 -0.070711
vn -0.070195 -0.008523 -0.070711
vn -0.058194 -0.040168 -0.070711
vn -0.032861 -0.062611 -0.070711
vn 0.000000 -0.070711 -0.070711
vn 0.000000 -0.070711 -0.070711
vn 0.000000 -0.070711 -0.070711
vn -0.100000 0.000000 0.000000
vn -0.100000 0.000000 0.000000
vn -0.100000 0.000000 0.000000
vn -0.100000 0.000000 0.000000
vn -0.070711 0.000000 -0.070711
vn -0.070711 0.000000 -0.070711
vn -0.070711 0.000000 -0.070711
vn -0.070711 0.000000 -0.070711
vn 0.000000 0.100000 0.000000
vn 0.000000 0.100000 0.000000
vn 0.000000 0.100000 0.000000
vn 0.000000 0.100000 0.000000
vn 0.000000 0.100000 0.000000
vn 0.000000 0.100000 0.000000
vn -0.100000 0.000000 0.000000
vn -0.100000 0.000000 0.000000
vn -0.100000 0.000000 0.000000
vn -0.100000 0.000000 0.000000
vn -0.100000 0.000000 0.000000
vn -0.100000 0.000000 0.000000
vn -0.100000 0.000000 0.000000
vn -0.100000 0.000000 0.000000
vn 0.000000 -0.100000 0.000000
vn 0.000000 -0.100000 0.000000
vn 0.000000 -0.100000 0.000000
vn 0.000000 -0.100000 0.000000
vn 0.000000 -0.100000 0.000000
vn 0.000000 -0.100000 0.000000
vn -0.070711 0.000000 -0.070711
vn -0.070711 0.000000 -0.070711
vn -0.070711 0.000000 -0.070711
vn -0.070711 0.000000 -0.070711
vn -0.100000 0.000000 0.000000
vn -0.100000 0.000000 0.000000
vn -0.100000 0.000000 0.000000
vn -0.100000 0.000000 0.000000
vn -0.070711 0.000000 -0.070711
vn -0.070711 0.000000 -0.070711
vn -0.070711 0.000000 -0.070711
vn -0.070711 0.000000 -0.070711
vn 0.000000 0.100000 0.000000
vn 0.000000 0.100000 0.000000
vn 0.000000 0.100000 0.000000
vn 0.000000 0.100000 0.000000
vn 0.000000 0.100000 0.000000
vn 0.000000 0.100000 0.000000
vn -0.100000 0.000000 0.000000
vn -0.100000 0.000000 0.000000
vn -0.100000 0.000000 0.000000
vn -0.100000 0.000000 0.000000
vn -0.100000 0.000000 0.000000
vn -0.100000 0.000000 0.000000
vn -0.100000 0.000000 0.000000
vn -0.100000 0.000000 0.000000
vn 0.000000 -0.100000 0.000000
vn 0.000000 -0.100000 0.000000
vn 0.000000 -0.100000 0.000000
vn 0.000000 -0.100000 0.000000
vn 0.000000 -0.100000 0.000000
vn 0.000000 -0.100000 0.000000
vn -0.070711 0.000000 -0.070711
vn -0.070711 0.000000 -0.070711
vn -0.070711 0.000000 -0.070711
vn -0.070711 0.000000 -0.070711
vn -0.100000 0.000000 0.000000
vn -0.100000 0.000000 0.000000
vn -0.100000 0.000000 0.000000
vn -0.100000 0.000000 0.000000
vn -0.070711 0.000000 -0.070711
vn -0.070711 0.000000 -0.070711
vn -0.070711 0.000000 -0.070711
vn -0.070711 0.000000 -0.070711
vn 0.000000 0.100000 0.000000
vn 0.000000 0.100000 0.000000
vn 0.000000 0.100000 0.000000
vn 0.000000 0.100000 0.000000
vn 0.000000 0.100000 0.000000
vn 0.000000 0.100000 0.000000
vn -0.100000 0.000000 0.000000
vn -0.100000 0.000000 0.000000
vn -0.100000 0.000000 0.000000
vn -0.100000 0.000000 0.000000
vn -0.100000 0.000000 0.000000
vn -0.100000 0.000000 0.000000
vn -0.100000 0.000000 0.000000
vn -0.100000 0.000000 0.000000
vn 0.000000 -0.100000 0.000000
vn 0.000000 -0.100000 0.000000
vn 0.000000 -0.100000 0.000000
vn 0.000000 -0.100000 0.000000
vn 0.000000 -0.100000 0.000000
vn 0.000000 -0.100000 0.000000
vn -0.070711 0.000000 -0.070711
vn -0.070711 0.000000 -0.070711
vn -0.070711 0.000000 -0.070711
vn -0.070711 0.000000 -0.070711
vn -0.100000 0.000000 0.000000
vn -0.100000 0.000000 0.000000
vn -0.100000 0.000000 0.000000
vn -0.100000 0.000000 0.000000
vn -0.070711 0.000000 -0.070711
vn -0.070711 0.000000 -0.070711
vn -0.070711 0.000000 -0.070711
vn -0.070711 0.000000 -0.070711
vn -0.070711 0.000000 -0.070711
vn 0.000000 -0.100000 0.000000
vn 0.000000 -0.100000 0.000000
vn 0.000000 -0.100000 0.000000
vn 0.000000 -0.100000 0.000000
vn -0.100000 0.000000 0.000000
vn -0.100000 0.000000 0.000000
vn -0.097056 -0.024085 0.000000
vn -0.088398 -0.046752 0.000000
vn -0.074536 -0.066667 0.000000
vn -0.074536 -0.066667 0.000000
vn -0.073333 -0.067987 0.000000
vn -0.071596 -0.069814 0.000000
vn -0.069814 -0.071596 0.000000
vn -0.067987 -0.073333 0.000000
vn -0.066667 -0.074536 0.000000
vn -0.066667 -0.074536 0.000000
vn -0.046752 -0.088398 0.000000
vn -0.024085 -0.097056 0.000000
vn 0.000000 -0.100000 0.000000
vn 0.000000 -0.100000 0.000000
vn -0.024085 -0.097056 0.000000
vn -0.046752 -0.088398 0.000000
vn -0.066667 -0.074536 0.000000
vn -0.066667 -0.074536 0.000000
vn -0.067987 -0.073333 0.000000
vn -0.069814 -0.071596 0.000000
vn -0.071596 -0.069814 0.000000
vn -0.073333 -0.067987 0.000000
vn -0.074536 -0.066667 0.000000
vn -0.074536 -0.066667 0.000000
vn -0.088398 -0.046752 0.000000
vn -0.097056 -0.024085 0.000000
vn 0.000000 0.000000 -0.100000
vn 0.000000 0.000000 -0.100000
vn 0.000000 0.000000 -0.100000
vn 0.000000 0.000000 -0.100000
vn 0.000000 0.000000 -0.100000
vn 0.000000 0.000000 -0.100000
vn 0.000000 0.000000 -0.100000
vn 0.000000 0.000000 -0.100000
vn 0.000000 0.000000 -0.100000
vn 0.000000 0.000000 -0.100000
vn 0.000000 0.100000 0.000000
vn 0.000000 0.100000 0.000000
vn 0.000000 0.100000 0.000000
vn 0.000000 0.100000 0.000000
vn -0.046397 0.088585 0.000000
vn -0.046397 0.088585 0.000000
vn -0.046397 0.088585 0.000000
vn -0.046397 0.088585 0.000000
vn -0.046397 0.088585 0.000000
vn 0.000000 0.000000 0.100000
vn 0.000000 0.000000 0.100000
vn 0.000000 0.000000 0.100000
vn 0.000000 0.000000 0.100000
vn 0.000000 0.000000 0.100000
vn 0.000000 0.000000 0.100000
vn 0.000000 0.000000 0.100000
vn 0.000000 0.000000 0.100000
vn -0.046397 -0.088585 0.000000
vn -0.046397 -0.088585 0.000000
vn -0.046397 -0.088585 0.000000
vn -0.046397 -0.088585 0.000000
vn -0.046397 -0.088585 0.000000
vn 0.000000 -0.100000 0.000000
vn 0.000000 -0.100000 0.000000
vn 0.000000 -0.100000 0.000000
vn 0.000000 -0.100000 0.000000
vn 0.000000 0.000000 -0.100000
vn 0.000000 0.000000 -0.100000
vn 0.000000 0.000000 -0.100000
vn 0.000000 0.000000 -0.100000
vn 0.000000 0.000000 -0.100000
vn 0.000000 0.000000 -0.100000
vn 0.000000 0.000000 -0.100000
vn 0.000000 0.000000 -0.100000
vn 0.000000 0.000000 -0.100000
vn 0.000000 0.000000 -0.100000
vn 0.000000 0.100000 0.000000
vn 0.000000 0.100000 0.000000
vn 0.000000 0.100000 0.000000
vn 0.000000 0.100000 0.000000
vn -0.046397 0.088585 0.000000
vn -0.046397 0.088585 0.000000
vn -0.046397 0.088585 0.000000
vn -0.046397 0.088585 0.000000
vn -0.046397 0.088585 0.000000
vn 0.000000 0.000000 0.100000
vn 0.000000 0.000000 0.100000
vn 0.000000 0.000000 0.100000
vn 0.000000 0.000000 0.100000
vn 0.000000 0.000000 0.100000
vn 0.000000 0.000000 0.100000
vn 0.000000 0.000000 0.100000
vn 0.000000 0.000000 0.100000
vn -0.046397 -0.088585 0.000000
vn -0.046397 -0.088585 0.000000
vn -0.046397 -0.088585 0.000000
vn -0.046397 -0.088585 0.000000
vn -0.046397 -0.088585 0.000000
vn 0.000000 -0.100000 0.000000
vn 0.000000 -0.100000 0.000000
vn 0.000000 -0.100000 0.000000
vn 0.000000 -0.100000 0.000000
vn 0.000000 0.000000 -0.100000
vn 0.000000 0.000000 -0.100000
vn 0.000000 0.000000 -0.100000
vn 0.000000 0.000000 -0.100000
vn 0.000000 0.000000 -0.100000
vn 0.000000 0.000000 -0.100000
vn 0.000000 0.000000 -0.100000
vn 0.000000 0.000000 -0.100000
vn 0.000000 0.000000 -0.100000
vn 0.000000 0.000000 -0.100000
vn 0.000000 0.100000 0.000000
vn 0.000000 0.100000 0.000000
vn 0.000000 0.100000 0.000000
vn 0.000000 0.100000 0.000000
vn -0.046397 0.088585 0.000000
vn -0.046397 0.088585 0.000000
vn -0.046397 0.088585 0.000000
vn -0.046397 0.088585 0.000000
vn -0.046397 0.088585 0.000000
vn 0.000000 0.000000 0.100000
vn 0.000000 0.000000 0.100000
vn 0.000000 0.000000 0.100000
vn 0.000000 0.000000 0.100000
vn 0.000000 0.000000 0.100000
vn 0.000000 0.000000 0.100000
vn 0.000000 0.000000 0.100000
vn 0.000000 0.000000 0.100000
vn -0.046397 -0.088585 0.000000
vn -0.046397 -0.088585 0.000000
vn -0.046397 -0.088585 0.000000
vn -0.046397 -0.088585 0.000000
vn -0.046397 -0.088585 0.000000
vn 0.000000 -0.100000 0.000000
vn 0.000000 -0.100000 0.000000
vn 0.000000 -0.100000 0.000000
vn 0.000000 -0.100000 0.000000
vn 0.000000 0.000000 -0.100000
vn 0.000000 0.000000 -0.100000
vn 0.000000 0.000000 -0.100000
vn 0.000000 0.000000 -0.100000
vn 0.000000 0.000000 -0.100000
vn 0.000000 0.000000 -0.100000
vn 0.000000 0.000000 -0.100000
vn 0.000000 0.000000 -0.100000
vn 0.000000 0.000000 -0.100000
vn 0.000000 0.000000 -0.100000
vn 0.000000 0.100000 0.000000
vn 0.000000 0.100000 0.000000
vn 0.000000 0.100000 0.000000
vn 0.000000 0.100000 0.000000
vn -0.046397 0.088585 0.000000
vn -0.046397 0.088585 0.000000
vn -0.046397 0.088585 0.000000
vn -0.046397 0.088585 0.000000
vn -0.046397 0.088585 0.000000
vn 0.000000 0.000000 0.100000
vn 0.000000 0.000000 0.100000
vn 0.000000 0.000000 0.100000
vn 0.000000 0.000000 0.100000
vn 0.000000 0.000000 0.100000
vn 0.000000 0.000000 0.100000
vn 0.000000 0.000000 0.100000
vn 0.000000 0.000000 0.100000
vn -0.046397 -0.088585 0.000000
vn -0.046397 -0.088585 0.000000
vn -0.046397 -0.088585 0.000000
vn -0.046397 -0.088585 0.000000
vn -0.046397 -0.088585 0.000000
vn 0.000000 -0.100000 0.000000
vn 0.000000 -0.100000 0.000000
vn 0.000000 -0.100000 0.000000
vn 0.000000 -0.100000 0.000000
vn 0.000000 0.000000 -0.100000
vn 0.000000 0.000000 -0.100000
vn 0.000000 0.000000 -0.100000
vn 0.000000 0.000000 -0.100000
vn 0.000000 0.000000 -0.100000
vn 0.000000 0.000000 -0.100000
vn 0.000000 0.000000 -0.100000
vn 0.000000 0.100000 0.000000
vn 0.000000 0.100000 0.000000
vn 0.000000 0.100000 0.000000
vn 0.000000 0.100000 0.000000
vn 0.000000 0.100000 0.000000
vn 0.000000 0.100000 0.000000
vn 0.000000 0.100000 0.000000
vn 0.000000 0.100000 0.000000
vn 0.000000 0.100000 0.000000
vn 0.000000 0.100000 0.000000
vn 0.000000 0.100000 0.000000
vn 0.000000 0.100000 0.000000
vn 0.000000 0.100000 0.000000
vn 0.000000 0.000000 0.100000
vn 0.000000 0.000000 0.100000
vn 0.000000 0.000000 0.100000
vn 0.000000 0.000000 0.100000
vn 0.000000 0.000000 0.100000
vn 0.000000 0.000000 0.100000
vn 0.000000 0.000000 0.100000
vn 0.000000 0.000000 0.100000
vn 0.000000 0.000000 0.100000
vn 0.000000 0.000000 0.100000
vn 0.000000 0.000000 0.100000
vn 0.000000 0.000000 0.100000
vn 0.000000 0.000000 0.100000
vn 0.000000 0.000000 0.100000
vn 0.000000 0.000000 0.100000
vn 0.000000 0.000000 0.100000
vn 0.000000 0.000000 0.100000
vn 0.000000 0.000000 0.100000
vn 0.000000 0.000000 0.100000
vn 0.000000 0.000000 0.100000
vn 0.000000 0.000000 0.100000
vn 0.000000 0.000000 0.100000
vn 0.000000 0.000000 0.100000
vn 0.000000 0.000000 0.100000
vn 0.000000 0.000000 0.100000
vn 0.000000 0.000000 0.100000
vn 0.000000 0.000000 0.100000
vn 0.000000 0.000000 0.100000
vn 0.000000 0.000000 0.100000
vn 0.000000 0.000000 0.100000
vn 0.000000 0.000000 0.100000
vn 0.000000 0.000000 0.100000
vn 0.000000 0.000000 0.100000
vn 0.000000 0.000000 0.100000
vn 0.000000 0.000000 0.100000
vn 0.000000 0.000000 0.100000
vn 0.000000 0.000000 0.100000
vn 0.000000 0.000000 0.100000
vn 0.000000 0.000000 0.100000
vn 0.000000 0.000000 0.100000
vn -0.100000 0.000000 0.000000
vn -0.098079 0.019509 0.000000
vn -0.092388 0.038268 0.000000
vn -0.083147 0.055557 0.000000
vn -0.070711 0.070711 0.000000
vn -0.055557 0.083147 0.000000
vn -0.038268 0.092388 0.000000
vn -0.019509 0.098079 0.000000
vn 0.000000 0.100000 0.000000
vn 0.000000 0.100000 0.000000
vn -0.019509 0.098079 0.000000
vn -0.038268 0.092388 0.000000
vn -0.055557 0.083147 0.000000
vn -0.070711 0.070711 0.000000
vn -0.083147 0.055557 0.000000
vn -0.092388 0.038268 0.000000
vn -0.098079 0.019509 0.000000
vn -0.100000 0.000000 0.000000
vn 0.000000 0.000000 -0.100000
vn 0.000000 0.000000 -0.100000
vn 0.000000 0.000000 -0.100000
vn 0.000000 0.000000 -0.100000
vn 0.000000 0.000000 -0.100000
vn 0.000000 0.000000 -0.100000
vn 0.000000 0.000000 -0.100000
vn 0.000000 0.000000 -0.100000
vn 0.000000 0.000000 -0.100000
vn 0.000000 0.000000 -0.100000
vn 0.000000 0.000000 -0.100000
vn 0.000000 0.000000 -0.100000
vn 0.000000 0.000000 -0.100000
vn 0.000000 0.000000 -0.100000
vn 0.000000 0.000000 -0.100000
vn 0.000000 0.000000 -0.100000
vn 0.000000 0.000000 -0.100000
vn 0.000000 0.000000 -0.100000
vn 0.000000 0.000000 -0.100000
vn 0.000000 0.000000 -0.100000
vn 0.000000 0.000000 -0.100000
vn 0.000000 0.000000 -0.100000
vn 0.000000 0.000000 -0.100000
vn 0.000000 0.000000 -0.100000
vn 0.000000 0.000000 -0.100000
vn 0.000000 0.000000 -0.100000
vn 0.000000 0.000000 -0.100000
vn 0.000000 0.000000 -0.100000
vn 0.000000 0.000000 -0.100000
vn 0.000000 0.000000 -0.100000
vn 0.000000 0.000000 -0.100000
vn 0.000000 0.000000 -0.100000
vn 0.000000 0.000000 -0.100000
vn 0.000000 0.000000 -0.100000
vn 0.000000 0.000000 -0.100000
vn 0.000000 0.000000 -0.100000
vn 0.000000 0.000000 -0.100000
vn 0.000000 0.000000 -0.100000
vn 0.000000 0.000000 -0.100000
vn 0.000000 0.000000 -0.100000
vn -0.100000 0.000000 0.000000
vn -0.100000 0.000000 0.000000
vn -0.100000 0.000000 0.000000
vn -0.100000 0.000000 0.000000
vn 0.000000 0.100000 0.000000
vn 0.000000 0.100000 0.000000
vn -0.019509 0.098079 0.000000
vn -0.038268 0.092388 0.000000
vn -0.055557 0.083147 0.000000
vn -0.070711 0.070711 0.000000
vn -0.083147 0.055557 0.000000
vn -0.092388 0.038268 0.000000
vn -0.098079 0.019509 0.000000
vn -0.100000 0.000000 0.000000
vn -0.100000 0.000000 0.000000
vn -0.098079 0.019509 0.000000
vn -0.092388 0.038268 0.000000
vn -0.083147 0.055557 0.000000
vn -0.070711 0.070711 0.000000
vn -0.055557 0.083147 0.000000
vn -0.038268 0.092388 0.000000
vn -0.019509 0.098079 0.000000
vn 0.000000 0.100000 0.000000
vn 0.000000 0.100000 0.000000
vn 0.000000 0.100000 0.000000
vn 0.000000 0.100000 0.000000
vn 0.100000 0.000000 0.000000
vn 0.100000 0.000000 0.000000
vn 0.098079 0.019509 0.000000
vn 0.092388 0.038268 0.000000
vn 0.083147 0.055557 0.000000
vn 0.070711 0.070711 0.000000
vn 0.055557 0.083147 0.000000
vn 0.038268 0.092388 0.000000
vn 0.019509 0.098079 0.000000
vn 0.000000 0.100000 0.000000
vn 0.000000 0.100000 0.000000
vn 0.019509 0.098079 0.000000
vn 0.038268 0.092388 0.000000
vn 0.055557 0.083147 0.000000
vn 0.070711 0.070711 0.000000
vn 0.083147 0.055557 0.000000
vn 0.092388 0.038268 0.000000
vn 0.098079 0.019509 0.000000
vn 0.100000 0.000000 0.000000
vn 0.100000 0.000000 0.000000
vn 0.100000 0.000000 0.000000
vn 0.100000 0.000000 0.000000
vn 0.000000 0.100000 0.000000
vn 0.000000 0.100000 0.000000
vn 0.000000 0.100000 0.000000
vn 0.000000 0.100000 0.000000
vn 0.000000 0.100000 0.000000
vn 0.000000 0.100000 0.000000
vn 0.000000 0.100000 0.000000
vn 0.000000 0.100000 0.000000
vn 0.000000 0.100000 0.000000
vn 0.000000 0.100000 0.000000
vn 0.000000 0.100000 0.000000
vn 0.000000 0.100000 0.000000
vn 0.000000 0.100000 0.000000
vn 0.100000 0.000000 0.000000
vn 0.100000 0.000000 0.000000
vn 0.100000 0.000000 0.000000
vn 0.100000 0.000000 0.000000
vn 0.000000 0.100000 0.000000
vn 0.019509 0.098079 0.000000
vn 0.038268 0.092388 0.000000
vn 0.055557 0.083147 0.000000
vn 0.070711 0.070711 0.000000
vn 0.083147 0.055557 0.000000
vn 0.092388 0.038268 0.000000
vn 0.098079 0.019509 0.000000
vn 0.100000 0.000000 0.000000
vn 0.100000 0.000000 0.000000
vn 0.098079 0.019509 0.000000
vn 0.092388 0.038268 0.000000
vn 0.083147 0.055557 0.000000
vn 0.070711 0.070711 0.000000
vn 0.055557 0.083147 0.000000
vn 0.038268 0.092388 0.000000
vn 0.019509 0.098079 0.000000
vn 0.000000 0.100000 0.000000
vn 0.000000 0.100000 0.000000
vn 0.000000 0.100000 0.000000
vn 0.000000 0.100000 0.000000
vn 0.000000 0.100000 0.000000
vn 0.000000 0.100000 0.000000
vn 0.000000 0.100000 0.000000
vn 0.000000 0.092388 -0.038268
vn 0.000000 0.070711 -0.070711
vn 0.000000 0.038268 -0.092388
vn 0.000000 0.000000 -0.100000
vn 0.000000 0.000000 -0.100000
vn 0.000000 0.038268 -0.092388
vn 0.000000 0.070711 -0.070711
vn 0.000000 0.092388 -0.038268
vn 0.000000 0.100000 0.000000
vn 0.019509 0.098079 0.000000
vn 0.038268 0.092388 0.000000
vn 0.055557 0.083147 0.000000
vn 0.070711 0.070711 0.000000
vn 0.083147 0.055557 0.000000
vn 0.092388 0.038268 0.000000
vn 0.098079 0.019509 0.000000
vn 0.100000 0.000000 0.000000
vn 0.092388 0.000000 -0.038268
vn 0.070711 0.000000 -0.070711
vn 0.038268 0.000000 -0.092388
vn 0.000000 0.000000 -0.100000
vn 0.000000 0.000000 -0.100000
vn 0.000000 0.000000 -0.100000
vn 0.000000 0.000000 -0.100000
vn 0.000000 0.000000 -0.100000
vn 0.000000 0.000000 -0.100000
vn 0.000000 0.000000 -0.100000
vn 0.000000 0.000000 -0.100000
vn 0.000000 0.038268 -0.092388
vn 0.000000 0.070711 -0.070711
vn 0.000000 0.092388 -0.038268
vn 0.018024 0.090613 -0.038268
vn 0.013795 0.069352 -0.070711
vn 0.007466 0.037533 -0.092388
vn 0.035355 0.085355 -0.038268
vn 0.027060 0.065328 -0.070711
vn 0.014645 0.035355 -0.092388
vn 0.051328 0.076818 -0.038268
vn 0.039285 0.058794 -0.070711
vn 0.021261 0.031819 -0.092388
vn 0.065328 0.065328 -0.038268
vn 0.050000 0.050000 -0.070711
vn 0.027060 0.027060 -0.092388
vn 0.076818 0.051328 -0.038268
vn 0.058794 0.039285 -0.070711
vn 0.031819 0.021261 -0.092388
vn 0.085355 0.035355 -0.038268
vn 0.065328 0.027060 -0.070711
vn 0.035355 0.014645 -0.092388
vn 0.090613 0.018024 -0.038268
vn 0.069352 0.013795 -0.070711
vn 0.037533 0.007466 -0.092388
vn 0.100000 0.000000 0.000000
vn 0.100000 0.000000 0.000000
vn 0.092388 0.000000 -0.038268
vn 0.070711 0.000000 -0.070711
vn 0.038268 0.000000 -0.092388
vn 0.000000 0.000000 -0.100000
vn 0.000000 0.000000 -0.100000
vn 0.038268 0.000000 -0.092388
vn 0.070711 0.000000 -0.070711
vn 0.092388 0.000000 -0.038268
vn 0.070711 0.000000 -0.070711
vn 0.070711 0.000000 -0.070711
vn 0.070711 0.000000 -0.070711
vn 0.070711 0.000000 -0.070711
vn 0.000000 0.100000 0.000000
vn 0.000000 0.100000 0.000000
vn 0.000000 0.100000 0.000000
vn 0.000000 0.100000 0.000000
vn 0.000000 0.100000 0.000000
vn 0.000000 0.100000 0.000000
vn 0.070711 0.000000 -0.070711
vn 0.070711 0.000000 -0.070711
vn 0.070711 0.000000 -0.070711
vn 0.070711 0.000000 -0.070711
vn 0.000000 -0.100000 0.000000
vn 0.000000 -0.100000 0.000000
vn 0.000000 -0.100000 0.000000
vn 0.000000 -0.100000 0.000000
vn 0.000000 -0.100000 0.000000
vn 0.000000 -0.100000 0.000000
vn 0.070711 0.000000 -0.070711
vn 0.070711 0.000000 -0.070711
vn 0.070711 0.000000 -0.070711
vn 0.070711 0.000000 -0.070711
vn 0.000000 0.100000 0.000000
vn 0.000000 0.100000 0.000000
vn 0.000000 0.100000 0.000000
vn 0.000000 0.100000 0.000000
vn 0.000000 0.100000 0.000000
vn 0.000000 0.100000 0.000000
vn 0.070711 0.000000 -0.070711
vn 0.070711 0.000000 -0.070711
vn 0.070711 0.000000 -0.070711
vn 0.070711 0.000000 -0.070711
vn 0.000000 -0.100000 0.000000
vn 0.000000 -0.100000 0.000000
vn 0.000000 -0.100000 0.000000
vn 0.000000 -0.100000 0.000000
vn 0.000000 -0.100000 0.000000
vn 0.000000 -0.100000 0.000000
vn 0.070711 0.000000 -0.070711
vn 0.070711 0.000000 -0.070711
vn 0.070711 0.000000 -0.070711
vn 0.070711 0.000000 -0.070711
vn 0.000000 0.100000 0.000000
vn 0.000000 0.100000 0.000000
vn 0.000000 0.100000 0.000000
vn 0.000000 0.100000 0.000000
vn 0.000000 0.100000 0.000000
vn 0.000000 0.100000 0.000000
vn 0.070711 0.000000 -0.070711
vn 0.070711 0.000000 -0.070711
vn 0.070711 0.000000 -0.070711
vn 0.070711 0.000000 -0.070711
vn 0.000000 -0.100000 0.000000
vn 0.000000 -0.100000 0.000000
vn 0.000000 -0.100000 0.000000
vn 0.000000 -0.100000 0.000000
vn 0.000000 -0.100000 0.000000
vn 0.000000 -0.100000 0.000000
vn 0.070711 0.000000 -0.070711
vn 0.070711 0.000000 -0.070711
vn 0.070711 0.000000 -0.070711
vn 0.070711 0.000000 -0.070711
vn 0.000000 0.100000 0.000000
vn 0.000000 0.100000 0.000000
vn 0.000000 0.100000 0.000000
vn 0.000000 0.100000 0.000000
vn 0.000000 0.100000 0.000000
vn 0.000000 0.100000 0.000000
vn 0.070711 0.000000 -0.070711
vn 0.070711 0.000000 -0.070711
vn 0.070711 0.000000 -0.070711
vn 0.070711 0.000000 -0.070711
vn 0.000000 -0.100000 0.000000
vn 0.000000 -0.100000 0.000000
vn 0.000000 -0.100000 0.000000
vn 0.000000 -0.100000 0.000000
vn 0.000000 -0.100000 0.000000
vn 0.000000 -0.100000 0.000000
vn 0.070711 0.000000 -0.070711
vn 0.070711 0.000000 -0.070711
vn 0.070711 0.000000 -0.070711
vn 0.070711 0.000000 -0.070711
vn 0.070711 0.000000 -0.070711
vn 0.000000 -0.100000 0.000000
vn 0.000000 -0.100000 0.000000
vn 0.024085 -0.097056 0.000000
vn 0.046752 -0.088398 0.000000
vn 0.066667 -0.074536 0.000000
vn 0.066667 -0.074536 0.000000
vn 0.067987 -0.073333 0.000000
vn 0.069814 -0.071596 0.000000
vn 0.071596 -0.069814 0.000000
vn 0.073333 -0.067987 0.000000
vn 0.074536 -0.066667 0.000000
vn 0.074536 -0.066667 0.000000
vn 0.088398 -0.046752 0.000000
vn 0.097056 -0.024085 0.000000
vn 0.100000 0.000000 0.000000
vn 0.100000 -0.000000 0.000000
vn 0.097056 -0.024085 0.000000
vn 0.088398 -0.046752 0.000000
vn 0.074536 -0.066667 0.000000
vn 0.074536 -0.066667 0.000000
vn 0.073333 -0.067987 0.000000
vn 0.071596 -0.069814 0.000000
vn 0.069814 -0.071596 0.000000
vn 0.067987 -0.073333 0.000000
vn 0.066667 -0.074536 0.000000
vn 0.066667 -0.074536 0.000000
vn 0.046752 -0.088398 0.000000
vn 0.024085 -0.097056 0.000000
vn 0.000000 -0.100000 0.000000
vn 0.000000 -0.100000 0.000000
vn 0.000000 -0.100000 0.000000
vn 0.000000 -0.100000 0.000000
vn 0.000000 -0.100000 0.000000
vn 0.000000 -0.100000 0.000000
vn 0.000000 -0.100000 0.000000
vn 0.000000 -0.100000 0.000000
vn 0.100000 0.000000 0.000000
vn 0.100000 0.000000 0.000000
vn 0.100000 0.000000 0.000000
vn 0.100000 0.000000 0.000000
vn 0.000000 0.000000 0.100000
vn 0.000000 0.000000 0.100000
vn 0.000000 0.000000 0.100000
vn 0.000000 0.000000 0.100000
vn 0.000000 0.000000 0.100000
vn 0.000000 0.000000 0.100000
vn 0.000000 -0.100000 0.000000
vn 0.000000 -0.100000 0.000000
vn 0.000000 -0.100000 0.000000
vn 0.000000 -0.100000 0.000000
vn 0.000000 -0.100000 0.000000
vn 0.000000 -0.100000 0.000000
vn 0.000000 -0.100000 0.000000
vn 0.000000 -0.100000 0.000000
vn 0.000000 -0.100000 0.000000
vn 0.000000 -0.100000 0.000000
vn 0.000000 -0.100000 0.000000
vn 0.000000 -0.100000 0.000000
vn -0.100000 0.000000 0.000000
vn -0.100000 0.000000 0.000000
vn -0.100000 0.000000 0.000000
vn -0.100000 0.000000 0.000000
vn -0.100000 0.000000 0.000000
vn -0.100000 0.000000 0.000000
vn -0.100000 0.000000 0.000000
vn 0.000000 -0.070711 0.070711
vn 0.000000 -0.070711 0.070711
vn 0.000000 -0.070711 0.070711
vn 0.000000 -0.070711 0.070711
vn 0.100000 0.000000 0.000000
vn 0.100000 0.000000 0.000000
vn 0.100000 0.000000 0.000000
vn 0.100000 0.000000 0.000000
vn 0.100000 0.000000 0.000000
vn 0.100000 0.000000 0.000000
vn 0.000000 0.000000 -0.100000
vn 0.000000 0.000000 -0.100000
vn 0.000000 0.000000 -0.100000
vn 0.000000 0.000000 -0.100000
vn 0.000000 0.000000 -0.100000
vn 0.000000 0.000000 -0.100000
vn 0.000000 0.000000 -0.100000
vn -0.100000 0.000000 0.000000
vn -0.100000 0.000000 0.000000
vn -0.100000 0.000000 0.000000
vn -0.100000 0.000000 0.000000
vn 0.000000 -0.100000 0.000000
vn 0.000000 -0.100000 0.000000
vn 0.000000 -0.100000 0.000000
vn 0.000000 -0.100000 0.000000
vn 0.000000 -0.100000 0.000000
vn 0.000000 -0.100000 0.000000
vn 0.000000 -0.100000 0.000000
vn 0.000000 -0.100000 0.000000
vn 0.000000 0.000000 0.100000
vn 0.000000 0.000000 0.100000
vn 0.000000 0.000000 0.100000
vn 0.000000 0.000000 0.100000
vn 0.000000 0.000000 0.100000
vn 0.000000 0.000000 0.100000
vn 0.000000 0.000000 0.100000
vn 0.100000 0.000000 0.000000
vn 0.100000 0.000000 0.000000
vn 0.100000 0.000000 0.000000
vn 0.100000 0.000000 0.000000
vn 0.100000 0.000000 0.000000
vn 0.100000 0.000000 0.000000
vn 0.000000 -0.070711 -0.070711
vn 0.000000 -0.070711 -0.070711
vn 0.000000 -0.070711 -0.070711
vn 0.000000 -0.070711 -0.070711
vn -0.100000 0.000000 0.000000
vn -0.100000 0.000000 0.000000
vn -0.100000 0.000000 0.000000
vn -0.100000 0.000000 0.000000
vn -0.100000 0.000000 0.000000
vn -0.100000 0.000000 0.000000
vn 0.000000 -0.100000 0.000000
vn 0.000000 -0.100000 0.000000
vn 0.000000 -0.100000 0.000000
vn 0.000000 -0.100000 0.000000
vn 0.000000 -0.100000 0.000000
vn 0.000000 -0.100000 0.000000
vn 0.000000 -0.100000 0.000000
vn 0.000000 -0.100000 0.000000
vn 0.000000 -0.100000 0.000000
vn 0.000000 -0.100000 0.000000
vn 0.000000 -0.100000 0.000000
vn 0.000000 -0.100000 0.000000
vn 0.000000 0.000000 0.100000
vn 0.000000 0.000000 0.100000
vn 0.000000 0.000000 0.100000
vn 0.000000 0.000000 0.100000
vn 0.000000 0.000000 0.100000
vn 0.000000 0.000000 0.100000
vn 0.000000 0.000000 0.100000
vn 0.000000 0.000000 0.100000
vn 0.000000 0.000000 0.100000
vn 0.000000 0.000000 0.100000
vn 0.000000 0.000000 0.100000
vn 0.000000 0.000000 0.100000
vn 0.000000 0.000000 0.100000
vn 0.000000 0.000000 0.100000
vn 0.100000 0.000000 0.000000
vn 0.100000 0.000000 0.000000
vn 0.100000 0.000000 0.000000
vn 0.100000 0.000000 0.000000
vn 0.088585 -0.046397 0.000000
vn 0.088585 -0.046397 0.000000
vn 0.088585 -0.046397 0.000000
vn 0.088585 -0.046397 0.000000
vn 0.000000 0.000000 0.100000
vn 0.000000 0.000000 0.100000
vn 0.000000 0.000000 0.100000
vn 0.000000 0.000000 0.100000
vn 0.000000 0.000000 0.100000
vn 0.000000 0.000000 0.100000
vn 0.000000 0.000000 0.100000
vn 0.000000 0.000000 0.100000
vn 0.000000 0.000000 0.100000
vn 0.000000 0.000000 0.100000
vn 0.000000 0.000000 0.100000
vn 0.000000 0.000000 0.100000
vn 0.000000 0.000000 0.100000
vn 0.000000 0.000000 0.100000
vn 0.000000 0.000000 0.100000
vn 0.100000 0.000000 0.000000
vn 0.100000 0.000000 0.000000
vn 0.100000 0.000000 0.000000
vn 0.100000 0.000000 0.000000
vn 0.100000 0.000000 0.000000
vn 0.000000 0.000000 -0.100000
vn 0.000000 0.000000 -0.100000
vn 0.000000 0.000000 -0.100000
vn 0.000000 0.000000 -0.100000
vn 0.000000 0.000000 -0.100000
vn -0.100000 0.000000 0.000000
vn -0.100000 0.000000 0.000000
vn -0.100000 0.000000 0.000000
vn -0.100000 0.000000 0.000000
vn -0.100000 0.000000 0.000000
vn 0.000000 0.000000 0.100000
vn 0.000000 0.000000 0.100000
vn 0.000000 0.000000 0.100000
vn 0.000000 0.000000 0.100000
vn 0.000000 0.000000 0.100000
vn 0.000000 0.000000 0.100000
vn 0.000000 0.000000 0.100000
vn 0.000000 0.000000 0.100000
vn 0.000000 0.000000 0.100000
vn 0.100000 0.000000 0.000000
vn 0.100000 0.000000 0.000000
vn 0.100000 0.000000 0.000000
vn 0.100000 0.000000 0.000000
vn 0.000000 -0.100000 0.000000
vn 0.000000 -0.100000 0.000000
vn 0.000000 -0.100000 0.000000
vn 0.000000 -0.100000 0.000000
vn 0.000000 -0.070711 -0.070711
vn 0.000000 -0.070711 -0.070711
vn 0.000000 -0.070711 -0.070711
vn 0.000000 -0.070711 -0.070711
vn 0.000000 -0.070711 -0.070711
vn 0.100000 0.000000 0.000000
vn 0.100000 0.000000 0.000000
vn 0.100000 0.000000 0.000000
vn 0.100000 0.000000 0.000000
vn 0.100000 0.000000 0.000000
vn 0.100000 0.000000 0.000000
vn 0.000000 -0.070711 -0.070711
vn 0.000000 -0.070711 -0.070711
vn 0.000000 -0.070711 -0.070711
vn 0.000000 -0.070711 -0.070711
vn -0.050000 -0.086603 0.000000
vn -0.050000 -0.086603 0.000000
vn -0.050000 -0.086603 0.000000
vn -0.050000 -0.086603 0.000000
vn 0.050000 -0.086603 0.000000
vn 0.050000 -0.086603 0.000000
vn 0.050000 -0.086603 0.000000
vn 0.050000 -0.086603 0.000000
vn -0.100000 0.000000 0.000000
vn -0.100000 0.000000 0.000000
vn -0.100000 0.000000 0.000000
vn -0.100000 0.000000 0.000000
vn -0.088585 -0.046397 0.000000
vn -0.088585 -0.046397 0.000000
vn -0.088585 -0.046397 0.000000
vn -0.088585 -0.046397 0.000000
vn 0.000000 -0.100000 0.000000
vn -0.046472 -0.088546 0.000000
vn -0.082298 -0.056806 0.000000
vn -0.099271 -0.012054 0.000000
vn -0.093502 0.035460 0.000000
vn -0.066312 0.074851 0.000000
vn -0.023932 0.097094 0.000000
vn 0.023932 0.097094 0.000000
vn 0.066312 0.074851 0.000000
vn 0.093502 0.035460 0.000000
vn 0.099271 -0.012054 0.000000
vn 0.082298 -0.056806 0.000000
vn 0.046472 -0.088546 0.000000
vn -0.088585 -0.046397 0.000000
vn -0.060757 -0.079427 0.000000
vn -0.021595 -0.097640 0.000000
vn 0.021595 -0.097640 0.000000
vn 0.060757 -0.079427 0.000000
vn 0.088585 -0.046397 0.000000
vn 0.088585 -0.046397 0.000000
vn 0.099966 -0.002619 0.000000
vn 0.090893 0.041695 0.000000
vn 0.063223 0.077478 0.000000
vn 0.022617 0.097409 0.000000
vn -0.022617 0.097409 0.000000
vn -0.063223 0.077478 0.000000
vn -0.090893 0.041695 0.000000
vn -0.099966 -0.002619 0.000000
vn -0.088585 -0.046397 0.000000
vn -0.021595 -0.097640 0.000000
vn 0.000000 -0.100000 0.000000
vn 0.000000 -0.100000 0.000000
vn -0.021595 -0.097640 0.000000
vn 0.000000 -0.070711 -0.070711
vn -0.030680 -0.063708 -0.070711
vn -0.055284 -0.044087 -0.070711
vn -0.068938 -0.015735 -0.070711
vn -0.068938 0.015735 -0.070711
vn -0.055284 0.044087 -0.070711
vn -0.030680 0.063708 -0.070711
vn 0.000000 0.070711 -0.070711
vn 0.030680 0.063708 -0.070711
vn 0.055284 0.044087 -0.070711
vn 0.068938 0.015735 -0.070711
vn 0.068938 -0.015735 -0.070711
vn 0.055284 -0.044087 -0.070711
vn 0.030680 -0.063708 -0.070711
vn 0.000000 -0.070711 -0.070711
vn 0.032861 -0.062611 -0.070711
vn 0.058194 -0.040168 -0.070711
vn 0.070195 -0.008523 -0.070711
vn 0.066116 0.025074 -0.070711
vn 0.046890 0.052928 -0.070711
vn 0.016922 0.068656 -0.070711
vn -0.016922 0.068656 -0.070711
vn -0.046890 0.052928 -0.070711
vn -0.066116 0.025074 -0.070711
vn -0.070195 -0.008523 -0.070711
vn -0.058194 -0.040168 -0.070711
vn -0.032861 -0.062611 -0.070711
vn 0.000000 -0.070711 -0.070711
vn 0.000000 -0.070711 -0.070711
vn 0.000000 -0.070711 -0.070711
vn 0.000000 -0.070711 -0.070711
vn 0.000000 -0.070711 -0.070711
vn 0.000000 -0.070711 -0.070711
vn 0.000000 -0.070711 -0.070711
vn -0.100000 0.000000 0.000000
vn -0.100000 0.000000 0.000000
vn -0.100000 0.000000 0.000000
vn -0.100000 0.000000 0.000000
vn -0.100000 0.000000 0.000000
vn -0.100000 0.000000 0.000000
vn 0.000000 -0.070711 -0.070711
vn 0.000000 -0.070711 -0.070711
vn 0.000000 -0.070711 -0.070711
vn 0.000000 -0.070711 -0.070711
vn 0.000000 -0.070711 -0.070711
vn -0.100000 0.000000 0.000000
vn -0.100000 0.000000 0.000000
vn -0.100000 0.000000 0.000000
vn -0.100000 0.000000 0.000000
vn 0.000000 -0.100000 0.000000
vn 0.000000 -0.100000 0.000000
vn 0.000000 -0.100000 0.000000
vn 0.000000 -0.100000 0.000000
vn 0.000000 0.000000 0.100000
vn 0.000000 0.000000 0.100000
vn 0.000000 0.000000 0.100000
vn 0.000000 0.000000 0.100000
vn 0.000000 0.000000 0.100000
vn 0.000000 0.000000 0.100000
vn 0.000000 0.000000 0.100000
vn 0.000000 0.000000 0.100000
vn 0.000000 0.000000 0.100000
vn 0.000000 0.000000 0.100000
vn 0.088585 -0.046397 0.000000
vn 0.088585 -0.046397 0.000000
vn 0.088585 -0.046397 0.000000
vn 0.088585 -0.046397 0.000000
vn 0.088585 -0.046397 0.000000
vn 0.100000 0.000000 0.000000
vn 0.100000 0.000000 0.000000
vn 0.100000 0.000000 0.000000
vn 0.100000 0.000000 0.000000
vn 0.000000 0.000000 0.100000
vn 0.000000 0.000000 0.100000
vn 0.000000 0.000000 0.100000
vn 0.000000 0.000000 0.100000
vn 0.000000 0.000000 0.100000
vn 0.000000 0.000000 0.100000
vn 0.000000 0.000000 0.100000
vn 0.000000 0.000000 0.100000
vn 0.000000 0.000000 0.100000
vn 0.000000 0.000000 0.100000
vn 0.000000 0.000000 0.100000
vn 0.000000 0.000000 0.100000
vn 0.000000 0.000000 0.100000
vn 0.000000 0.000000 0.100000
vn -0.088585 -0.046397 0.000000
vn -0.088585 -0.046397 0.000000
vn -0.088585 -0.046397 0.000000
vn -0.088585 -0.046397 0.000000
vn -0.088585 -0.046397 0.000000
vn -0.100000 0.000000 0.000000
vn -0.100000 0.000000 0.000000
vn -0.100000 0.000000 0.000000
vn -0.100000 0.000000 0.000000
vn 0.000000 -0.100000 0.000000
vn 0.000000 -0.100000 0.000000
vn 0.000000 -0.100000 0.000000
vn 0.000000 -0.100000 0.000000
vn 0.000000 -0.100000 0.000000
vn 0.000000 -0.100000 0.000000
vn 0.000000 -0.100000 0.000000
vn 0.000000 -0.100000 0.000000
vn 0.000000 -0.100000 0.000000
vn -0.046472 -0.088546 0.000000
vn -0.082298 -0.056806 0.000000
vn -0.099271 -0.012054 0.000000
vn -0.093502 0.035460 0.000000
vn -0.066312 0.074851 0.000000
vn -0.023932 0.097094 0.000000
vn 0.023932 0.097094 0.000000
vn 0.066312 0.074851 0.000000
vn 0.093502 0.035460 0.000000
vn 0.099271 -0.012054 0.000000
vn 0.082298 -0.056806 0.000000
vn 0.046472 -0.088546 0.000000
vn -0.088585 -0.046397 0.000000
vn -0.060757 -0.079427 0.000000
vn -0.021595 -0.097640 0.000000
vn 0.021595 -0.097640 0.000000
vn 0.060757 -0.079427 0.000000
vn 0.088585 -0.046397 0.000000
vn 0.088585 -0.046397 0.000000
vn 0.099966 -0.002619 0.000000
vn 0.090893 0.041695 0.000000
vn 0.063223 0.077478 0.000000
vn 0.022617 0.097409 0.000000
vn -0.022617 0.097409 0.000000
vn -0.063223 0.077478 0.000000
vn -0.090893 0.041695 0.000000
vn -0.099966 -0.002619 0.000000
vn -0.088585 -0.046397 0.000000
vn -0.021595 -0.097640 0.000000
vn 0.000000 -0.100000 0.000000
vn 0.000000 -0.100000 0.000000
vn -0.021595 -0.097640 0.000000
vn 0.000000 -0.070711 -0.070711
vn -0.030680 -0.063708 -0.070711
vn -0.055284 -0.044087 -0.070711
vn -0.068938 -0.015735 -0.070711
vn -0.068938 0.015735 -0.070711
vn -0.055284 0.044087 -0.070711
vn -0.030680 0.063708 -0.070711
vn 0.000000 0.070711 -0.070711
vn 0.030680 0.063708 -0.070711
vn 0.055284 0.044087 -0.070711
vn 0.068938 0.015735 -0.070711
vn 0.068938 -0.015735 -0.070711
vn 0.055284 -0.044087 -0.070711
vn 0.030680 -0.063708 -0.070711
vn 0.000000 -0.070711 -0.070711
vn 0.032861 -0.062611 -0.070711
vn 0.058194 -0.040168 -0.070711
vn 0.070195 -0.008523 -0.070711
vn 0.066116 0.025074 -0.070711
vn 0.046890 0.052928 -0.070711
vn 0.016922 0.068656 -0.070711
vn -0.016922 0.068656 -0.070711
vn -0.046890 0.052928 -0.070711
vn -0.066116 0.025074 -0.070711
vn -0.070195 -0.008523 -0.070711
vn -0.058194 -0.040168 -0.070711
vn -0.032861 -0.062611 -0.070711
vn 0.000000 -0.070711 -0.070711
vn 0.000000 -0.070711 -0.070711
vn 0.000000 -0.070711 -0.070711
vn 0.000000 0.000000 -0.100000
vn 0.000000 0.000000 -0.100000
vn 0.000000 0.000000 -0.100000
vn 0.000000 0.000000 -0.100000
vn 0.000000 0.000000 -0.100000
vn 0.000000 0.000000 -0.100000
vn 0.000000 0.000000 -0.100000
vn 0.000000 0.000000 -0.100000
vn 0.000000 0.000000 -0.100000
vn 0.000000 0.000000 -0.100000
vn 0.000000 0.000000 -0.100000
vn 0.000000 0.000000 -0.100000
vn 0.000000 0.000000 -0.100000
vn 0.000000 0.000000 -0.100000
vn 0.000000 0.000000 -0.100000
vn 0.000000 0.000000 -0.100000
vn 0.000000 0.000000 -0.100000
vn 0.000000 0.000000 -0.100000
vn 0.088585 -0.046397 0.000000
vn 0.088585 -0.046397 0.000000
vn 0.088585 -0.046397 0.000000
vn 0.088585 -0.046397 0.000000
vn 0.088585 -0.046397 0.000000
vn 0.100000 0.000000 0.000000
vn 0.100000 0.000000 0.000000
vn 0.100000 0.000000 0.000000
vn 0.100000 0.000000 0.000000
vn 0.000000 -0.100000 0.000000
vn 0.000000 -0.100000 0.000000
vn 0.000000 -0.100000 0.000000
vn 0.000000 -0.100000 0.000000
vn 0.000000 -0.100000 0.000000
vn 0.000000 -0.100000 0.000000
vn 0.000000 -0.100000 0.000000
vn 0.000000 -0.100000 0.000000
vn 0.000000 0.000000 -0.100000
vn 0.000000 0.000000 -0.100000
vn 0.000000 0.000000 -0.100000
vn 0.000000 0.000000 -0.100000
vn 0.000000 0.000000 -0.100000
vn 0.000000 0.000000 -0.100000
vn 0.000000 0.000000 -0.100000
vn 0.000000 0.000000 -0.100000
vn 0.000000 0.000000 -0.100000
vn 0.000000 0.000000 -0.100000
vn 0.000000 0.000000 -0.100000
vn 0.000000 0.000000 -0.100000
vn 0.000000 0.000000 -0.100000
vn 0.000000 0.000000 -0.100000
vn -0.100000 0.000000 0.000000
vn -0.100000 0.000000 0.000000
vn -0.100000 0.000000 0.000000
vn -0.100000 0.000000 0.000000
vn -0.088585 -0.046397 0.000000
vn -0.088585 -0.046397 0.000000
vn -0.088585 -0.046397 0.000000
vn -0.088585 -0.046397 0.000000
vn -0.088585 -0.046397 0.000000
vn 0.000000 0.000000 0.100000
vn 0.000000 0.000000 0.100000
vn 0.000000 0.000000 0.100000
vn 0.000000 0.000000 0.100000
vn 0.000000 0.000000 0.100000
vn 0.000000 0.000000 0.100000
vn 0.000000 0.000000 0.100000
vn 0.000000 0.000000 0.100000
vn 0.000000 -0.100000 0.000000
vn 0.046472 -0.088546 0.000000
vn 0.082298 -0.056806 0.000000
vn 0.099271 -0.012054 0.000000
vn 0.093502 0.035460 0.000000
vn 0.066312 0.074851 0.000000
vn 0.023932 0.097094 0.000000
vn -0.023932 0.097094 0.000000
vn -0.066312 0.074851 0.000000
vn -0.093502 0.035460 0.000000
vn -0.099271 -0.012054 0.000000
vn -0.082298 -0.056806 0.000000
vn -0.046472 -0.088546 0.000000
vn 0.088585 -0.046397 0.000000
vn 0.060757 -0.079427 0.000000
vn 0.021595 -0.097640 0.000000
vn -0.021595 -0.097640 0.000000
vn -0.060757 -0.079427 0.000000
vn -0.088585 -0.046397 0.000000
vn -0.088585 -0.046397 0.000000
vn -0.099966 -0.002619 0.000000
vn -0.090893 0.041695 0.000000
vn -0.063223 0.077478 0.000000
vn -0.022617 0.097409 0.000000
vn 0.022617 0.097409 0.000000
vn 0.063223 0.077478 0.000000
vn 0.090893 0.041695 0.000000
vn 0.099966 -0.002619 0.000000
vn 0.088585 -0.046397 0.000000
vn 0.021595 -0.097640 0.000000
vn 0.000000 -0.100000 0.000000
vn 0.000000 -0.100000 0.000000
vn 0.021595 -0.097640 0.000000
vn 0.000000 -0.070711 0.070711
vn 0.030680 -0.063708 0.070711
vn 0.055284 -0.044087 0.070711
vn 0.068938 -0.015735 0.070711
vn 0.068938 0.015735 0.070711
vn 0.055284 0.044087 0.070711
vn 0.030680 0.063708 0.070711
vn 0.000000 0.070711 0.070711
vn -0.030680 0.063708 0.070711
vn -0.055284 0.044087 0.070711
vn -0.068938 0.015735 0.070711
vn -0.068938 -0.015735 0.070711
vn -0.055284 -0.044087 0.070711
vn -0.030680 -0.063708 0.070711
vn 0.000000 -0.070711 0.070711
vn -0.032861 -0.062611 0.070711
vn -0.058194 -0.040168 0.070711
vn -0.070195 -0.008523 0.070711
vn -0.066116 0.025074 0.070711
vn -0.046890 0.052928 0.070711
vn -0.016922 0.068656 0.070711
vn 0.016922 0.068656 0.070711
vn 0.046890 0.052928 0.070711
vn 0.066116 0.025074 0.070711
vn 0.070195 -0.008523 0.070711
vn 0.058194 -0.040168 0.070711
vn 0.032861 -0.062611 0.070711
vn 0.000000 -0.070711 0.070711
vn 0.000000 -0.070711 0.070711
vn 0.000000 -0.070711 0.070711
vn 0.000000 0.000000 0.100000
vn 0.000000 0.000000 0.100000
vn 0.000000 0.000000 0.100000
vn 0.000000 0.000000 0.100000
vn 0.000000 0.000000 0.100000
vn 0.000000 0.000000 0.100000
vn 0.000000 0.000000 0.100000
vn 0.000000 0.000000 0.100000
vn 0.000000 0.000000 0.100000
vn 0.000000 0.000000 0.100000
vn 0.000000 0.000000 0.100000
vn 0.000000 0.000000 0.100000
vn 0.000000 0.000000 0.100000
vn 0.000000 0.000000 0.100000
vn 0.000000 0.000000 0.100000
vn 0.000000 0.000000 0.100000
vn 0.000000 0.000000 0.100000
vn 0.000000 0.000000 0.100000
vn 0.000000 0.000000 0.100000
vn 0.000000 0.000000 0.100000
vn 0.000000 0.000000 0.100000
vn 0.000000 0.000000 0.100000
vn 0.000000 0.000000 0.100000
vn 0.000000 0.000000 0.100000
vn 0.000000 0.000000 0.100000
vn 0.000000 0.000000 0.100000
vn 0.000000 0.000000 0.100000
vn 0.000000 0.000000 0.100000
vn 0.000000 0.000000 0.100000
vn 0.000000 0.000000 0.100000
vn 0.000000 0.000000 0.100000
vn 0.000000 0.000000 0.100000
vn 0.000000 0.000000 0.100000
vn 0.000000 0.000000 0.100000
vn 0.000000 0.000000 0.100000
vn 0.000000 0.000000 0.100000
vn 0.000000 0.000000 0.100000
vn 0.000000 0.000000 0.100000
vn 0.000000 0.000000 0.100000
vn 0.000000 0.000000 0.100000
vn 0.000000 0.000000 0.100000
vn 0.000000 0.000000 0.100000
vn 0.000000 0.000000 0.100000
vn 0.000000 0.000000 0.100000
vn 0.000000 0.000000 0.100000
vn 0.000000 0.000000 0.100000
vn 0.000000 0.000000 0.100000
vn 0.000000 0.000000 0.100000
vn 0.000000 0.000000 0.100000
vn 0.000000 0.000000 0.100000
vn 0.000000 0.000000 0.100000
vn 0.000000 0.000000 0.100000
vn 0.000000 0.000000 0.100000
vn 0.000000 0.000000 0.100000
vn 0.000000 0.000000 0.100000
vn 0.000000 0.000000 0.100000
vn 0.000000 0.000000 0.100000
vn 0.000000 0.000000 0.100000
vn 0.000000 0.000000 0.100000
vn 0.000000 0.000000 0.100000
vn 0.000000 0.000000 0.100000
vn 0.000000 0.000000 0.100000
vn 0.000000 0.000000 0.100000
vn 0.000000 0.000000 0.100000
vn 0.000000 0.000000 0.100000
vn 0.000000 0.000000 0.100000
vn 0.000000 0.000000 0.100000
vn 0.000000 0.000000 0.100000
vn 0.000000 0.000000 0.100000
vn 0.000000 0.000000 0.100000
vn 0.000000 0.000000 0.100000
vn 0.000000 0.000000 0.100000
vn 0.000000 0.000000 0.100000
vn 0.000000 0.000000 0.100000
vn 0.000000 0.000000 0.100000
vn 0.000000 0.000000 0.100000
vn 0.000000 0.000000 0.100000
vn 0.000000 0.000000 0.100000
vn 0.000000 0.000000 0.100000
vn 0.000000 0.000000 0.100000
vn 0.000000 0.000000 0.100000
vn 0.000000 0.000000 0.100000
vn 0.000000 0.000000 0.100000
vn 0.000000 0.000000 0.100000
vn 0.000000 0.000000 0.100000
vn 0.000000 0.000000 0.100000
vn 0.000000 0.000000 0.100000
vn 0.000000 0.000000 0.100000
vn 0.000000 0.000000 0.100000
vn 0.000000 0.000000 0.100000
vn 0.000000 0.000000 0.100000
vn 0.000000 0.000000 0.100000
vn 0.000000 0.000000 0.100000
vn 0.000000 0.000000 0.100000
vn 0.000000 0.000000 0.100000
vn 0.000000 0.000000 0.100000
vn 0.000000 0.000000 0.100000
vn 0.000000 0.000000 0.100000
vn 0.000000 0.000000 0.100000
vn 0.000000 0.000000 0.100000
vn 0.000000 0.000000 0.100000
vn 0.000000 0.000000 0.100000
vn 0.000000 0.000000 0.100000
vn 0.000000 0.000000 0.100000
vn 0.000000 0.000000 0.100000
vn 0.000000 0.000000 0.100000
vn 0.000000 0.000000 0.100000
vn 0.000000 0.000000 0.100000
vn 0.000000 0.000000 0.100000
vn 0.000000 0.000000 0.100000
vn 0.000000 0.000000 0.100000
vn 0.000000 0.000000 0.100000
vn 0.000000 0.000000 0.100000
vn 0.000000 0.000000 0.100000
vn 0.000000 0.000000 0.100000
vn 0.000000 0.000000 0.100000
vn 0.000000 0.000000 0.100000
vn 0.000000 0.000000 0.100000
vn 0.000000 0.000000 0.100000
vn 0.000000 0.000000 0.100000
vn 0.000000 0.000000 0.100000
vn 0.000000 0.000000 0.100000
vn 0.000000 0.000000 0.100000
vn 0.000000 0.000000 0.100000
vn 0.000000 0.000000 0.100000
vn 0.000000 0.000000 0.100000
vn 0.000000 0.000000 0.100000
vn 0.000000 0.000000 0.100000
vn 0.000000 0.000000 0.100000
vn 0.000000 0.000000 0.100000
vn 0.000000 0.000000 0.100000
vn 0.000000 0.000000 0.100000
vn 0.000000 0.000000 0.100000
vn 0.000000 0.000000 0.100000
vn 0.000000 0.000000 0.100000
vn 0.000000 0.000000 0.100000
vn 0.000000 0.000000 0.100000
vn 0.000000 0.000000 0.100000
vn 0.000000 0.000000 0.100000
vn 0.000000 0.000000 0.100000
vn 0.000000 0.000000 0.100000
vn 0.000000 0.000000 0.100000
vn 0.000000 0.000000 0.100000
vn 0.000000 0.000000 0.100000
vn 0.000000 0.000000 0.100000
vn 0.000000 0.000000 0.100000
vn 0.000000 0.000000 0.100000
vn 0.000000 0.000000 0.100000
vn 0.000000 0.000000 0.100000
vn 0.000000 0.000000 0.100000
vn 0.000000 0.000000 0.100000
vn 0.000000 0.000000 0.100000
vn 0.000000 0.000000 0.100000
vn 0.000000 0.000000 0.100000
vn 0.000000 0.000000 0.100000
vn 0.000000 0.000000 0.100000
vn 0.000000 0.000000 0.100000
vn 0.000000 0.000000 0.100000
vn 0.000000 0.000000 0.100000
vn 0.000000 0.000000 0.100000
vn 0.000000 0.000000 0.100000
vn 0.000000 0.000000 0.100000
vn 0.000000 0.000000 0.100000
vn 0.000000 0.000000 0.100000
vn 0.000000 0.000000 0.100000
vn 0.000000 0.000000 0.100000
vn 0.000000 0.000000 0.100000
vn 0.000000 0.000000 0.100000
vn 0.000000 0.000000 0.100000
vn 0.000000 0.000000 0.100000
vn 0.000000 0.000000 0.100000
vn 0.000000 0.000000 0.100000
vn 0.000000 0.000000 0.100000
vn 0.000000 0.000000 0.100000
vn 0.000000 0.000000 0.100000
vn 0.000000 0.000000 0.100000
vn 0.000000 0.000000 0.100000
vn 0.000000 0.000000 0.100000
vn 0.000000 0.000000 0.100000
vn 0.000000 0.000000 0.100000
vn 0.000000 0.000000 0.100000
vn 0.000000 0.000000 0.100000
vn 0.000000 0.000000 0.100000
vn 0.000000 0.000000 0.100000
vn 0.000000 0.000000 0.100000
vn 0.000000 0.000000 0.100000
vn 0.000000 0.000000 0.100000
vn 0.000000 0.000000 0.100000
vn 0.000000 0.000000 0.100000
vn 0.000000 0.000000 0.100000
vn 0.000000 0.000000 0.100000
vn 0.000000 0.000000 0.100000
vn 0.000000 0.000000 0.100000
vn 0.000000 0.000000 0.100000
vn 0.000000 0.000000 0.100000
vn 0.000000 0.000000 0.100000
vn 0.000000 0.000000 0.100000
vn 0.000000 0.000000 0.100000
vn 0.000000 0.000000 0.100000
vn 0.000000 0.000000 0.100000
vn 0.000000 0.000000 0.100000
vn 0.000000 0.000000 0.100000
vn 0.000000 0.000000 0.100000
vn 0.000000 0.000000 0.100000
vn 0.000000 0.000000 0.100000
vn 0.000000 0.000000 0.100000
vn 0.000000 0.000000 0.100000
vn 0.000000 0.000000 0.100000
vn 0.000000 0.000000 0.100000
vn 0.000000 0.000000 0.100000
vn 0.000000 0.000000 0.100000
vn 0.000000 0.000000 0.100000
vn 0.000000 0.000000 0.100000
vn 0.000000 0.000000 0.100000
vn 0.000000 0.000000 0.100000
vn 0.000000 0.000000 0.100000
vn 0.000000 0.000000 0.100000
vn 0.000000 0.000000 0.100000
vn 0.000000 0.000000 0.100000
vn 0.000000 0.000000 0.100000
vn 0.000000 0.000000 0.100000
vn 0.000000 0.000000 0.100000
vn 0.000000 0.000000 0.100000
vn 0.000000 0.000000 0.100000
vn 0.000000 0.000000 0.100000
vn 0.000000 0.000000 0.100000
vn 0.000000 0.000000 0.100000
vn 0.000000 0.000000 0.100000
vn 0.000000 0.000000 0.100000
vn 0.000000 0.000000 0.100000
vn 0.000000 0.000000 0.100000
vn 0.000000 0.000000 0.100000
vn 0.000000 0.000000 0.100000
vn 0.000000 0.000000 0.100000
vn 0.000000 0.000000 0.100000
vn 0.000000 0.000000 0.100000
vn 0.000000 0.000000 0.100000
vn 0.000000 0.000000 0.100000
vn 0.000000 0.000000 0.100000
vn 0.000000 0.000000 0.100000
vn 0.000000 0.000000 0.100000
vn 0.000000 0.000000 0.100000
vn 0.000000 0.000000 0.100000
vn 0.000000 0.000000 0.100000
vn 0.000000 0.000000 0.100000
vn 0.000000 0.000000 0.100000
vn 0.000000 -0.100000 0.000000
vn 0.000000 -0.100000 0.000000
vn 0.000000 -0.100000 0.000000
vn 0.000000 -0.100000 0.000000
vn -0.086029 -0.050980 0.000000
vn -0.086029 -0.050980 0.000000
vn -0.063697 -0.077089 0.000000
vn -0.033846 -0.094098 0.000000
vn 0.000000 -0.100000 0.000000
vn 0.000000 -0.100000 0.000000
vn -0.033846 -0.094098 0.000000
vn -0.063697 -0.077089 0.000000
vn -0.050980 -0.086029 0.000000
vn -0.014891 -0.098885 0.000000
vn 0.023383 -0.097228 0.000000
vn 0.058226 -0.081300 0.000000
vn 0.084523 -0.053441 0.000000
vn 0.098414 -0.017738 0.000000
vn 0.097862 0.020569 0.000000
vn 0.082946 0.055857 0.000000
vn 0.055857 0.082946 0.000000
vn 0.020569 0.097862 0.000000
vn -0.017738 0.098414 0.000000
vn -0.053441 0.084523 0.000000
vn -0.081300 0.058226 0.000000
vn -0.097228 0.023383 0.000000
vn -0.098885 -0.014891 0.000000
vn -0.086029 -0.050980 0.000000
vn -0.086029 -0.050980 0.000000
vn -0.076361 -0.064568 0.000000
vn -0.064568 -0.076361 0.000000
vn -0.050980 -0.086029 0.000000
vn 0.000000 0.100000 0.000000
vn 0.038268 0.092388 0.000000
vn 0.070711 0.070711 0.000000
vn 0.092388 0.038268 0.000000
vn 0.100000 0.000000 0.000000
vn 0.092388 -0.038268 0.000000
vn 0.070711 -0.070711 0.000000
vn 0.038268 -0.092388 0.000000
vn 0.000000 -0.100000 0.000000
vn -0.038268 -0.092388 0.000000
vn -0.070711 -0.070711 0.000000
vn -0.092388 -0.038268 0.000000
vn -0.100000 0.000000 0.000000
vn -0.092388 0.038268 0.000000
vn -0.070711 0.070711 0.000000
vn -0.038268 0.092388 0.000000
vn -0.014891 -0.098885 0.000000
vn -0.014891 -0.098885 0.000000
vn 0.000000 -0.100000 0.000000
vn 0.000000 -0.100000 0.000000
vn 0.000000 0.000000 0.100000
vn 0.000000 0.000000 0.100000
vn 0.000000 0.000000 0.100000
vn 0.000000 0.000000 0.100000
vn 0.000000 0.000000 0.100000
vn 0.000000 0.000000 0.100000
vn 0.000000 0.000000 0.100000
vn 0.000000 0.000000 0.100000
vn 0.000000 0.000000 0.100000
vn 0.000000 0.000000 0.100000
vn 0.000000 0.000000 0.100000
vn 0.000000 0.000000 0.100000
vn 0.000000 0.000000 0.100000
vn 0.000000 0.000000 0.100000
vn 0.000000 0.000000 0.100000
vn 0.000000 0.000000 0.100000
vn 0.000000 0.000000 0.100000
vn 0.000000 0.000000 0.100000
vn 0.000000 0.000000 0.100000
vn 0.000000 0.000000 0.100000
vn 0.000000 0.000000 0.100000
vn 0.000000 0.000000 0.100000
vn 0.000000 0.000000 0.100000
vn 0.000000 0.000000 0.100000
vn 0.000000 0.000000 0.100000
vn 0.000000 0.000000 0.100000
vn 0.000000 0.000000 0.100000
vn 0.000000 0.000000 0.100000
vn 0.000000 0.000000 0.100000
vn 0.000000 0.000000 0.100000
vn 0.000000 0.070711 0.070711
vn -0.030680 0.063708 0.070711
vn -0.055284 0.044087 0.070711
vn -0.068938 0.015735 0.070711
vn -0.068938 -0.015735 0.070711
vn -0.055284 -0.044087 0.070711
vn -0.030680 -0.063708 0.070711
vn 0.000000 -0.070711 0.070711
vn 0.030680 -0.063708 0.070711
vn 0.055284 -0.044087 0.070711
vn 0.068938 -0.015735 0.070711
vn 0.068938 0.015735 0.070711
vn 0.055284 0.044087 0.070711
vn 0.030680 0.063708 0.070711
vn 0.000000 0.070711 0.070711
vn 0.032861 0.062611 0.070711
vn 0.058194 0.040168 0.070711
vn 0.070195 0.008523 0.070711
vn 0.066116 -0.025074 0.070711
vn 0.046890 -0.052928 0.070711
vn 0.016922 -0.068656 0.070711
vn -0.016922 -0.068656 0.070711
vn -0.046890 -0.052928 0.070711
vn -0.066116 -0.025074 0.070711
vn -0.070195 0.008523 0.070711
vn -0.058194 0.040168 0.070711
vn -0.032861 0.062611 0.070711
vn 0.000000 -0.070711 0.070711
vn 0.000000 -0.070711 0.070711
vn 0.016922 -0.068656 0.070711
vn 0.016922 -0.068656 0.070711
vn 0.000000 0.100000 0.000000
vn -0.046472 0.088546 0.000000
vn -0.082298 0.056806 0.000000
vn -0.099271 0.012054 0.000000
vn -0.093502 -0.035460 0.000000
vn -0.066312 -0.074851 0.000000
vn -0.023932 -0.097094 0.000000
vn 0.023932 -0.097094 0.000000
vn 0.066312 -0.074851 0.000000
vn 0.093502 -0.035460 0.000000
vn 0.099271 0.012054 0.000000
vn 0.082298 0.056806 0.000000
vn 0.046472 0.088546 0.000000
vn -0.100000 0.000000 0.000000
vn -0.088546 0.046472 0.000000
vn -0.056806 0.082298 0.000000
vn -0.012054 0.099271 0.000000
vn 0.035460 0.093502 0.000000
vn 0.074851 0.066312 0.000000
vn 0.097094 0.023932 0.000000
vn 0.097094 -0.023932 0.000000
vn 0.074851 -0.066312 0.000000
vn 0.035460 -0.093502 0.000000
vn -0.012054 -0.099271 0.000000
vn -0.056806 -0.082298 0.000000
vn -0.088546 -0.046472 0.000000
vn 0.097094 0.023932 0.000000
vn 0.097094 0.023932 0.000000
vn 0.099271 0.012054 0.000000
vn 0.099271 0.012054 0.000000
vn 0.000000 0.000000 0.100000
vn 0.000000 0.000000 0.100000
vn 0.000000 0.000000 0.100000
vn 0.000000 0.000000 0.100000
vn 0.000000 0.000000 0.100000
vn 0.000000 0.000000 0.100000
vn 0.000000 0.000000 0.100000
vn 0.000000 0.000000 0.100000
vn 0.000000 0.000000 0.100000
vn 0.000000 0.000000 0.100000
vn 0.000000 0.000000 0.100000
vn 0.000000 0.000000 0.100000
vn 0.000000 0.000000 0.100000
vn -0.100000 0.000000 0.000000
vn -0.100000 0.000000 0.000000
vn -0.094098 -0.033846 0.000000
vn -0.077089 -0.063697 0.000000
vn -0.050980 -0.086029 0.000000
vn -0.050980 -0.086029 0.000000
vn -0.077089 -0.063697 0.000000
vn -0.094098 -0.033846 0.000000
vn -0.100000 0.000000 0.000000
vn -0.100000 0.000000 0.000000
vn -0.100000 0.000000 0.000000
vn -0.100000 0.000000 0.000000
vn -0.100000 0.000000 0.000000
vn -0.100000 0.000000 0.000000
vn 0.000000 0.100000 0.000000
vn 0.000000 0.100000 0.000000
vn -0.050000 0.086603 0.000000
vn -0.086603 0.050000 0.000000
vn -0.100000 0.000000 0.000000
vn -0.100000 0.000000 0.000000
vn -0.086603 0.050000 0.000000
vn -0.050000 0.086603 0.000000
vn 0.000000 0.100000 0.000000
vn 0.000000 0.100000 0.000000
vn 0.000000 0.100000 0.000000
vn 0.000000 0.100000 0.000000
vn 0.000000 0.000000 0.100000
vn 0.000000 0.000000 0.100000
vn 0.000000 0.000000 0.100000
vn 0.000000 0.000000 0.100000
vn 0.000000 0.000000 0.100000
vn 0.000000 0.000000 0.100000
vn 0.000000 0.000000 0.100000
vn 0.000000 0.000000 0.100000
vn 0.000000 0.000000 0.100000
vn 0.000000 0.000000 0.100000
vn 0.000000 0.000000 0.100000
vn 0.000000 0.000000 0.100000
vn 0.000000 0.000000 0.100000
vn 0.000000 0.000000 0.100000
vn 0.000000 0.000000 0.100000
vn 0.000000 0.000000 0.100000
vn 0.000000 0.000000 0.100000
vn 0.000000 0.000000 0.100000
vn 0.000000 0.000000 0.100000
vn 0.000000 0.000000 0.100000
vn 0.000000 0.000000 0.100000
vn 0.000000 0.000000 0.100000
vn 0.000000 0.000000 0.100000
vn 0.000000 0.000000 0.100000
vn 0.000000 0.000000 0.100000
vn 0.000000 0.000000 0.100000
vn 0.000000 0.000000 0.100000
vn 0.000000 0.000000 0.100000
vn 0.000000 0.000000 0.100000
vn 0.000000 0.000000 0.100000
vn 0.000000 0.000000 0.100000
vn 0.000000 0.000000 0.100000
vn 0.000000 0.000000 0.100000
vn 0.000000 0.000000 0.100000
vn 0.000000 0.000000 0.100000
vn 0.000000 0.000000 0.100000
vn 0.000000 0.000000 0.100000
vn 0.000000 0.000000 0.100000
vn 0.000000 0.000000 0.100000
vn 0.000000 0.000000 0.100000
vn 0.000000 0.000000 0.100000
vn 0.000000 0.000000 0.100000
vn 0.000000 0.000000 0.100000
vn 0.000000 0.000000 0.100000
vn 0.000000 0.000000 0.100000
vn 0.000000 0.000000 0.100000
vn 0.000000 0.000000 0.100000
vn 0.000000 0.000000 0.100000
vn 0.000000 0.000000 0.100000
vn 0.000000 0.000000 0.100000
vn 0.000000 0.000000 0.100000
vn 0.000000 0.000000 0.100000
vn 0.000000 0.000000 0.100000
vn 0.000000 0.000000 0.100000
vn 0.000000 0.000000 0.100000
vn 0.000000 0.000000 0.100000
vn 0.000000 0.000000 0.100000
vn 0.000000 0.000000 0.100000
vn 0.000000 0.000000 0.100000
vn 0.000000 0.000000 0.100000
vn 0.000000 0.000000 0.100000
vn 0.000000 0.000000 0.100000
vn 0.000000 0.000000 0.100000
vn 0.000000 0.000000 0.100000
vn 0.000000 0.000000 0.100000
vn 0.000000 0.000000 0.100000
vn 0.000000 0.000000 0.100000
vn 0.000000 0.000000 0.100000
vn 0.000000 0.000000 0.100000
vn 0.000000 0.000000 0.100000
vn 0.000000 0.000000 0.100000
vn 0.000000 0.000000 0.100000
vn 0.000000 0.000000 0.100000
vn 0.000000 0.000000 0.100000
vn 0.000000 0.000000 0.100000
vn 0.000000 0.000000 0.100000
vn 0.000000 0.000000 0.100000
vn 0.000000 0.000000 0.100000
vn 0.000000 0.000000 0.100000
vn 0.000000 0.000000 0.100000
vn 0.000000 0.000000 0.100000
vn 0.000000 0.000000 0.100000
vn 0.000000 0.000000 0.100000
vn 0.000000 0.000000 0.100000
vn 0.000000 0.100000 0.000000
vn 0.000000 0.100000 0.000000
vn 0.000000 0.100000 0.000000
vn 0.000000 0.100000 0.000000
vn 0.000000 0.100000 0.000000
vn 0.000000 0.100000 0.000000
vn -0.024662 0.096911 0.000000
vn -0.047801 0.087835 0.000000
vn -0.067987 0.073333 0.000000
vn -0.067987 0.073333 0.000000
vn -0.036515 0.093095 0.000000
vn 0.000000 0.100000 0.000000
vn 0.000000 0.100000 0.000000
vn 0.000000 0.093095 0.036515
vn 0.000000 0.073333 0.067987
vn 0.000000 0.037570 0.092674
vn 0.000000 0.000000 0.100000
vn 0.000000 0.000000 0.100000
vn 0.000000 0.050000 0.086603
vn 0.000000 0.086603 0.050000
vn 0.000000 0.000000 0.100000
vn 0.050000 0.000000 0.086603
vn 0.086603 0.000000 0.050000
vn 0.100000 0.000000 0.000000
vn 0.086603 0.050000 0.000000
vn 0.050000 0.086603 0.000000
vn 0.000000 0.100000 0.000000
vn 0.000000 0.086603 0.050000
vn 0.000000 0.050000 0.086603
vn 0.043301 0.050000 0.075000
vn 0.025000 0.086603 0.043301
vn 0.075000 0.050000 0.043301
vn 0.043301 0.086603 0.025000
vn 0.100000 0.000000 0.000000
vn 0.100000 0.000000 0.000000
vn 0.086603 0.000000 0.050000
vn 0.050000 0.000000 0.086603
vn 0.000000 0.000000 0.100000
vn 0.000000 0.000000 0.100000
vn 0.050000 0.000000 0.086603
vn 0.086603 0.000000 0.050000
vn 0.100000 0.000000 0.000000
vn 0.100000 0.000000 0.000000
vn 0.100000 0.000000 0.000000
vn 0.100000 0.000000 0.000000
vn 0.100000 0.000000 0.000000
vn 0.100000 0.000000 0.000000
vn 0.050980 -0.086029 0.000000
vn 0.050980 -0.086029 0.000000
vn 0.077089 -0.063697 0.000000
vn 0.094098 -0.033846 0.000000
vn 0.100000 0.000000 0.000000
vn 0.100000 0.000000 0.000000
vn 0.094098 -0.033846 0.000000
vn 0.077089 -0.063697 0.000000
vn 0.086029 -0.050980 0.000000
vn 0.098885 -0.014891 0.000000
vn 0.097228 0.023383 0.000000
vn 0.081300 0.058226 0.000000
vn 0.053441 0.084523 0.000000
vn 0.017738 0.098414 0.000000
vn -0.020569 0.097862 0.000000
vn -0.055857 0.082946 0.000000
vn -0.082946 0.055857 0.000000
vn -0.097862 0.020569 0.000000
vn -0.098414 -0.017738 0.000000
vn -0.084523 -0.053441 0.000000
vn -0.058226 -0.081300 0.000000
vn -0.023383 -0.097228 0.000000
vn 0.014891 -0.098885 0.000000
vn 0.050980 -0.086029 0.000000
vn 0.050980 -0.086029 0.000000
vn 0.064568 -0.076361 0.000000
vn 0.076361 -0.064568 0.000000
vn 0.086029 -0.050980 0.000000
vn 0.000000 -0.100000 0.000000
vn -0.038268 -0.092388 0.000000
vn -0.070711 -0.070711 0.000000
vn -0.092388 -0.038268 0.000000
vn -0.100000 0.000000 0.000000
vn -0.092388 0.038268 0.000000
vn -0.070711 0.070711 0.000000
vn -0.038268 0.092388 0.000000
vn 0.000000 0.100000 0.000000
vn 0.038268 0.092388 0.000000
vn 0.070711 0.070711 0.000000
vn 0.092388 0.038268 0.000000
vn 0.100000 0.000000 0.000000
vn 0.092388 -0.038268 0.000000
vn 0.070711 -0.070711 0.000000
vn 0.038268 -0.092388 0.000000
vn -0.023383 -0.097228 0.000000
vn -0.023383 -0.097228 0.000000
vn 0.000000 -0.100000 0.000000
vn 0.000000 -0.100000 0.000000
vn 0.000000 0.000000 0.100000
vn 0.000000 0.000000 0.100000
vn 0.000000 0.000000 0.100000
vn 0.000000 0.000000 0.100000
vn 0.000000 0.000000 0.100000
vn 0.000000 0.000000 0.100000
vn 0.000000 0.000000 0.100000
vn 0.000000 0.000000 0.100000
vn 0.000000 0.000000 0.100000
vn 0.000000 0.000000 0.100000
vn 0.000000 0.000000 0.100000
vn 0.000000 0.000000 0.100000
vn 0.000000 0.000000 0.100000
vn 0.000000 0.000000 0.100000
vn 0.000000 0.000000 0.100000
vn 0.000000 0.000000 0.100000
vn 0.000000 0.000000 0.100000
vn 0.000000 0.000000 0.100000
vn 0.000000 0.000000 0.100000
vn 0.000000 0.000000 0.100000
vn 0.000000 0.000000 0.100000
vn 0.000000 0.000000 0.100000
vn 0.000000 0.000000 0.100000
vn 0.000000 0.000000 0.100000
vn 0.000000 0.000000 0.100000
vn 0.000000 0.000000 0.100000
vn 0.000000 0.000000 0.100000
vn 0.000000 0.000000 0.100000
vn 0.000000 0.000000 0.100000
vn 0.000000 0.000000 0.100000
vn 0.000000 0.070711 0.070711
vn -0.030680 0.063708 0.070711
vn -0.055284 0.044087 0.070711
vn -0.068938 0.015735 0.070711
vn -0.068938 -0.015735 0.070711
vn -0.055284 -0.044087 0.070711
vn -0.030680 -0.063708 0.070711
vn 0.000000 -0.070711 0.070711
vn 0.030680 -0.063708 0.070711
vn 0.055284 -0.044087 0.070711
vn 0.068938 -0.015735 0.070711
vn 0.068938 0.015735 0.070711
vn 0.055284 0.044087 0.070711
vn 0.030680 0.063708 0.070711
vn 0.000000 0.070711 0.070711
vn 0.032861 0.062611 0.070711
vn 0.058194 0.040168 0.070711
vn 0.070195 0.008523 0.070711
vn 0.066116 -0.025074 0.070711
vn 0.046890 -0.052928 0.070711
vn 0.016922 -0.068656 0.070711
vn -0.016922 -0.068656 0.070711
vn -0.046890 -0.052928 0.070711
vn -0.066116 -0.025074 0.070711
vn -0.070195 0.008523 0.070711
vn -0.058194 0.040168 0.070711
vn -0.032861 0.062611 0.070711
vn 0.000000 -0.070711 0.070711
vn 0.000000 -0.070711 0.070711
vn 0.016922 -0.068656 0.070711
vn 0.016922 -0.068656 0.070711
vn 0.000000 0.100000 0.000000
vn -0.046472 0.088546 0.000000
vn -0.082298 0.056806 0.000000
vn -0.099271 0.012054 0.000000
vn -0.093502 -0.035460 0.000000
vn -0.066312 -0.074851 0.000000
vn -0.023932 -0.097094 0.000000
vn 0.023932 -0.097094 0.000000
vn 0.066312 -0.074851 0.000000
vn 0.093502 -0.035460 0.000000
vn 0.099271 0.012054 0.000000
vn 0.082298 0.056806 0.000000
vn 0.046472 0.088546 0.000000
vn -0.100000 0.000000 0.000000
vn -0.088546 0.046472 0.000000
vn -0.056806 0.082298 0.000000
vn -0.012054 0.099271 0.000000
vn 0.035460 0.093502 0.000000
vn 0.074851 0.066312 0.000000
vn 0.097094 0.023932 0.000000
vn 0.097094 -0.023932 0.000000
vn 0.074851 -0.066312 0.000000
vn 0.035460 -0.093502 0.000000
vn -0.012054 -0.099271 0.000000
vn -0.056806 -0.082298 0.000000
vn -0.088546 -0.046472 0.000000
vn 0.097094 0.023932 0.000000
vn 0.097094 0.023932 0.000000
vn 0.099271 0.012054 0.000000
vn 0.099271 0.012054 0.000000
vn 0.000000 0.000000 0.100000
vn 0.000000 0.000000 0.100000
vn 0.000000 0.000000 0.100000
vn 0.000000 0.000000 0.100000
vn 0.000000 0.000000 0.100000
vn 0.000000 0.000000 0.100000
vn 0.000000 0.000000 0.100000
vn 0.000000 0.000000 0.100000
vn 0.000000 0.000000 0.100000
vn 0.000000 0.000000 0.100000
vn 0.000000 0.000000 0.100000
vn 0.000000 0.000000 0.100000
vn 0.000000 0.000000 0.100000
vn 0.000000 -0.100000 0.000000
vn 0.000000 -0.100000 0.000000
vn 0.033846 -0.094098 0.000000
vn 0.063697 -0.077089 0.000000
vn 0.086029 -0.050980 0.000000
vn 0.086029 -0.050980 0.000000
vn 0.063697 -0.077089 0.000000
vn 0.033846 -0.094098 0.000000
vn 0.000000 0.000000 0.100000
vn 0.000000 -0.050000 0.086603
vn 0.000000 -0.086603 0.050000
vn 0.000000 -0.100000 0.000000
vn 0.033846 -0.094098 0.000000
vn 0.063697 -0.077089 0.000000
vn 0.086029 -0.050980 0.000000
vn 0.074503 -0.044150 0.050000
vn 0.043015 -0.025490 0.086603
vn 0.020939 -0.062742 0.075000
vn 0.061758 -0.065658 0.043301
vn 0.004779 -0.090012 0.043301
vn 0.052428 -0.081402 0.025000
vn 0.000000 -0.100000 0.000000
vn 0.000000 -0.100000 0.000000
vn 0.000000 -0.086603 0.050000
vn 0.000000 -0.050000 0.086603
vn 0.000000 0.000000 0.100000
vn 0.000000 0.000000 0.100000
vn 0.000000 -0.050000 0.086603
vn 0.000000 -0.086603 0.050000
vn 0.000000 -0.100000 0.000000
vn 0.000000 -0.086603 0.050000
vn 0.000000 -0.050000 0.086603
vn 0.000000 0.000000 0.100000
vn -0.043015 -0.025490 0.086603
vn -0.074503 -0.044150 0.050000
vn -0.086029 -0.050980 0.000000
vn -0.063697 -0.077089 0.000000
vn -0.033846 -0.094098 0.000000
vn -0.004779 -0.090012 0.043301
vn -0.052428 -0.081402 0.025000
vn -0.020939 -0.062742 0.075000
vn -0.061758 -0.065658 0.043301
vn 0.000000 0.000000 0.100000
vn 0.000000 0.000000 0.100000
vn 0.000000 0.000000 0.100000
vn 0.000000 0.000000 0.100000
vn -0.025490 -0.043015 0.086603
vn -0.044150 -0.074503 0.050000
vn -0.050980 -0.086029 0.000000
vn -0.064568 -0.076361 0.000000
vn -0.076361 -0.064568 0.000000
vn -0.086029 -0.050980 0.000000
vn -0.074503 -0.044150 0.050000
vn -0.043015 -0.025490 0.086603
vn -0.035355 -0.035355 0.086603
vn -0.061237 -0.061237 0.050000
vn 0.000000 0.000000 0.100000
vn 0.000000 0.000000 0.100000
vn 0.000000 0.000000 0.100000
vn 0.000000 0.000000 0.100000
vn 0.000000 0.000000 0.100000
vn 0.000000 0.000000 0.100000
vn 0.000000 0.000000 0.100000
vn 0.000000 0.000000 0.100000
vn 0.000000 0.000000 0.100000
vn 0.000000 0.000000 0.100000
vn 0.000000 0.000000 0.100000
vn 0.000000 0.000000 0.100000
vn 0.000000 0.000000 0.100000
vn 0.000000 0.000000 0.100000
vn 0.000000 0.000000 0.100000
vn 0.000000 0.000000 0.100000
vn 0.000000 0.000000 0.100000
vn 0.000000 0.000000 0.100000
vn 0.000000 0.000000 0.100000
vn 0.000000 0.000000 0.100000
vn 0.000000 0.000000 0.100000
vn 0.000000 0.000000 0.100000
vn 0.000000 0.000000 0.100000
vn 0.000000 0.000000 0.100000
vn 0.000000 0.000000 0.100000
vn 0.000000 0.000000 0.100000
vn 0.000000 0.000000 0.100000
vn 0.000000 0.000000 0.100000
vn 0.043015 -0.025490 0.086603
vn 0.074503 -0.044150 0.050000
vn 0.086029 -0.050980 0.000000
vn 0.076361 -0.064568 0.000000
vn 0.064568 -0.076361 0.000000
vn 0.050980 -0.086029 0.000000
vn 0.044150 -0.074503 0.050000
vn 0.025490 -0.043015 0.086603
vn 0.035355 -0.035355 0.086603
vn 0.061237 -0.061237 0.050000
vn 0.000000 0.000000 0.100000
vn 0.025490 -0.043015 0.086603
vn 0.044150 -0.074503 0.050000
vn 0.050980 -0.086029 0.000000
vn 0.077089 -0.063697 0.000000
vn 0.094098 -0.033846 0.000000
vn 0.100000 0.000000 0.000000
vn 0.086603 0.000000 0.050000
vn 0.050000 0.000000 0.086603
vn 0.050000 -0.043301 0.075000
vn 0.086603 -0.025000 0.043301
vn 0.050000 -0.075000 0.043301
vn 0.086603 -0.043301 0.025000
vn -0.100000 0.000000 0.000000
vn -0.100000 0.000000 0.000000
vn -0.086603 0.000000 0.050000
vn -0.050000 0.000000 0.086603
vn 0.000000 0.000000 0.100000
vn 0.000000 0.000000 0.100000
vn -0.050000 0.000000 0.086603
vn -0.086603 0.000000 0.050000
vn -0.100000 0.000000 0.000000
vn -0.086603 0.000000 0.050000
vn -0.050000 0.000000 0.086603
vn 0.000000 0.000000 0.100000
vn 0.000000 0.050000 0.086603
vn 0.000000 0.086603 0.050000
vn 0.000000 0.100000 0.000000
vn -0.050000 0.086603 0.000000
vn -0.086603 0.050000 0.000000
vn -0.050000 0.043301 0.075000
vn -0.086603 0.025000 0.043301
vn -0.050000 0.075000 0.043301
vn -0.086603 0.043301 0.025000
vn 0.000000 0.000000 0.100000
vn 0.000000 0.000000 0.100000
vn 0.000000 0.037570 0.092674
vn 0.000000 0.073333 0.067987
vn 0.000000 0.093095 0.036515
vn 0.000000 0.100000 0.000000
vn 0.000000 0.100000 0.000000
vn 0.000000 0.086603 0.050000
vn 0.000000 0.050000 0.086603
vn 0.067987 0.073333 0.000000
vn 0.067987 0.073333 0.000000
vn 0.047801 0.087835 0.000000
vn 0.024662 0.096911 0.000000
vn 0.000000 0.100000 0.000000
vn 0.000000 0.100000 0.000000
vn 0.036515 0.093095 0.000000
vn -0.067987 0.073333 0.000000
vn -0.067987 0.073333 0.000000
vn -0.056305 0.082643 0.000000
vn -0.043366 0.090108 0.000000
vn -0.029460 0.095562 0.000000
vn -0.014896 0.098884 0.000000
vn 0.000000 0.100000 0.000000
vn 0.014896 0.098884 0.000000
vn 0.029460 0.095562 0.000000
vn 0.043366 0.090108 0.000000
vn 0.056305 0.082643 0.000000
vn 0.067987 0.073333 0.000000
vn 0.067987 0.073333 0.000000
vn 0.065123 0.075888 0.000000
vn 0.061859 0.078571 0.000000
vn 0.049578 0.086845 0.000000
vn 0.036211 0.093214 0.000000
vn 0.022049 0.097539 0.000000
vn 0.007404 0.099726 0.000000
vn -0.007404 0.099726 0.000000
vn -0.022049 0.097539 0.000000
vn -0.036211 0.093214 0.000000
vn -0.049578 0.086845 0.000000
vn -0.061859 0.078571 0.000000
vn -0.065123 0.075888 0.000000
vn -0.050980 -0.086029 0.000000
vn -0.044150 -0.074503 0.050000
vn -0.025490 -0.043015 0.086603
vn 0.000000 0.000000 0.100000
vn -0.050000 0.000000 0.086603
vn -0.086603 0.000000 0.050000
vn -0.100000 0.000000 0.000000
vn -0.094098 -0.033846 0.000000
vn -0.077089 -0.063697 0.000000
vn -0.062742 -0.020939 0.075000
vn -0.065658 -0.061758 0.043301
vn -0.090012 -0.004779 0.043301
vn -0.081402 -0.052428 0.025000
vn 0.100000 0.000000 0.000000
vn 0.100000 0.000000 0.000000
vn 0.100000 0.000000 0.000000
vn 0.100000 0.000000 0.000000
vn 0.000000 -0.100000 0.000000
vn 0.000000 -0.100000 0.000000
vn 0.000000 -0.100000 0.000000
vn 0.000000 -0.100000 0.000000
vn -0.100000 0.000000 0.000000
vn -0.100000 0.000000 0.000000
vn -0.100000 0.000000 0.000000
vn -0.100000 0.000000 0.000000
vn 0.000000 0.100000 0.000000
vn 0.000000 0.100000 0.000000
vn 0.000000 0.100000 0.000000
vn 0.000000 0.100000 0.000000
vn 0.000000 0.000000 0.100000
vn 0.000000 0.000000 0.100000
vn 0.000000 0.000000 0.100000
vn 0.000000 0.000000 0.100000
vn 0.100000 0.000000 0.000000
vn 0.100000 0.000000 0.000000
vn 0.086603 0.050000 0.000000
vn 0.050000 0.086603 0.000000
vn 0.000000 0.100000 0.000000
vn 0.000000 0.100000 0.000000
vn 0.050000 0.086603 0.000000
vn 0.086603 0.050000 0.000000
vn 0.000000 0.100000 0.000000
vn 0.000000 0.100000 0.000000
vn 0.000000 0.100000 0.000000
vn 0.000000 0.100000 0.000000
vn 0.000000 0.100000 0.000000
vn 0.000000 0.100000 0.000000
vn 0.000000 0.100000 0.000000
vn 0.000000 0.100000 0.000000
vn 0.000000 0.100000 0.000000
vn 0.100000 0.000000 0.000000
vn 0.099755 0.006990 0.000000
vn 0.099023 0.013946 0.000000
vn 0.097806 0.020833 0.000000
vn 0.090083 0.019588 0.038747
vn 0.068345 0.015792 0.071271
vn 0.036513 0.009298 0.092630
vn 0.000000 0.000000 0.100000
vn 0.000000 0.000000 0.100000
vn 0.000000 0.000000 0.100000
vn 0.000000 0.000000 0.100000
vn 0.038268 0.000000 0.092388
vn 0.070711 0.000000 0.070711
vn 0.092388 0.000000 0.038268
vn 0.037891 0.005360 0.092388
vn 0.091482 0.012903 0.038268
vn 0.070016 0.009890 0.070711
vn 0.100000 0.000000 0.000000
vn 0.098079 0.019509 0.000000
vn 0.092388 0.038268 0.000000
vn 0.083147 0.055557 0.000000
vn 0.070711 0.070711 0.000000
vn 0.055557 0.083147 0.000000
vn 0.038268 0.092388 0.000000
vn 0.019509 0.098079 0.000000
vn 0.000000 0.100000 0.000000
vn 0.000000 0.100000 0.000000
vn 0.004176 0.099913 0.000000
vn 0.008345 0.099651 0.000000
vn 0.012500 0.099216 0.000000
vn 0.012500 0.099216 0.000000
vn 0.032524 0.094563 0.000000
vn 0.051173 0.085915 0.000000
vn 0.067659 0.073636 0.000000
vn 0.081287 0.058245 0.000000
vn 0.091479 0.040393 0.000000
vn 0.097806 0.020833 0.000000
vn 0.099023 0.013946 0.000000
vn 0.099755 0.006990 0.000000
vn 0.100000 0.000000 0.000000
vn 0.000000 0.000000 -0.100000
vn 0.000000 0.000000 -0.100000
vn 0.000000 0.000000 -0.100000
vn 0.000000 0.000000 -0.100000
vn 0.000000 0.000000 -0.100000
vn 0.000000 0.000000 -0.100000
vn 0.000000 0.000000 -0.100000
vn 0.000000 0.000000 -0.100000
vn 0.000000 0.000000 -0.100000
vn 0.000000 0.000000 -0.100000
vn 0.000000 0.000000 -0.100000
vn 0.000000 0.000000 -0.100000
vn 0.000000 0.000000 -0.100000
vn 0.000000 0.000000 -0.100000
vn 0.000000 0.000000 -0.100000
vn 0.000000 0.000000 -0.100000
vn 0.000000 0.000000 -0.100000
vn 0.000000 0.000000 -0.100000
vn 0.000000 0.000000 -0.100000
vn 0.000000 0.000000 -0.100000
vn 0.000000 0.000000 -0.100000
vn 0.000000 0.000000 -0.100000
vn 0.000000 0.100000 0.000000
vn 0.000000 0.100000 0.000000
vn 0.000000 0.100000 0.000000
vn 0.000000 0.100000 0.000000
vn 0.000000 0.100000 0.000000
vn 0.000000 0.100000 0.000000
vn 0.000000 0.100000 0.000000
vn 0.000000 0.100000 0.000000
vn -0.100000 0.000000 0.000000
vn -0.100000 0.000000 0.000000
vn -0.100000 0.000000 0.000000
vn -0.100000 0.000000 0.000000
vn -0.100000 0.000000 0.000000
vn -0.100000 0.000000 0.000000
vn -0.100000 0.000000 0.000000
vn -0.100000 0.000000 0.000000
vn -0.100000 0.000000 0.000000
vn -0.100000 0.000000 0.000000
vn -0.100000 0.000000 0.000000
vn -0.100000 0.000000 0.000000
vn -0.100000 0.000000 0.000000
vn -0.100000 0.000000 0.000000
vn 0.001093 -0.099994 0.000000
vn 0.018380 -0.098296 0.000000
vn 0.035113 -0.093633 0.000000
vn 0.050787 -0.086144 0.000000
vn 0.064928 -0.076055 0.000000
vn 0.077109 -0.063672 0.000000
vn 0.086965 -0.049368 0.000000
vn 0.094196 -0.033574 0.000000
vn 0.098584 -0.016767 0.000000
vn 0.099999 0.000546 0.000000
vn 0.098395 0.017843 0.000000
vn 0.093823 0.034601 0.000000
vn 0.086420 0.050315 0.000000
vn 0.076409 0.064511 0.000000
vn 0.064093 0.076760 0.000000
vn 0.049842 0.086693 0.000000
vn 0.034088 0.094011 0.000000
vn 0.017305 0.098491 0.000000
vn 0.000000 0.100000 0.000000
vn -0.017305 0.098491 0.000000
vn -0.034088 0.094011 0.000000
vn -0.049842 0.086693 0.000000
vn -0.064093 0.076760 0.000000
vn -0.076409 0.064511 0.000000
vn -0.086420 0.050315 0.000000
vn -0.093823 0.034601 0.000000
vn -0.098395 0.017843 0.000000
vn -0.099999 0.000546 0.000000
vn -0.098584 -0.016767 0.000000
vn -0.094196 -0.033574 0.000000
vn -0.086965 -0.049368 0.000000
vn -0.077109 -0.063672 0.000000
vn -0.064928 -0.076055 0.000000
vn -0.050787 -0.086144 0.000000
vn -0.035113 -0.093633 0.000000
vn -0.018380 -0.098296 0.000000
vn -0.001093 -0.099994 0.000000
vn -0.001093 -0.099994 0.000000
vn -0.000364 -0.099999 0.000000
vn 0.000364 -0.099999 0.000000
vn 0.001093 -0.099994 0.000000
vn -0.100000 0.000000 0.000000
vn -0.098481 0.017365 0.000000
vn -0.093969 0.034202 0.000000
vn -0.086603 0.050000 0.000000
vn -0.076604 0.064279 0.000000
vn -0.064279 0.076604 0.000000
vn -0.050000 0.086603 0.000000
vn -0.034202 0.093969 0.000000
vn -0.017365 0.098481 0.000000
vn 0.000000 0.100000 0.000000
vn 0.017365 0.098481 0.000000
vn 0.034202 0.093969 0.000000
vn 0.050000 0.086603 0.000000
vn 0.064279 0.076604 0.000000
vn 0.076604 0.064279 0.000000
vn 0.086603 0.050000 0.000000
vn 0.093969 0.034202 0.000000
vn 0.098481 0.017365 0.000000
vn 0.100000 0.000000 0.000000
vn 0.098481 -0.017365 0.000000
vn 0.093969 -0.034202 0.000000
vn 0.086603 -0.050000 0.000000
vn 0.076604 -0.064279 0.000000
vn 0.064279 -0.076604 0.000000
vn 0.050000 -0.086603 0.000000
vn 0.034202 -0.093969 0.000000
vn 0.017365 -0.098481 0.000000
vn 0.000000 -0.100000 0.000000
vn -0.017365 -0.098481 0.000000
vn -0.034202 -0.093969 0.000000
vn -0.050000 -0.086603 0.000000
vn -0.064279 -0.076604 0.000000
vn -0.076604 -0.064279 0.000000
vn -0.086603 -0.050000 0.000000
vn -0.093969 -0.034202 0.000000
vn -0.098481 -0.017365 0.000000
vn 0.098584 -0.016767 0.000000
vn 0.098584 -0.016767 0.000000
vn 0.100000 0.000000 0.000000
vn 0.100000 0.000000 0.000000
vn 0.000000 0.000000 0.100000
vn 0.000000 0.000000 0.100000
vn 0.000000 0.000000 0.100000
vn 0.000000 0.000000 0.100000
vn 0.000000 0.000000 0.100000
vn 0.000000 0.000000 0.100000
vn 0.000000 0.000000 0.100000
vn 0.000000 0.000000 0.100000
vn 0.000000 0.000000 0.100000
vn 0.000000 0.000000 0.100000
vn 0.000000 0.000000 0.100000
vn 0.000000 0.000000 0.100000
vn 0.000000 0.000000 0.100000
vn 0.000000 0.000000 0.100000
vn 0.000000 0.000000 0.100000
vn 0.000000 0.000000 0.100000
vn 0.000000 0.000000 0.100000
vn 0.000000 0.000000 0.100000
vn 0.000000 0.000000 0.100000
vn 0.000000 0.000000 0.100000
vn 0.000000 0.000000 0.100000
vn 0.000000 0.000000 0.100000
vn 0.000000 0.000000 0.100000
vn 0.000000 0.000000 0.100000
vn 0.000000 0.000000 0.100000
vn 0.000000 0.000000 0.100000
vn 0.000000 0.000000 0.100000
vn 0.000000 0.000000 0.100000
vn 0.000000 0.000000 0.100000
vn 0.000000 0.000000 0.100000
vn 0.000000 0.000000 0.100000
vn 0.000000 0.000000 0.100000
vn 0.000000 0.000000 0.100000
vn 0.000000 0.000000 0.100000
vn 0.000000 0.000000 0.100000
vn 0.000000 0.000000 0.100000
vn 0.000000 0.000000 0.100000
vn 0.000000 0.000000 0.100000
vn 0.000000 0.000000 0.100000
vn 0.000000 0.000000 0.100000
vn 0.000000 0.000000 0.100000
vn 0.000000 0.000000 0.100000
vn 0.000000 0.000000 0.100000
vn 0.000000 0.000000 0.100000
vn 0.000000 0.000000 0.100000
vn 0.000000 0.000000 0.100000
vn 0.000000 0.000000 0.100000
vn 0.000000 0.000000 0.100000
vn 0.000000 0.000000 0.100000
vn 0.000000 0.000000 0.100000
vn 0.000000 0.000000 0.100000
vn 0.000000 0.000000 0.100000
vn 0.000000 0.000000 0.100000
vn 0.000000 0.000000 0.100000
vn 0.000000 0.000000 0.100000
vn 0.000000 0.000000 0.100000
vn 0.000000 0.000000 0.100000
vn 0.000000 0.000000 0.100000
vn 0.000000 0.000000 0.100000
vn 0.000000 0.000000 0.100000
vn 0.000000 0.000000 0.100000
vn 0.000000 0.000000 0.100000
vn 0.000000 0.000000 0.100000
vn 0.000000 0.000000 0.100000
vn 0.000000 0.000000 0.100000
vn 0.000000 0.000000 0.100000
vn 0.000000 0.000000 0.100000
vn 0.100000 0.000000 0.000000
vn 0.097953 -0.020130 0.000000
vn 0.091896 -0.039436 0.000000
vn 0.082076 -0.057127 0.000000
vn 0.068897 -0.072479 0.000000
vn 0.052896 -0.084864 0.000000
vn 0.034731 -0.093775 0.000000
vn 0.015143 -0.098847 0.000000
vn -0.005065 -0.099872 0.000000
vn -0.025065 -0.096808 0.000000
vn -0.044039 -0.089780 0.000000
vn -0.061211 -0.079078 0.000000
vn -0.075876 -0.065137 0.000000
vn -0.087435 -0.048530 0.000000
vn -0.095414 -0.029936 0.000000
vn -0.099487 -0.010117 0.000000
vn -0.099487 0.010117 0.000000
vn -0.095414 0.029936 0.000000
vn -0.087435 0.048530 0.000000
vn -0.075876 0.065137 0.000000
vn -0.061211 0.079078 0.000000
vn -0.044039 0.089780 0.000000
vn -0.025065 0.096808 0.000000
vn -0.005065 0.099872 0.000000
vn 0.015143 0.098847 0.000000
vn 0.034731 0.093775 0.000000
vn 0.052896 0.084864 0.000000
vn 0.068897 0.072479 0.000000
vn 0.082076 0.057127 0.000000
vn 0.091896 0.039436 0.000000
vn 0.097953 0.020130 0.000000
vn 0.100000 0.000000 0.000000
vn 0.097953 0.020130 0.000000
vn 0.091896 0.039436 0.000000
vn 0.082076 0.057127 0.000000
vn 0.068897 0.072479 0.000000
vn 0.052896 0.084864 0.000000
vn 0.034731 0.093775 0.000000
vn 0.015143 0.098847 0.000000
vn -0.005065 0.099872 0.000000
vn -0.025065 0.096808 0.000000
vn -0.044039 0.089780 0.000000
vn -0.061211 0.079078 0.000000
vn -0.075876 0.065137 0.000000
vn -0.087435 0.048530 0.000000
vn -0.095414 0.029936 0.000000
vn -0.099487 0.010117 0.000000
vn -0.099487 -0.010117 0.000000
vn -0.095414 -0.029936 0.000000
vn -0.087435 -0.048530 0.000000
vn -0.075876 -0.065137 0.000000
vn -0.061211 -0.079078 0.000000
vn -0.044039 -0.089780 0.000000
vn -0.025065 -0.096808 0.000000
vn -0.005065 -0.099872 0.000000
vn 0.015143 -0.098847 0.000000
vn 0.034731 -0.093775 0.000000
vn 0.052896 -0.084864 0.000000
vn 0.068897 -0.072479 0.000000
vn 0.082076 -0.057127 0.000000
vn 0.091896 -0.039436 0.000000
vn 0.097953 -0.020130 0.000000
vn -0.099487 0.010117 0.000000
vn -0.099487 0.010117 0.000000
vn -0.099487 0.010117 0.000000
vn -0.099487 0.010117 0.000000
vn 0.000000 0.000000 0.100000
vn 0.000000 0.000000 0.100000
vn 0.000000 0.000000 0.100000
vn 0.000000 0.000000 0.100000
vn 0.000000 0.000000 0.100000
vn 0.000000 0.000000 0.100000
vn 0.000000 0.000000 0.100000
vn 0.000000 0.000000 0.100000
vn 0.000000 0.000000 0.100000
vn 0.000000 0.000000 0.100000
vn 0.000000 0.000000 0.100000
vn 0.000000 0.000000 0.100000
vn 0.000000 0.000000 0.100000
vn 0.000000 0.000000 0.100000
vn 0.000000 0.000000 0.100000
vn 0.000000 0.000000 0.100000
vn 0.000000 0.000000 0.100000
vn 0.000000 0.000000 0.100000
vn 0.000000 0.000000 0.100000
vn 0.000000 0.000000 0.100000
vn 0.000000 0.000000 0.100000
vn 0.000000 0.000000 0.100000
vn 0.000000 0.000000 0.100000
vn 0.000000 0.000000 0.100000
vn 0.000000 0.000000 0.100000
vn 0.000000 0.000000 0.100000
vn 0.000000 0.000000 0.100000
vn 0.000000 0.000000 0.100000
vn 0.000000 0.000000 0.100000
vn 0.000000 0.000000 0.100000
vn 0.000000 0.000000 0.100000
vn 0.000000 0.000000 0.100000
vn 0.000000 0.000000 0.100000
vn 0.000000 0.000000 0.100000
vn 0.000000 0.000000 0.100000
vn 0.000000 0.000000 0.100000
vn 0.000000 0.000000 0.100000
vn 0.000000 0.000000 0.100000
vn 0.000000 0.000000 0.100000
vn 0.000000 0.000000 0.100000
vn 0.000000 0.000000 0.100000
vn 0.000000 0.000000 0.100000
vn 0.000000 0.000000 0.100000
vn 0.000000 0.000000 0.100000
vn 0.000000 0.000000 0.100000
vn 0.000000 0.000000 0.100000
vn 0.000000 0.000000 0.100000
vn 0.000000 0.000000 0.100000
vn 0.000000 0.000000 0.100000
vn 0.000000 0.000000 0.100000
vn 0.000000 0.000000 0.100000
vn 0.000000 0.000000 0.100000
vn 0.000000 0.000000 0.100000
vn 0.000000 0.000000 0.100000
vn 0.000000 0.000000 0.100000
vn 0.000000 0.000000 0.100000
vn 0.000000 0.000000 0.100000
vn -0.100000 0.000000 0.000000
vn -0.097094 -0.023932 0.000000
vn -0.088546 -0.046472 0.000000
vn -0.074851 -0.066312 0.000000
vn -0.056806 -0.082298 0.000000
vn -0.035460 -0.093502 0.000000
vn -0.012054 -0.099271 0.000000
vn 0.012054 -0.099271 0.000000
vn 0.035460 -0.093502 0.000000
vn 0.056806 -0.082298 0.000000
vn 0.074851 -0.066312 0.000000
vn 0.088546 -0.046472 0.000000
vn 0.097094 -0.023932 0.000000
vn 0.100000 0.000000 0.000000
vn 0.097094 0.023932 0.000000
vn 0.088546 0.046472 0.000000
vn 0.074851 0.066312 0.000000
vn 0.056806 0.082298 0.000000
vn 0.035460 0.093502 0.000000
vn 0.012054 0.099271 0.000000
vn -0.012054 0.099271 0.000000
vn -0.035460 0.093502 0.000000
vn -0.056806 0.082298 0.000000
vn -0.074851 0.066312 0.000000
vn -0.088546 0.046472 0.000000
vn -0.097094 0.023932 0.000000
vn -0.100000 0.000000 0.000000
vn -0.097094 0.023932 0.000000
vn -0.088546 0.046472 0.000000
vn -0.074851 0.066312 0.000000
vn -0.056806 0.082298 0.000000
vn -0.035460 0.093502 0.000000
vn -0.012054 0.099271 0.000000
vn 0.012054 0.099271 0.000000
vn 0.035460 0.093502 0.000000
vn 0.056806 0.082298 0.000000
vn 0.074851 0.066312 0.000000
vn 0.088546 0.046472 0.000000
vn 0.097094 0.023932 0.000000
vn 0.100000 0.000000 0.000000
vn 0.097094 -0.023932 0.000000
vn 0.088546 -0.046472 0.000000
vn 0.074851 -0.066312 0.000000
vn 0.056806 -0.082298 0.000000
vn 0.035460 -0.093502 0.000000
vn 0.012054 -0.099271 0.000000
vn -0.012054 -0.099271 0.000000
vn -0.035460 -0.093502 0.000000
vn -0.056806 -0.082298 0.000000
vn -0.074851 -0.066312 0.000000
vn -0.088546 -0.046472 0.000000
vn -0.097094 -0.023932 0.000000
vn 0.100000 0.000000 0.000000
vn 0.100000 0.000000 0.000000
vn 0.000000 0.000000 0.100000
vn 0.000000 0.000000 0.100000
vn 0.000000 0.000000 0.100000
vn 0.000000 0.000000 0.100000
vn 0.000000 0.000000 0.100000
vn 0.000000 0.000000 0.100000
vn 0.000000 0.000000 0.100000
vn 0.000000 0.000000 0.100000
vn 0.000000 0.000000 0.100000
vn 0.000000 0.000000 0.100000
vn 0.000000 0.000000 0.100000
vn 0.000000 0.000000 0.100000
vn 0.000000 0.000000 0.100000
vn 0.000000 0.000000 0.100000
vn 0.000000 0.000000 0.100000
vn 0.000000 0.000000 0.100000
vn 0.000000 0.000000 0.100000
vn 0.000000 0.000000 0.100000
vn 0.000000 0.000000 0.100000
vn 0.000000 0.000000 0.100000
vn 0.000000 0.000000 0.100000
vn 0.000000 0.000000 0.100000
vn 0.000000 0.000000 0.100000
vn 0.000000 0.000000 0.100000
vn 0.000000 0.000000 0.100000
vn 0.000000 0.000000 0.100000
vn 0.100000 0.000000 0.000000
vn 0.100000 0.000000 0.000000
vn 0.100000 0.000000 0.000000
vn 0.100000 0.000000 0.000000
vn 0.100000 0.000000 0.000000
vn 0.100000 0.000000 0.000000
vn 0.100000 0.000000 0.000000
vn 0.100000 0.000000 0.000000
vn 0.100000 0.000000 0.000000
vn 0.100000 0.000000 0.000000
vn 0.100000 0.000000 0.000000
vn 0.100000 0.000000 0.000000
vn 0.100000 0.000000 0.000000
vn 0.100000 0.000000 0.000000
vn 0.000000 0.000000 0.100000
vn 0.000000 0.038268 0.092388
vn 0.000000 0.070711 0.070711
vn 0.000000 0.092388 0.038268
vn 0.000000 0.100000 0.000000
vn 0.000000 0.100000 0.000000
vn 0.000000 0.092388 0.038268
vn 0.000000 0.070711 0.070711
vn 0.000000 0.038268 0.092388
vn 0.000000 0.000000 0.100000
vn 0.000000 0.100000 0.000000
vn -0.004176 0.099913 0.000000
vn -0.008345 0.099651 0.000000
vn -0.012500 0.099216 0.000000
vn -0.011766 0.091566 0.038435
vn -0.009516 0.069869 0.070906
vn -0.005629 0.037643 0.092473
vn 0.000000 0.000000 0.100000
vn 0.000000 0.000000 0.100000
vn 0.000000 0.000000 0.100000
vn 0.000000 0.000000 0.100000
vn 0.000000 0.038268 0.092388
vn 0.000000 0.070711 0.070711
vn 0.000000 0.092388 0.038268
vn 0.000000 0.100000 0.000000
vn -0.019509 0.098079 0.000000
vn -0.038268 0.092388 0.000000
vn -0.055557 0.083147 0.000000
vn -0.070711 0.070711 0.000000
vn -0.083147 0.055557 0.000000
vn -0.092388 0.038268 0.000000
vn -0.098079 0.019509 0.000000
vn -0.100000 0.000000 0.000000
vn -0.100000 0.000000 0.000000
vn -0.099755 0.006990 0.000000
vn -0.099023 0.013946 0.000000
vn -0.097806 0.020833 0.000000
vn -0.091479 0.040393 0.000000
vn -0.081287 0.058245 0.000000
vn -0.067659 0.073636 0.000000
vn -0.051173 0.085915 0.000000
vn -0.032524 0.094563 0.000000
vn -0.012500 0.099216 0.000000
vn -0.012500 0.099216 0.000000
vn -0.008345 0.099651 0.000000
vn -0.004176 0.099913 0.000000
vn 0.000000 0.100000 0.000000
vn 0.000000 0.000000 -0.100000
vn 0.000000 0.000000 -0.100000
vn 0.000000 0.000000 -0.100000
vn 0.000000 0.000000 -0.100000
vn 0.000000 0.000000 -0.100000
vn 0.000000 0.000000 -0.100000
vn 0.000000 0.000000 -0.100000
vn 0.000000 0.000000 -0.100000
vn 0.000000 0.000000 -0.100000
vn 0.000000 0.000000 -0.100000
vn 0.000000 0.000000 -0.100000
vn 0.000000 0.000000 -0.100000
vn 0.000000 0.000000 -0.100000
vn 0.000000 0.000000 -0.100000
vn 0.000000 0.000000 -0.100000
vn 0.000000 0.000000 -0.100000
vn 0.000000 0.000000 -0.100000
vn 0.000000 0.000000 -0.100000
vn 0.000000 0.000000 -0.100000
vn 0.000000 0.000000 -0.100000
vn 0.000000 0.000000 -0.100000
vn 0.000000 0.000000 -0.100000
vn 0.000000 0.100000 0.000000
vn 0.000000 0.100000 0.000000
vn 0.000000 0.100000 0.000000
vn 0.000000 0.100000 0.000000
vn -0.100000 0.000000 0.000000
vn -0.100000 0.000000 0.000000
vn -0.100000 0.000000 0.000000
vn -0.100000 0.000000 0.000000
vn -0.100000 0.000000 0.000000
vn -0.100000 0.000000 0.000000
vn -0.092388 0.000000 0.038268
vn -0.070711 0.000000 0.070711
vn -0.038268 0.000000 0.092388
vn 0.000000 0.000000 0.100000
vn 0.000000 0.000000 0.100000
vn -0.038268 0.000000 0.092388
vn -0.070711 0.000000 0.070711
vn -0.092388 0.000000 0.038268
vn 0.000000 0.000000 0.100000
vn 0.000000 0.000000 0.100000
vn 0.000000 0.000000 0.100000
vn 0.000000 0.000000 0.100000
vn -0.036513 0.009298 0.092630
vn -0.068345 0.015792 0.071271
vn -0.090083 0.019588 0.038747
vn -0.097806 0.020833 0.000000
vn -0.099023 0.013946 0.000000
vn -0.099755 0.006990 0.000000
vn -0.100000 0.000000 0.000000
vn -0.092388 0.000000 0.038268
vn -0.070711 0.000000 0.070711
vn -0.038268 0.000000 0.092388
vn -0.037891 0.005360 0.092388
vn -0.070016 0.009890 0.070711
vn -0.091482 0.012903 0.038268
vn 0.000000 0.100000 0.000000
vn 0.000000 0.100000 0.000000
vn 0.000000 0.100000 0.000000
vn 0.000000 0.100000 0.000000
vn 0.000000 0.100000 0.000000
vn 0.000000 0.100000 0.000000
vn 0.000000 0.100000 0.000000
vn 0.000000 0.100000 0.000000
vn 0.000000 0.100000 0.000000
vn 0.000000 0.000000 0.100000
vn 0.000000 0.000000 0.100000
vn 0.000000 0.000000 0.100000
vn 0.000000 0.000000 0.100000
vn 0.000000 0.000000 0.100000
vn 0.000000 0.000000 0.100000
vn 0.000000 0.000000 0.100000
vn 0.000000 0.000000 0.100000
vn 0.000000 0.000000 0.100000
vn 0.000000 0.000000 0.100000
vn 0.000000 0.000000 0.100000
vn 0.000000 0.000000 0.100000
vn 0.000000 0.000000 0.100000
vn 0.000000 0.000000 0.100000
vn 0.000000 0.000000 0.100000
vn 0.000000 0.000000 0.100000
vn 0.000000 0.000000 0.100000
vn 0.000000 0.000000 0.100000
vn 0.000000 0.000000 0.100000
vn 0.000000 0.000000 0.100000
vn 0.000000 0.000000 0.100000
vn 0.000000 0.000000 0.100000
vn 0.000000 0.000000 0.100000
vn 0.000000 0.000000 0.100000
vn 0.000000 0.000000 0.100000
vn 0.000000 0.000000 0.100000
vn -0.100000 0.000000 0.000000
vn -0.100000 0.000000 0.000000
vn -0.100000 0.000000 0.000000
vn -0.100000 0.000000 0.000000
vn -0.100000 0.000000 0.000000
vn -0.100000 0.000000 0.000000
vn -0.100000 0.000000 0.000000
vn -0.100000 0.000000 0.000000
vn 0.000000 0.100000 0.000000
vn -0.038268 0.092388 0.000000
vn -0.070711 0.070711 0.000000
vn -0.092388 0.038268 0.000000
vn -0.100000 0.000000 0.000000
vn -0.100000 0.000000 0.000000
vn -0.092388 0.038268 0.000000
vn -0.070711 0.070711 0.000000
vn -0.038268 0.092388 0.000000
vn 0.000000 0.100000 0.000000
vn 0.000000 0.070711 0.070711
vn -0.030680 0.063708 0.070711
vn -0.055284 0.044087 0.070711
vn -0.068938 0.015735 0.070711
vn -0.068938 -0.015735 0.070711
vn -0.055284 -0.044087 0.070711
vn -0.030680 -0.063708 0.070711
vn 0.000000 -0.070711 0.070711
vn 0.030680 -0.063708 0.070711
vn 0.055284 -0.044087 0.070711
vn 0.068938 -0.015735 0.070711
vn 0.068938 0.015735 0.070711
vn 0.055284 0.044087 0.070711
vn 0.030680 0.063708 0.070711
vn 0.000000 0.070711 0.070711
vn 0.032861 0.062611 0.070711
vn 0.058194 0.040168 0.070711
vn 0.070195 0.008523 0.070711
vn 0.066116 -0.025074 0.070711
vn 0.046890 -0.052928 0.070711
vn 0.016922 -0.068656 0.070711
vn -0.016922 -0.068656 0.070711
vn -0.046890 -0.052928 0.070711
vn -0.066116 -0.025074 0.070711
vn -0.070195 0.008523 0.070711
vn -0.058194 0.040168 0.070711
vn -0.032861 0.062611 0.070711
vn 0.000000 -0.070711 0.070711
vn 0.000000 -0.070711 0.070711
vn 0.016922 -0.068656 0.070711
vn 0.016922 -0.068656 0.070711
vn 0.000000 0.100000 0.000000
vn -0.046472 0.088546 0.000000
vn -0.082298 0.056806 0.000000
vn -0.099271 0.012054 0.000000
vn -0.093502 -0.035460 0.000000
vn -0.066312 -0.074851 0.000000
vn -0.023932 -0.097094 0.000000
vn 0.023932 -0.097094 0.000000
vn 0.066312 -0.074851 0.000000
vn 0.093502 -0.035460 0.000000
vn 0.099271 0.012054 0.000000
vn 0.082298 0.056806 0.000000
vn 0.046472 0.088546 0.000000
vn -0.100000 0.000000 0.000000
vn -0.088546 0.046472 0.000000
vn -0.056806 0.082298 0.000000
vn -0.012054 0.099271 0.000000
vn 0.035460 0.093502 0.000000
vn 0.074851 0.066312 0.000000
vn 0.097094 0.023932 0.000000
vn 0.097094 -0.023932 0.000000
vn 0.074851 -0.066312 0.000000
vn 0.035460 -0.093502 0.000000
vn -0.012054 -0.099271 0.000000
vn -0.056806 -0.082298 0.000000
vn -0.088546 -0.046472 0.000000
vn 0.097094 0.023932 0.000000
vn 0.097094 0.023932 0.000000
vn 0.099271 0.012054 0.000000
vn 0.099271 0.012054 0.000000
vn 0.000000 0.000000 0.100000
vn 0.000000 0.000000 0.100000
vn 0.000000 0.000000 0.100000
vn 0.000000 0.000000 0.100000
vn 0.000000 0.000000 0.100000
vn 0.000000 0.000000 0.100000
vn 0.000000 0.000000 0.100000
vn 0.000000 0.000000 0.100000
vn 0.000000 0.000000 0.100000
vn 0.000000 0.000000 0.100000
vn 0.000000 0.000000 0.100000
vn 0.000000 0.000000 0.100000
vn 0.000000 0.000000 0.100000
vn -0.100000 0.000000 0.000000
vn -0.100000 0.000000 0.000000
vn -0.100000 0.000000 0.000000
vn -0.100000 0.000000 0.000000
vn 0.000000 0.100000 0.000000
vn 0.000000 0.100000 0.000000
vn -0.019509 0.098079 0.000000
vn -0.038268 0.092388 0.000000
vn -0.055557 0.083147 0.000000
vn -0.070711 0.070711 0.000000
vn -0.083147 0.055557 0.000000
vn -0.092388 0.038268 0.000000
vn -0.098079 0.019509 0.000000
vn -0.100000 0.000000 0.000000
vn -0.100000 0.000000 0.000000
vn -0.098079 0.019509 0.000000
vn -0.092388 0.038268 0.000000
vn -0.083147 0.055557 0.000000
vn -0.070711 0.070711 0.000000
vn -0.055557 0.083147 0.000000
vn -0.038268 0.092388 0.000000
vn -0.019509 0.098079 0.000000
vn 0.000000 0.000000 0.100000
vn 0.000000 0.000000 0.100000
vn 0.000000 0.038268 0.092388
vn 0.000000 0.070711 0.070711
vn 0.000000 0.092388 0.038268
vn 0.000000 0.100000 0.000000
vn 0.000000 0.100000 0.000000
vn 0.000000 0.092388 0.038268
vn 0.000000 0.070711 0.070711
vn 0.000000 0.038268 0.092388
vn 0.000000 0.000000 0.100000
vn 0.000000 0.000000 0.100000
vn 0.000000 0.000000 0.100000
vn 0.000000 0.000000 0.100000
vn 0.000000 0.000000 0.100000
vn 0.000000 0.000000 0.100000
vn 0.000000 0.100000 0.000000
vn 0.000000 0.100000 0.000000
vn 0.000000 0.100000 0.000000
vn 0.000000 0.100000 0.000000
vn 0.000000 0.100000 0.000000
vn 0.000000 0.092388 0.038268
vn 0.000000 0.070711 0.070711
vn 0.000000 0.038268 0.092388
vn 0.000000 0.000000 0.100000
vn 0.000000 0.000000 0.100000
vn 0.000000 0.038268 0.092388
vn 0.000000 0.070711 0.070711
vn 0.000000 0.092388 0.038268
vn 0.000000 0.100000 0.000000
vn 0.000000 0.000000 0.100000
vn 0.000000 0.000000 0.100000
vn 0.000000 0.000000 0.100000
vn 0.000000 0.000000 0.100000
vn 0.005629 0.037643 0.092473
vn 0.009516 0.069869 0.070906
vn 0.011766 0.091566 0.038435
vn 0.012500 0.099216 0.000000
vn 0.008345 0.099651 0.000000
vn 0.004176 0.099913 0.000000
vn 0.000000 0.100000 0.000000
vn 0.000000 0.092388 0.038268
vn 0.000000 0.070711 0.070711
vn 0.000000 0.038268 0.092388
vn 0.100000 0.000000 0.000000
vn 0.100000 0.000000 0.000000
vn 0.100000 0.000000 0.000000
vn 0.100000 0.000000 0.000000
vn 0.100000 0.000000 0.000000
vn 0.100000 0.000000 0.000000
vn 0.100000 0.000000 0.000000
vn 0.100000 0.000000 0.000000
vn 0.000000 0.000000 0.100000
vn 0.000000 0.000000 0.100000
vn 0.000000 0.000000 0.100000
vn 0.000000 0.000000 0.100000
vn 0.000000 0.000000 0.100000
vn 0.000000 0.000000 0.100000
vn 0.000000 0.000000 0.100000
vn 0.000000 0.000000 0.100000
vn 0.000000 0.000000 0.100000
vn 0.000000 0.000000 0.100000
vn 0.000000 0.000000 0.100000
vn 0.000000 0.000000 0.100000
vn 0.000000 0.000000 0.100000
vn 0.000000 0.000000 0.100000
vn 0.000000 0.000000 0.100000
vn 0.000000 0.000000 0.100000
vn 0.000000 0.000000 0.100000
vn 0.000000 0.000000 0.100000
vn 0.000000 0.000000 0.100000
vn 0.000000 0.000000 0.100000
vn 0.000000 0.000000 0.100000
vn 0.000000 0.000000 0.100000
vn 0.000000 0.000000 0.100000
vn 0.000000 0.000000 0.100000
vn 0.000000 0.000000 0.100000
vn 0.000000 0.000000 0.100000
vn 0.100000 0.000000 0.000000
vn 0.092388 0.038268 0.000000
vn 0.070711 0.070711 0.000000
vn 0.038268 0.092388 0.000000
vn 0.000000 0.100000 0.000000
vn 0.000000 0.100000 0.000000
vn 0.038268 0.092388 0.000000
vn 0.070711 0.070711 0.000000
vn 0.092388 0.038268 0.000000
vn 0.100000 0.000000 0.000000
vn 0.000000 0.070711 0.070711
vn -0.030680 0.063708 0.070711
vn -0.055284 0.044087 0.070711
vn -0.068938 0.015735 0.070711
vn -0.068938 -0.015735 0.070711
vn -0.055284 -0.044087 0.070711
vn -0.030680 -0.063708 0.070711
vn 0.000000 -0.070711 0.070711
vn 0.030680 -0.063708 0.070711
vn 0.055284 -0.044087 0.070711
vn 0.068938 -0.015735 0.070711
vn 0.068938 0.015735 0.070711
vn 0.055284 0.044087 0.070711
vn 0.030680 0.063708 0.070711
vn 0.000000 0.070711 0.070711
vn 0.032861 0.062611 0.070711
vn 0.058194 0.040168 0.070711
vn 0.070195 0.008523 0.070711
vn 0.066116 -0.025074 0.070711
vn 0.046890 -0.052928 0.070711
vn 0.016922 -0.068656 0.070711
vn -0.016922 -0.068656 0.070711
vn -0.046890 -0.052928 0.070711
vn -0.066116 -0.025074 0.070711
vn -0.070195 0.008523 0.070711
vn -0.058194 0.040168 0.070711
vn -0.032861 0.062611 0.070711
vn 0.000000 -0.070711 0.070711
vn 0.000000 -0.070711 0.070711
vn 0.016922 -0.068656 0.070711
vn 0.016922 -0.068656 0.070711
vn 0.000000 0.100000 0.000000
vn -0.046472 0.088546 0.000000
vn -0.082298 0.056806 0.000000
vn -0.099271 0.012054 0.000000
vn -0.093502 -0.035460 0.000000
vn -0.066312 -0.074851 0.000000
vn -0.023932 -0.097094 0.000000
vn 0.023932 -0.097094 0.000000
vn 0.066312 -0.074851 0.000000
vn 0.093502 -0.035460 0.000000
vn 0.099271 0.012054 0.000000
vn 0.082298 0.056806 0.000000
vn 0.046472 0.088546 0.000000
vn -0.100000 0.000000 0.000000
vn -0.088546 0.046472 0.000000
vn -0.056806 0.082298 0.000000
vn -0.012054 0.099271 0.000000
vn 0.035460 0.093502 0.000000
vn 0.074851 0.066312 0.000000
vn 0.097094 0.023932 0.000000
vn 0.097094 -0.023932 0.000000
vn 0.074851 -0.066312 0.000000
vn 0.035460 -0.093502 0.000000
vn -0.012054 -0.099271 0.000000
vn -0.056806 -0.082298 0.000000
vn -0.088546 -0.046472 0.000000
vn 0.097094 0.023932 0.000000
vn 0.097094 0.023932 0.000000
vn 0.099271 0.012054 0.000000
vn 0.099271 0.012054 0.000000
vn 0.000000 0.000000 0.100000
vn 0.000000 0.000000 0.100000
vn 0.000000 0.000000 0.100000
vn 0.000000 0.000000 0.100000
vn 0.000000 0.000000 0.100000
vn 0.000000 0.000000 0.100000
vn 0.000000 0.000000 0.100000
vn 0.000000 0.000000 0.100000
vn 0.000000 0.000000 0.100000
vn 0.000000 0.000000 0.100000
vn 0.000000 0.000000 0.100000
vn 0.000000 0.000000 0.100000
vn 0.000000 0.000000 0.100000
vn 0.100000 0.000000 0.000000
vn 0.100000 0.000000 0.000000
vn 0.098079 0.019509 0.000000
vn 0.092388 0.038268 0.000000
vn 0.083147 0.055557 0.000000
vn 0.070711 0.070711 0.000000
vn 0.055557 0.083147 0.000000
vn 0.038268 0.092388 0.000000
vn 0.019509 0.098079 0.000000
vn 0.000000 0.100000 0.000000
vn 0.000000 0.100000 0.000000
vn 0.019509 0.098079 0.000000
vn 0.038268 0.092388 0.000000
vn 0.055557 0.083147 0.000000
vn 0.070711 0.070711 0.000000
vn 0.083147 0.055557 0.000000
vn 0.092388 0.038268 0.000000
vn 0.098079 0.019509 0.000000
vn 0.100000 0.000000 0.000000
vn 0.100000 0.000000 0.000000
vn 0.100000 0.000000 0.000000
vn 0.100000 0.000000 0.000000
vn 0.000000 0.100000 0.000000
vn 0.000000 0.100000 0.000000
vn 0.000000 0.100000 0.000000
vn 0.000000 0.100000 0.000000
vn 0.000000 0.100000 0.000000
vn 0.000000 0.100000 0.000000
vn 0.000000 0.100000 0.000000
vn 0.000000 0.100000 0.000000
vn 0.000000 0.100000 0.000000
vn 0.000000 0.100000 0.000000
vn 0.000000 0.100000 0.000000
vn 0.000000 0.100000 0.000000
vn 0.000000 0.100000 0.000000
vn 0.100000 0.000000 0.000000
vn 0.100000 0.000000 0.000000
vn 0.100000 0.000000 0.000000
vn 0.100000 0.000000 0.000000
vn 0.000000 0.000000 0.100000
vn 0.000000 0.000000 0.100000
vn 0.038268 0.000000 0.092388
vn 0.070711 0.000000 0.070711
vn 0.092388 0.000000 0.038268
vn 0.100000 0.000000 0.000000
vn 0.100000 0.000000 0.000000
vn 0.092388 0.000000 0.038268
vn 0.070711 0.000000 0.070711
vn 0.038268 0.000000 0.092388
vn 0.100000 0.000000 0.000000
vn 0.100000 0.000000 0.000000
vn 0.100000 0.000000 0.000000
vn 0.100000 0.000000 0.000000
vn 0.100000 0.000000 0.000000
vn 0.100000 0.000000 0.000000
vn 0.100000 0.000000 0.000000
vn 0.100000 0.000000 0.000000
vn 0.100000 0.000000 0.000000
vn 0.100000 0.000000 0.000000
vn 0.100000 0.000000 0.000000
vn 0.100000 0.000000 0.000000
vn 0.100000 0.000000 0.000000
vn 0.100000 0.000000 0.000000
vn 0.100000 0.000000 0.000000
vn 0.100000 0.000000 0.000000
vn 0.100000 0.000000 0.000000
vn 0.100000 0.000000 0.000000
vn 0.100000 0.000000 0.000000
vn 0.100000 0.000000 0.000000
vn 0.100000 0.000000 0.000000
vn 0.100000 0.000000 0.000000
vn 0.100000 0.000000 0.000000
vn 0.100000 0.000000 0.000000
vn 0.000000 0.000000 -0.100000
vn 0.000000 0.000000 -0.100000
vn 0.000000 0.000000 -0.100000
vn 0.000000 0.000000 -0.100000
vn 0.000000 0.000000 -0.100000
vn 0.000000 0.000000 -0.100000
vn 0.000000 0.000000 -0.100000
vn 0.000000 0.000000 -0.100000
vn 0.046397 -0.088585 0.000000
vn 0.046397 -0.088585 0.000000
vn 0.046397 -0.088585 0.000000
vn 0.046397 -0.088585 0.000000
vn 0.046397 -0.088585 0.000000
vn 0.000000 0.000000 0.100000
vn 0.000000 0.000000 0.100000
vn 0.000000 0.000000 0.100000
vn 0.000000 0.000000 0.100000
vn 0.000000 0.000000 0.100000
vn 0.000000 0.000000 0.100000
vn 0.000000 0.000000 0.100000
vn 0.000000 0.000000 0.100000
vn 0.046397 0.088585 0.000000
vn 0.046397 0.088585 0.000000
vn 0.046397 0.088585 0.000000
vn 0.046397 0.088585 0.000000
vn 0.046397 0.088585 0.000000
vn 0.000000 0.000000 -0.100000
vn 0.000000 0.000000 -0.100000
vn 0.000000 0.000000 -0.100000
vn 0.000000 0.000000 -0.100000
vn 0.000000 0.000000 -0.100000
vn 0.000000 0.000000 -0.100000
vn 0.000000 0.000000 -0.100000
vn 0.000000 0.000000 -0.100000
vn 0.046397 -0.088585 0.000000
vn 0.046397 -0.088585 0.000000
vn 0.046397 -0.088585 0.000000
vn 0.046397 -0.088585 0.000000
vn 0.046397 -0.088585 0.000000
vn 0.000000 0.000000 0.100000
vn 0.000000 0.000000 0.100000
vn 0.000000 0.000000 0.100000
vn 0.000000 0.000000 0.100000
vn 0.000000 0.000000 0.100000
vn 0.000000 0.000000 0.100000
vn 0.000000 0.000000 0.100000
vn 0.000000 0.000000 0.100000
vn 0.046397 0.088585 0.000000
vn 0.046397 0.088585 0.000000
vn 0.046397 0.088585 0.000000
vn 0.046397 0.088585 0.000000
vn 0.046397 0.088585 0.000000
vn 0.000000 0.000000 -0.100000
vn 0.000000 0.000000 -0.100000
vn 0.000000 0.000000 -0.100000
vn 0.000000 0.000000 -0.100000
vn 0.000000 0.000000 -0.100000
vn 0.000000 0.000000 -0.100000
vn 0.000000 0.000000 -0.100000
vn 0.000000 0.000000 -0.100000
vn 0.046397 -0.088585 0.000000
vn 0.046397 -0.088585 0.000000
vn 0.046397 -0.088585 0.000000
vn 0.046397 -0.088585 0.000000
vn 0.046397 -0.088585 0.000000
vn 0.000000 0.000000 0.100000
vn 0.000000 0.000000 0.100000
vn 0.000000 0.000000 0.100000
vn 0.000000 0.000000 0.100000
vn 0.000000 0.000000 0.100000
vn 0.000000 0.000000 0.100000
vn 0.000000 0.000000 0.100000
vn 0.000000 0.000000 0.100000
vn 0.046397 0.088585 0.000000
vn 0.046397 0.088585 0.000000
vn 0.046397 0.088585 0.000000
vn 0.046397 0.088585 0.000000
vn 0.046397 0.088585 0.000000
vn 0.000000 0.000000 -0.100000
vn 0.000000 0.000000 -0.100000
vn 0.000000 0.000000 -0.100000
vn 0.000000 0.000000 -0.100000
vn 0.000000 0.000000 -0.100000
vn 0.000000 0.000000 -0.100000
vn 0.000000 0.000000 -0.100000
vn 0.000000 0.000000 -0.100000
vn 0.000000 0.000000 -0.100000
vn 0.000000 -0.100000 0.000000
vn 0.000000 -0.100000 0.000000
vn 0.000000 -0.100000 0.000000
vn 0.000000 -0.100000 0.000000
vn 0.100000 0.000000 0.000000
vn 0.100000 0.000000 0.000000
vn 0.100000 0.000000 0.000000
vn 0.100000 0.000000 0.000000
vn 0.070711 0.000000 0.070711
vn 0.070711 0.000000 0.070711
vn 0.070711 0.000000 0.070711
vn 0.070711 0.000000 0.070711
vn 0.070711 0.000000 0.070711
vn 0.000000 -0.100000 0.000000
vn 0.000000 -0.100000 0.000000
vn 0.000000 -0.100000 0.000000
vn 0.000000 -0.100000 0.000000
vn 0.000000 -0.100000 0.000000
vn 0.000000 -0.100000 0.000000
vn 0.000000 -0.100000 0.000000
vn 0.070711 0.000000 -0.070711
vn 0.070711 0.000000 -0.070711
vn 0.070711 0.000000 -0.070711
vn 0.070711 0.000000 -0.070711
vn 0.000000 0.100000 0.000000
vn 0.000000 0.100000 0.000000
vn 0.000000 0.100000 0.000000
vn 0.000000 0.100000 0.000000
vn 0.100000 0.000000 0.000000
vn 0.100000 0.000000 0.000000
vn 0.100000 0.000000 0.000000
vn 0.100000 0.000000 0.000000
vn 0.100000 0.000000 0.000000
vn 0.100000 0.000000 0.000000
vn 0.100000 0.000000 0.000000
vn 0.100000 0.000000 0.000000
vn 0.100000 0.000000 0.000000
vn 0.100000 0.000000 0.000000
vn 0.100000 0.000000 0.000000
vn 0.100000 0.000000 0.000000
vn 0.000000 -0.100000 0.000000
vn 0.000000 -0.100000 0.000000
vn 0.000000 -0.100000 0.000000
vn 0.000000 -0.100000 0.000000
vn 0.070711 0.000000 -0.070711
vn 0.070711 0.000000 -0.070711
vn 0.070711 0.000000 -0.070711
vn 0.070711 0.000000 -0.070711
vn 0.000000 0.100000 0.000000
vn 0.000000 0.100000 0.000000
vn 0.000000 0.100000 0.000000
vn 0.000000 0.100000 0.000000
vn 0.000000 0.100000 0.000000
vn 0.000000 0.100000 0.000000
vn 0.000000 0.100000 0.000000
vn 0.070711 0.000000 0.070711
vn 0.070711 0.000000 0.070711
vn 0.070711 0.000000 0.070711
vn 0.070711 0.000000 0.070711
vn 0.070711 0.000000 0.070711
vn 0.070711 0.000000 0.070711
vn 0.070711 0.000000 0.070711
vn 0.070711 0.000000 0.070711
vn 0.000000 -0.100000 0.000000
vn 0.000000 -0.100000 0.000000
vn 0.000000 -0.100000 0.000000
vn 0.000000 -0.100000 0.000000
vn 0.000000 -0.100000 0.000000
vn 0.000000 -0.100000 0.000000
vn 0.000000 -0.100000 0.000000
vn 0.070711 0.000000 -0.070711
vn 0.070711 0.000000 -0.070711
vn 0.070711 0.000000 -0.070711
vn 0.070711 0.000000 -0.070711
vn 0.000000 0.100000 0.000000
vn 0.000000 0.100000 0.000000
vn 0.000000 0.100000 0.000000
vn 0.000000 0.100000 0.000000
vn 0.100000 0.000000 0.000000
vn 0.100000 0.000000 0.000000
vn 0.100000 0.000000 0.000000
vn 0.100000 0.000000 0.000000
vn 0.100000 0.000000 0.000000
vn 0.100000 0.000000 0.000000
vn 0.100000 0.000000 0.000000
vn 0.100000 0.000000 0.000000
vn 0.100000 0.000000 0.000000
vn 0.100000 0.000000 0.000000
vn 0.100000 0.000000 0.000000
vn 0.100000 0.000000 0.000000
vn 0.000000 -0.100000 0.000000
vn 0.000000 -0.100000 0.000000
vn 0.000000 -0.100000 0.000000
vn 0.000000 -0.100000 0.000000
vn 0.070711 0.000000 -0.070711
vn 0.070711 0.000000 -0.070711
vn 0.070711 0.000000 -0.070711
vn 0.070711 0.000000 -0.070711
vn 0.000000 0.100000 0.000000
vn 0.000000 0.100000 0.000000
vn 0.000000 0.100000 0.000000
vn 0.000000 0.100000 0.000000
vn 0.000000 0.100000 0.000000
vn 0.000000 0.100000 0.000000
vn 0.000000 0.100000 0.000000
vn 0.070711 0.000000 0.070711
vn 0.070711 0.000000 0.070711
vn 0.070711 0.000000 0.070711
vn 0.070711 0.000000 0.070711
vn 0.070711 0.000000 0.070711
vn 0.070711 0.000000 0.070711
vn 0.070711 0.000000 0.070711
vn 0.070711 0.000000 0.070711
vn 0.000000 -0.100000 0.000000
vn 0.000000 -0.100000 0.000000
vn 0.000000 -0.100000 0.000000
vn 0.000000 -0.100000 0.000000
vn 0.000000 -0.100000 0.000000
vn 0.000000 -0.100000 0.000000
vn 0.000000 -0.100000 0.000000
vn 0.070711 0.000000 -0.070711
vn 0.070711 0.000000 -0.070711
vn 0.070711 0.000000 -0.070711
vn 0.070711 0.000000 -0.070711
vn 0.000000 0.100000 0.000000
vn 0.000000 0.100000 0.000000
vn 0.000000 0.100000 0.000000
vn 0.000000 0.100000 0.000000
vn 0.100000 0.000000 0.000000
vn 0.100000 0.000000 0.000000
vn 0.100000 0.000000 0.000000
vn 0.100000 0.000000 0.000000
vn 0.100000 0.000000 0.000000
vn 0.100000 0.000000 0.000000
vn 0.100000 0.000000 0.000000
vn 0.100000 0.000000 0.000000
vn 0.100000 0.000000 0.000000
vn 0.100000 0.000000 0.000000
vn 0.100000 0.000000 0.000000
vn 0.100000 0.000000 0.000000
vn 0.000000 -0.100000 0.000000
vn 0.000000 -0.100000 0.000000
vn 0.000000 -0.100000 0.000000
vn 0.000000 -0.100000 0.000000
vn 0.070711 0.000000 -0.070711
vn 0.070711 0.000000 -0.070711
vn 0.070711 0.000000 -0.070711
vn 0.070711 0.000000 -0.070711
vn 0.000000 0.100000 0.000000
vn 0.000000 0.100000 0.000000
vn 0.000000 0.100000 0.000000
vn 0.000000 0.100000 0.000000
vn 0.000000 0.100000 0.000000
vn 0.000000 0.100000 0.000000
vn 0.000000 0.100000 0.000000
vn 0.070711 0.000000 0.070711
vn 0.070711 0.000000 0.070711
vn 0.070711 0.000000 0.070711
vn 0.070711 0.000000 0.070711
vn 0.070711 0.000000 0.070711
vn 0.070711 0.000000 0.070711
vn 0.070711 0.000000 0.070711
vn 0.070711 0.000000 0.070711
vn 0.000000 -0.100000 0.000000
vn 0.000000 -0.100000 0.000000
vn 0.000000 -0.100000 0.000000
vn 0.000000 -0.100000 0.000000
vn 0.000000 -0.100000 0.000000
vn 0.000000 -0.100000 0.000000
vn 0.000000 -0.100000 0.000000
vn 0.070711 0.000000 -0.070711
vn 0.070711 0.000000 -0.070711
vn 0.070711 0.000000 -0.070711
vn 0.070711 0.000000 -0.070711
vn 0.100000 0.000000 0.000000
vn 0.100000 0.000000 0.000000
vn 0.100000 0.000000 0.000000
vn 0.100000 0.000000 0.000000
vn 0.100000 0.000000 0.000000
vn 0.100000 0.000000 0.000000
vn 0.100000 0.000000 0.000000
vn 0.100000 0.000000 0.000000
vn 0.100000 0.000000 0.000000
vn 0.100000 0.000000 0.000000
vn 0.100000 0.000000 0.000000
vn 0.100000 0.000000 0.000000
vn 0.000000 -0.100000 0.000000
vn 0.000000 -0.100000 0.000000
vn 0.000000 -0.100000 0.000000
vn 0.000000 -0.100000 0.000000
vn 0.070711 0.000000 -0.070711
vn 0.070711 0.000000 -0.070711
vn 0.070711 0.000000 -0.070711
vn 0.070711 0.000000 -0.070711
vn 0.000000 0.000000 -0.100000
vn 0.000000 0.000000 -0.100000
vn 0.000000 0.000000 -0.100000
vn 0.000000 0.000000 -0.100000
vn 0.000000 0.000000 -0.100000
vn 0.000000 0.000000 -0.100000
vn 0.046397 -0.088585 0.000000
vn 0.046397 -0.088585 0.000000
vn 0.046397 -0.088585 0.000000
vn 0.046397 -0.088585 0.000000
vn 0.046397 -0.088585 0.000000
vn 0.000000 0.000000 0.100000
vn 0.000000 0.000000 0.100000
vn 0.000000 0.000000 0.100000
vn 0.000000 0.000000 0.100000
vn 0.000000 0.000000 0.100000
vn 0.000000 0.000000 0.100000
vn 0.000000 0.000000 0.100000
vn 0.000000 0.000000 0.100000
vn 0.000000 0.000000 0.100000
vn 0.000000 0.000000 0.100000
vn 0.000000 0.000000 0.100000
vn 0.000000 0.000000 0.100000
vn 0.000000 0.000000 0.100000
vn 0.000000 0.000000 0.100000
vn 0.000000 0.000000 0.100000
vn 0.046397 0.088585 0.000000
vn 0.046397 0.088585 0.000000
vn 0.046397 0.088585 0.000000
vn 0.046397 0.088585 0.000000
vn 0.046397 0.088585 0.000000
vn 0.046397 0.088585 0.000000
vn 0.046397 0.088585 0.000000
vn 0.079427 0.060757 0.000000
vn 0.097640 0.021595 0.000000
vn 0.097640 -0.021595 0.000000
vn 0.079427 -0.060757 0.000000
vn 0.046397 -0.088585 0.000000
vn 0.046397 -0.088585 0.000000
vn 0.079427 -0.060757 0.000000
vn 0.097640 -0.021595 0.000000
vn 0.097640 0.021595 0.000000
vn 0.079427 0.060757 0.000000
vn 0.000000 0.000000 0.100000
vn 0.000000 0.000000 0.100000
vn 0.000000 0.000000 0.100000
vn 0.000000 0.000000 0.100000
vn 0.000000 0.000000 0.100000
vn 0.000000 0.000000 0.100000
vn 0.000000 0.000000 0.100000
vn 0.000000 0.000000 0.100000
vn 0.000000 0.100000 0.000000
vn 0.000000 0.100000 0.000000
vn 0.000000 0.100000 0.000000
vn 0.000000 0.100000 0.000000
vn 0.000000 0.100000 0.000000
vn 0.000000 0.100000 0.000000
vn 0.000000 0.100000 0.000000
vn 0.000000 0.100000 0.000000
vn 0.000000 0.000000 -0.100000
vn 0.000000 0.000000 -0.100000
vn 0.000000 0.000000 -0.100000
vn 0.000000 0.000000 -0.100000
vn 0.000000 0.000000 -0.100000
vn 0.000000 0.000000 -0.100000
vn 0.000000 0.000000 -0.100000
vn 0.000000 0.000000 -0.100000
vn 0.000000 0.000000 -0.100000
vn 0.000000 0.000000 -0.100000
vn 0.000000 0.000000 -0.100000
vn 0.000000 0.000000 -0.100000
vn 0.000000 0.000000 -0.100000
vn 0.000000 0.000000 -0.100000
vn 0.000000 0.000000 -0.100000
vn 0.000000 0.000000 -0.100000
vn 0.000000 0.000000 -0.100000
vn 0.000000 0.000000 -0.100000
vn 0.000000 -0.100000 0.000000
vn 0.000000 -0.100000 0.000000
vn 0.000000 -0.100000 0.000000
vn 0.000000 -0.100000 0.000000
vn 0.086603 -0.050000 0.000000
vn 0.086603 -0.050000 0.000000
vn 0.086603 -0.050000 0.000000
vn 0.086603 -0.050000 0.000000
vn 0.086603 0.050000 0.000000
vn 0.086603 0.050000 0.000000
vn 0.086603 0.050000 0.000000
vn 0.086603 0.050000 0.000000
vn 0.000000 0.100000 0.000000
vn -0.046472 0.088546 0.000000
vn -0.082298 0.056806 0.000000
vn -0.099271 0.012054 0.000000
vn -0.093502 -0.035460 0.000000
vn -0.066312 -0.074851 0.000000
vn -0.023932 -0.097094 0.000000
vn 0.023932 -0.097094 0.000000
vn 0.066312 -0.074851 0.000000
vn 0.093502 -0.035460 0.000000
vn 0.099271 0.012054 0.000000
vn 0.082298 0.056806 0.000000
vn 0.046472 0.088546 0.000000
vn 0.000000 0.100000 0.000000
vn 0.046472 0.088546 0.000000
vn 0.082298 0.056806 0.000000
vn 0.099271 0.012054 0.000000
vn 0.093502 -0.035460 0.000000
vn 0.066312 -0.074851 0.000000
vn 0.023932 -0.097094 0.000000
vn -0.023932 -0.097094 0.000000
vn -0.066312 -0.074851 0.000000
vn -0.093502 -0.035460 0.000000
vn -0.099271 0.012054 0.000000
vn -0.082298 0.056806 0.000000
vn -0.046472 0.088546 0.000000
vn 0.023932 -0.097094 0.000000
vn 0.023932 -0.097094 0.000000
vn 0.023932 -0.097094 0.000000
vn 0.023932 -0.097094 0.000000
vn 0.000000 0.070711 0.070711
vn -0.030680 0.063708 0.070711
vn -0.055284 0.044087 0.070711
vn -0.068938 0.015735 0.070711
vn -0.068938 -0.015735 0.070711
vn -0.055284 -0.044087 0.070711
vn -0.030680 -0.063708 0.070711
vn 0.000000 -0.070711 0.070711
vn 0.030680 -0.063708 0.070711
vn 0.055284 -0.044087 0.070711
vn 0.068938 -0.015735 0.070711
vn 0.068938 0.015735 0.070711
vn 0.055284 0.044087 0.070711
vn 0.030680 0.063708 0.070711
vn 0.000000 0.070711 0.070711
vn 0.032861 0.062611 0.070711
vn 0.058194 0.040168 0.070711
vn 0.070195 0.008523 0.070711
vn 0.066116 -0.025074 0.070711
vn 0.046890 -0.052928 0.070711
vn 0.016922 -0.068656 0.070711
vn -0.016922 -0.068656 0.070711
vn -0.046890 -0.052928 0.070711
vn -0.066116 -0.025074 0.070711
vn -0.070195 0.008523 0.070711
vn -0.058194 0.040168 0.070711
vn -0.032861 0.062611 0.070711
vn 0.000000 -0.070711 0.070711
vn 0.000000 -0.070711 0.070711
vn 0.016922 -0.068656 0.070711
vn 0.016922 -0.068656 0.070711
vn 0.000000 0.100000 0.000000
vn 0.000000 0.100000 0.000000
vn 0.000000 0.100000 0.000000
vn 0.000000 0.100000 0.000000
vn 0.000000 0.100000 0.000000
vn 0.000000 0.100000 0.000000
vn 0.000000 0.100000 0.000000
vn 0.070711 0.000000 0.070711
vn 0.070711 0.000000 0.070711
vn 0.070711 0.000000 0.070711
vn 0.070711 0.000000 0.070711
vn 0.070711 0.000000 0.070711
vn 0.070711 0.000000 0.070711
vn 0.070711 0.000000 0.070711
vn 0.070711 0.000000 0.070711
vn 0.100000 0.000000 0.000000
vn 0.100000 0.000000 0.000000
vn 0.100000 0.000000 0.000000
vn 0.100000 0.000000 0.000000
vn 0.100000 0.000000 0.000000
vn 0.100000 0.000000 0.000000
vn 0.100000 0.000000 0.000000
vn 0.100000 0.000000 0.000000
vn 0.000000 0.000000 0.100000
vn 0.000000 0.000000 0.100000
vn 0.000000 0.000000 0.100000
vn 0.000000 0.000000 0.100000
vn 0.000000 0.000000 0.100000
vn 0.000000 0.000000 0.100000
vn 0.000000 0.000000 0.100000
vn 0.000000 0.000000 0.100000
vn 0.000000 0.000000 0.100000
vn 0.000000 0.000000 0.100000
vn 0.000000 0.000000 0.100000
vn 0.000000 0.000000 0.100000
vn 0.000000 0.000000 0.100000
vn 0.000000 0.000000 0.100000
vn 0.000000 0.000000 0.100000
vn 0.046397 0.088585 0.000000
vn 0.046397 0.088585 0.000000
vn 0.079427 0.060757 0.000000
vn 0.097640 0.021595 0.000000
vn 0.097640 -0.021595 0.000000
vn 0.079427 -0.060757 0.000000
vn 0.046397 -0.088585 0.000000
vn 0.046397 -0.088585 0.000000
vn 0.079427 -0.060757 0.000000
vn 0.097640 -0.021595 0.000000
vn 0.097640 0.021595 0.000000
vn 0.079427 0.060757 0.000000
vn 0.000000 0.100000 0.000000
vn 0.000000 0.100000 0.000000
vn 0.000000 0.100000 0.000000
vn 0.000000 0.100000 0.000000
vn 0.000000 0.000000 -0.100000
vn 0.000000 0.000000 -0.100000
vn 0.000000 0.000000 -0.100000
vn 0.000000 0.000000 -0.100000
vn 0.000000 0.000000 -0.100000
vn 0.000000 0.000000 -0.100000
vn 0.000000 0.000000 -0.100000
vn 0.000000 0.000000 -0.100000
vn 0.000000 0.000000 -0.100000
vn 0.000000 0.000000 -0.100000
vn 0.000000 0.000000 -0.100000
vn 0.000000 0.000000 -0.100000
vn 0.000000 0.000000 -0.100000
vn 0.000000 0.000000 -0.100000
vn 0.000000 0.000000 -0.100000
vn 0.000000 0.000000 -0.100000
vn 0.000000 0.000000 -0.100000
vn 0.000000 0.000000 -0.100000
vn 0.000000 -0.100000 0.000000
vn 0.000000 -0.100000 0.000000
vn 0.000000 -0.100000 0.000000
vn 0.000000 -0.100000 0.000000
vn 0.086603 -0.050000 0.000000
vn 0.086603 -0.050000 0.000000
vn 0.086603 -0.050000 0.000000
vn 0.086603 -0.050000 0.000000
vn 0.086603 0.050000 0.000000
vn 0.086603 0.050000 0.000000
vn 0.086603 0.050000 0.000000
vn 0.086603 0.050000 0.000000
vn 0.000000 0.100000 0.000000
vn -0.046472 0.088546 0.000000
vn -0.082298 0.056806 0.000000
vn -0.099271 0.012054 0.000000
vn -0.093502 -0.035460 0.000000
vn -0.066312 -0.074851 0.000000
vn -0.023932 -0.097094 0.000000
vn 0.023932 -0.097094 0.000000
vn 0.066312 -0.074851 0.000000
vn 0.093502 -0.035460 0.000000
vn 0.099271 0.012054 0.000000
vn 0.082298 0.056806 0.000000
vn 0.046472 0.088546 0.000000
vn 0.000000 0.100000 0.000000
vn 0.046472 0.088546 0.000000
vn 0.082298 0.056806 0.000000
vn 0.099271 0.012054 0.000000
vn 0.093502 -0.035460 0.000000
vn 0.066312 -0.074851 0.000000
vn 0.023932 -0.097094 0.000000
vn -0.023932 -0.097094 0.000000
vn -0.066312 -0.074851 0.000000
vn -0.093502 -0.035460 0.000000
vn -0.099271 0.012054 0.000000
vn -0.082298 0.056806 0.000000
vn -0.046472 0.088546 0.000000
vn 0.023932 -0.097094 0.000000
vn 0.023932 -0.097094 0.000000
vn 0.023932 -0.097094 0.000000
vn 0.023932 -0.097094 0.000000
vn 0.000000 0.070711 0.070711
vn -0.030680 0.063708 0.070711
vn -0.055284 0.044087 0.070711
vn -0.068938 0.015735 0.070711
vn -0.068938 -0.015735 0.070711
vn -0.055284 -0.044087 0.070711
vn -0.030680 -0.063708 0.070711
vn 0.000000 -0.070711 0.070711
vn 0.030680 -0.063708 0.070711
vn 0.055284 -0.044087 0.070711
vn 0.068938 -0.015735 0.070711
vn 0.068938 0.015735 0.070711
vn 0.055284 0.044087 0.070711
vn 0.030680 0.063708 0.070711
vn 0.000000 0.070711 0.070711
vn 0.032861 0.062611 0.070711
vn 0.058194 0.040168 0.070711
vn 0.070195 0.008523 0.070711
vn 0.066116 -0.025074 0.070711
vn 0.046890 -0.052928 0.070711
vn 0.016922 -0.068656 0.070711
vn -0.016922 -0.068656 0.070711
vn -0.046890 -0.052928 0.070711
vn -0.066116 -0.025074 0.070711
vn -0.070195 0.008523 0.070711
vn -0.058194 0.040168 0.070711
vn -0.032861 0.062611 0.070711
vn 0.000000 -0.070711 0.070711
vn 0.000000 -0.070711 0.070711
vn 0.016922 -0.068656 0.070711
vn 0.016922 -0.068656 0.070711
vn 0.100000 0.000000 0.000000
vn 0.100000 0.000000 0.000000
vn 0.100000 0.000000 0.000000
vn 0.100000 0.000000 0.000000
vn 0.000000 0.000000 0.100000
vn 0.000000 0.000000 0.100000
vn 0.000000 0.000000 0.100000
vn 0.000000 0.000000 0.100000
vn 0.000000 0.000000 0.100000
vn 0.000000 0.000000 0.100000
vn 0.000000 0.000000 0.100000
vn 0.000000 0.000000 0.100000
vn 0.000000 0.000000 0.100000
vn 0.000000 0.000000 0.100000
vn 0.000000 0.000000 0.100000
vn 0.000000 0.000000 0.100000
vn 0.000000 0.000000 0.100000
vn 0.000000 0.000000 0.100000
vn 0.000000 0.000000 0.100000
vn 0.046397 0.088585 0.000000
vn 0.046397 0.088585 0.000000
vn 0.079427 0.060757 0.000000
vn 0.097640 0.021595 0.000000
vn 0.097640 -0.021595 0.000000
vn 0.079427 -0.060757 0.000000
vn 0.046397 -0.088585 0.000000
vn 0.046397 -0.088585 0.000000
vn 0.079427 -0.060757 0.000000
vn 0.097640 -0.021595 0.000000
vn 0.097640 0.021595 0.000000
vn 0.079427 0.060757 0.000000
vn 0.000000 0.100000 0.000000
vn 0.000000 0.100000 0.000000
vn 0.000000 0.100000 0.000000
vn 0.000000 0.100000 0.000000
vn 0.000000 0.000000 -0.100000
vn 0.000000 0.000000 -0.100000
vn 0.000000 0.000000 -0.100000
vn 0.000000 0.000000 -0.100000
vn 0.000000 0.000000 -0.100000
vn 0.000000 0.000000 -0.100000
vn 0.000000 0.000000 -0.100000
vn 0.000000 0.000000 -0.100000
vn 0.000000 0.000000 -0.100000
vn 0.000000 0.000000 -0.100000
vn 0.000000 0.000000 -0.100000
vn 0.000000 0.000000 -0.100000
vn 0.000000 0.000000 -0.100000
vn 0.000000 0.000000 -0.100000
vn 0.000000 0.000000 -0.100000
vn 0.000000 0.000000 -0.100000
vn 0.000000 0.000000 -0.100000
vn 0.000000 0.000000 -0.100000
vn 0.000000 -0.100000 0.000000
vn 0.000000 -0.100000 0.000000
vn 0.000000 -0.100000 0.000000
vn 0.000000 -0.100000 0.000000
vn 0.086603 -0.050000 0.000000
vn 0.086603 -0.050000 0.000000
vn 0.086603 -0.050000 0.000000
vn 0.086603 -0.050000 0.000000
vn 0.086603 0.050000 0.000000
vn 0.086603 0.050000 0.000000
vn 0.086603 0.050000 0.000000
vn 0.086603 0.050000 0.000000
vn 0.000000 0.100000 0.000000
vn -0.046472 0.088546 0.000000
vn -0.082298 0.056806 0.000000
vn -0.099271 0.012054 0.000000
vn -0.093502 -0.035460 0.000000
vn -0.066312 -0.074851 0.000000
vn -0.023932 -0.097094 0.000000
vn 0.023932 -0.097094 0.000000
vn 0.066312 -0.074851 0.000000
vn 0.093502 -0.035460 0.000000
vn 0.099271 0.012054 0.000000
vn 0.082298 0.056806 0.000000
vn 0.046472 0.088546 0.000000
vn 0.000000 0.100000 0.000000
vn 0.046472 0.088546 0.000000
vn 0.082298 0.056806 0.000000
vn 0.099271 0.012054 0.000000
vn 0.093502 -0.035460 0.000000
vn 0.066312 -0.074851 0.000000
vn 0.023932 -0.097094 0.000000
vn -0.023932 -0.097094 0.000000
vn -0.066312 -0.074851 0.000000
vn -0.093502 -0.035460 0.000000
vn -0.099271 0.012054 0.000000
vn -0.082298 0.056806 0.000000
vn -0.046472 0.088546 0.000000
vn 0.023932 -0.097094 0.000000
vn 0.023932 -0.097094 0.000000
vn 0.023932 -0.097094 0.000000
vn 0.023932 -0.097094 0.000000
vn 0.000000 0.070711 0.070711
vn -0.030680 0.063708 0.070711
vn -0.055284 0.044087 0.070711
vn -0.068938 0.015735 0.070711
vn -0.068938 -0.015735 0.070711
vn -0.055284 -0.044087 0.070711
vn -0.030680 -0.063708 0.070711
vn 0.000000 -0.070711 0.070711
vn 0.030680 -0.063708 0.070711
vn 0.055284 -0.044087 0.070711
vn 0.068938 -0.015735 0.070711
vn 0.068938 0.015735 0.070711
vn 0.055284 0.044087 0.070711
vn 0.030680 0.063708 0.070711
vn 0.000000 0.070711 0.070711
vn 0.032861 0.062611 0.070711
vn 0.058194 0.040168 0.070711
vn 0.070195 0.008523 0.070711
vn 0.066116 -0.025074 0.070711
vn 0.046890 -0.052928 0.070711
vn 0.016922 -0.068656 0.070711
vn -0.016922 -0.068656 0.070711
vn -0.046890 -0.052928 0.070711
vn -0.066116 -0.025074 0.070711
vn -0.070195 0.008523 0.070711
vn -0.058194 0.040168 0.070711
vn -0.032861 0.062611 0.070711
vn 0.000000 -0.070711 0.070711
vn 0.000000 -0.070711 0.070711
vn 0.016922 -0.068656 0.070711
vn 0.016922 -0.068656 0.070711
vn 0.100000 0.000000 0.000000
vn 0.100000 0.000000 0.000000
vn 0.100000 0.000000 0.000000
vn 0.100000 0.000000 0.000000
vn 0.000000 0.000000 0.100000
vn 0.000000 0.000000 0.100000
vn 0.000000 0.000000 0.100000
vn 0.000000 0.000000 0.100000
vn 0.000000 0.000000 0.100000
vn 0.000000 0.000000 0.100000
vn 0.000000 0.000000 0.100000
vn 0.000000 0.000000 0.100000
vn 0.000000 0.000000 0.100000
vn 0.000000 0.000000 0.100000
vn 0.000000 0.000000 0.100000
vn 0.000000 0.000000 0.100000
vn 0.000000 0.000000 0.100000
vn 0.000000 0.000000 0.100000
vn 0.000000 0.000000 0.100000
vn 0.046397 0.088585 0.000000
vn 0.046397 0.088585 0.000000
vn 0.079427 0.060757 0.000000
vn 0.097640 0.021595 0.000000
vn 0.097640 -0.021595 0.000000
vn 0.079427 -0.060757 0.000000
vn 0.046397 -0.088585 0.000000
vn 0.046397 -0.088585 0.000000
vn 0.079427 -0.060757 0.000000
vn 0.097640 -0.021595 0.000000
vn 0.097640 0.021595 0.000000
vn 0.079427 0.060757 0.000000
vn 0.000000 0.100000 0.000000
vn 0.000000 0.100000 0.000000
vn 0.000000 0.100000 0.000000
vn 0.000000 0.100000 0.000000
vn 0.000000 0.000000 -0.100000
vn 0.000000 0.000000 -0.100000
vn 0.000000 0.000000 -0.100000
vn 0.000000 0.000000 -0.100000
vn 0.000000 0.000000 -0.100000
vn 0.000000 0.000000 -0.100000
vn 0.000000 0.000000 -0.100000
vn 0.000000 0.000000 -0.100000
vn 0.000000 0.000000 -0.100000
vn 0.000000 0.000000 -0.100000
vn 0.000000 0.000000 -0.100000
vn 0.000000 0.000000 -0.100000
vn 0.000000 0.000000 -0.100000
vn 0.000000 0.000000 -0.100000
vn 0.000000 0.000000 -0.100000
vn 0.000000 0.000000 -0.100000
vn 0.000000 0.000000 -0.100000
vn 0.000000 0.000000 -0.100000
vn 0.000000 -0.100000 0.000000
vn 0.000000 -0.100000 0.000000
vn 0.000000 -0.100000 0.000000
vn 0.000000 -0.100000 0.000000
vn 0.086603 -0.050000 0.000000
vn 0.086603 -0.050000 0.000000
vn 0.086603 -0.050000 0.000000
vn 0.086603 -0.050000 0.000000
vn 0.086603 0.050000 0.000000
vn 0.086603 0.050000 0.000000
vn 0.086603 0.050000 0.000000
vn 0.086603 0.050000 0.000000
vn 0.000000 0.100000 0.000000
vn -0.046472 0.088546 0.000000
vn -0.082298 0.056806 0.000000
vn -0.099271 0.012054 0.000000
vn -0.093502 -0.035460 0.000000
vn -0.066312 -0.074851 0.000000
vn -0.023932 -0.097094 0.000000
vn 0.023932 -0.097094 0.000000
vn 0.066312 -0.074851 0.000000
vn 0.093502 -0.035460 0.000000
vn 0.099271 0.012054 0.000000
vn 0.082298 0.056806 0.000000
vn 0.046472 0.088546 0.000000
vn 0.000000 0.100000 0.000000
vn 0.046472 0.088546 0.000000
vn 0.082298 0.056806 0.000000
vn 0.099271 0.012054 0.000000
vn 0.093502 -0.035460 0.000000
vn 0.066312 -0.074851 0.000000
vn 0.023932 -0.097094 0.000000
vn -0.023932 -0.097094 0.000000
vn -0.066312 -0.074851 0.000000
vn -0.093502 -0.035460 0.000000
vn -0.099271 0.012054 0.000000
vn -0.082298 0.056806 0.000000
vn -0.046472 0.088546 0.000000
vn 0.023932 -0.097094 0.000000
vn 0.023932 -0.097094 0.000000
vn 0.023932 -0.097094 0.000000
vn 0.023932 -0.097094 0.000000
vn 0.000000 0.070711 0.070711
vn -0.030680 0.063708 0.070711
vn -0.055284 0.044087 0.070711
vn -0.068938 0.015735 0.070711
vn -0.068938 -0.015735 0.070711
vn -0.055284 -0.044087 0.070711
vn -0.030680 -0.063708 0.070711
vn 0.000000 -0.070711 0.070711
vn 0.030680 -0.063708 0.070711
vn 0.055284 -0.044087 0.070711
vn 0.068938 -0.015735 0.070711
vn 0.068938 0.015735 0.070711
vn 0.055284 0.044087 0.070711
vn 0.030680 0.063708 0.070711
vn 0.000000 0.070711 0.070711
vn 0.032861 0.062611 0.070711
vn 0.058194 0.040168 0.070711
vn 0.070195 0.008523 0.070711
vn 0.066116 -0.025074 0.070711
vn 0.046890 -0.052928 0.070711
vn 0.016922 -0.068656 0.070711
vn -0.016922 -0.068656 0.070711
vn -0.046890 -0.052928 0.070711
vn -0.066116 -0.025074 0.070711
vn -0.070195 0.008523 0.070711
vn -0.058194 0.040168 0.070711
vn -0.032861 0.062611 0.070711
vn 0.000000 -0.070711 0.070711
vn 0.000000 -0.070711 0.070711
vn 0.016922 -0.068656 0.070711
vn 0.016922 -0.068656 0.070711
vn 0.000000 0.100000 0.000000
vn 0.019509 0.098079 0.000000
vn 0.038268 0.092388 0.000000
vn 0.055557 0.083147 0.000000
vn 0.070711 0.070711 0.000000
vn 0.083147 0.055557 0.000000
vn 0.092388 0.038268 0.000000
vn 0.098079 0.019509 0.000000
vn 0.100000 0.000000 0.000000
vn 0.100000 0.000000 0.000000
vn 0.098079 0.019509 0.000000
vn 0.092388 0.038268 0.000000
vn 0.083147 0.055557 0.000000
vn 0.070711 0.070711 0.000000
vn 0.055557 0.083147 0.000000
vn 0.038268 0.092388 0.000000
vn 0.019509 0.098079 0.000000
vn 0.000000 0.100000 0.000000
vn 0.000000 0.100000 0.000000
vn 0.000000 0.100000 0.000000
vn 0.000000 0.100000 0.000000
vn 0.000000 0.100000 0.000000
vn 0.000000 0.000000 0.100000
vn 0.000000 0.000000 0.100000
vn 0.000000 0.000000 0.100000
vn 0.000000 0.000000 0.100000
vn 0.000000 0.000000 0.100000
vn 0.000000 0.000000 0.100000
vn 0.100000 0.000000 0.000000
vn 0.100000 0.000000 0.000000
vn 0.100000 0.000000 0.000000
vn 0.100000 0.000000 0.000000
vn 0.100000 0.000000 0.000000
vn 0.100000 0.000000 0.000000
vn 0.100000 0.000000 0.000000
vn 0.100000 0.000000 0.000000
vn 0.100000 0.000000 0.000000
vn 0.100000 0.000000 0.000000
vn 0.100000 0.000000 0.000000
vn 0.100000 0.000000 0.000000
vn 0.100000 0.000000 0.000000
vn 0.100000 0.000000 0.000000
vn 0.100000 0.000000 0.000000
vn 0.100000 0.000000 0.000000
vn 0.000000 0.000000 0.100000
vn 0.000000 0.000000 0.100000
vn 0.000000 0.000000 0.100000
vn 0.000000 0.000000 0.100000
vn 0.000000 0.000000 0.100000
vn 0.000000 0.000000 0.100000
vn 0.000000 0.000000 0.100000
vn 0.000000 0.000000 0.100000
vn 0.000000 0.000000 0.100000
vn 0.000000 0.000000 0.100000
vn 0.000000 0.000000 0.100000
vn 0.000000 0.000000 0.100000
vn 0.000000 0.000000 0.100000
vn 0.000000 0.000000 0.100000
vn 0.000000 0.100000 0.000000
vn 0.000000 0.100000 0.000000
vn 0.000000 0.100000 0.000000
vn 0.000000 0.100000 0.000000
vn 0.046397 0.088585 0.000000
vn 0.046397 0.088585 0.000000
vn 0.046397 0.088585 0.000000
vn 0.046397 0.088585 0.000000
vn 0.000000 0.000000 0.100000
vn 0.000000 0.000000 0.100000
vn 0.000000 0.000000 0.100000
vn 0.000000 0.000000 0.100000
vn 0.000000 0.000000 0.100000
vn 0.000000 0.000000 0.100000
vn 0.000000 0.000000 0.100000
vn 0.000000 0.000000 0.100000
vn 0.000000 0.000000 0.100000
vn 0.000000 0.000000 0.100000
vn 0.000000 0.000000 0.100000
vn 0.000000 0.000000 0.100000
vn 0.000000 0.000000 0.100000
vn 0.000000 0.000000 0.100000
vn 0.000000 0.000000 0.100000
vn 0.000000 -0.100000 0.000000
vn 0.000000 -0.100000 0.000000
vn 0.000000 -0.100000 0.000000
vn 0.000000 -0.100000 0.000000
vn 0.046397 -0.088585 0.000000
vn 0.046397 -0.088585 0.000000
vn 0.046397 -0.088585 0.000000
vn 0.046397 -0.088585 0.000000
vn 0.000000 0.100000 0.000000
vn 0.046472 0.088546 0.000000
vn 0.082298 0.056806 0.000000
vn 0.099271 0.012054 0.000000
vn 0.093502 -0.035460 0.000000
vn 0.066312 -0.074851 0.000000
vn 0.023932 -0.097094 0.000000
vn -0.023932 -0.097094 0.000000
vn -0.066312 -0.074851 0.000000
vn -0.093502 -0.035460 0.000000
vn -0.099271 0.012054 0.000000
vn -0.082298 0.056806 0.000000
vn -0.046472 0.088546 0.000000
vn 0.046397 0.088585 0.000000
vn 0.002619 0.099966 0.000000
vn -0.041695 0.090893 0.000000
vn -0.077478 0.063223 0.000000
vn -0.097409 0.022617 0.000000
vn -0.097409 -0.022617 0.000000
vn -0.077478 -0.063223 0.000000
vn -0.041695 -0.090893 0.000000
vn 0.002619 -0.099966 0.000000
vn 0.046397 -0.088585 0.000000
vn 0.046397 -0.088585 0.000000
vn 0.079427 -0.060757 0.000000
vn 0.097640 -0.021595 0.000000
vn 0.097640 0.021595 0.000000
vn 0.079427 0.060757 0.000000
vn 0.046397 0.088585 0.000000
vn 0.002619 -0.099966 0.000000
vn 0.002619 -0.099966 0.000000
vn 0.023932 -0.097094 0.000000
vn 0.023932 -0.097094 0.000000
vn 0.000000 0.070711 -0.070711
vn 0.030680 0.063708 -0.070711
vn 0.055284 0.044087 -0.070711
vn 0.068938 0.015735 -0.070711
vn 0.068938 -0.015735 -0.070711
vn 0.055284 -0.044087 -0.070711
vn 0.030680 -0.063708 -0.070711
vn 0.000000 -0.070711 -0.070711
vn -0.030680 -0.063708 -0.070711
vn -0.055284 -0.044087 -0.070711
vn -0.068938 -0.015735 -0.070711
vn -0.068938 0.015735 -0.070711
vn -0.055284 0.044087 -0.070711
vn -0.030680 0.063708 -0.070711
vn 0.000000 0.070711 -0.070711
vn -0.032861 0.062611 -0.070711
vn -0.058194 0.040168 -0.070711
vn -0.070195 0.008523 -0.070711
vn -0.066116 -0.025074 -0.070711
vn -0.046890 -0.052928 -0.070711
vn -0.016922 -0.068656 -0.070711
vn 0.016922 -0.068656 -0.070711
vn 0.046890 -0.052928 -0.070711
vn 0.066116 -0.025074 -0.070711
vn 0.070195 0.008523 -0.070711
vn 0.058194 0.040168 -0.070711
vn 0.032861 0.062611 -0.070711
vn 0.000000 -0.070711 -0.070711
vn 0.000000 -0.070711 -0.070711
vn -0.016922 -0.068656 -0.070711
vn -0.016922 -0.068656 -0.070711
vn 0.000000 0.100000 0.000000
vn 0.000000 0.100000 0.000000
vn 0.000000 0.100000 0.000000
vn 0.000000 0.100000 0.000000
vn 0.000000 0.100000 0.000000
vn 0.000000 0.000000 0.100000
vn 0.000000 0.000000 0.100000
vn 0.000000 0.000000 0.100000
vn 0.000000 0.000000 0.100000
vn 0.000000 0.000000 0.100000
vn 0.000000 0.000000 0.100000
vn 0.000000 0.000000 0.100000
vn 0.000000 0.000000 0.100000
vn 0.000000 -0.100000 0.000000
vn 0.000000 -0.100000 0.000000
vn 0.000000 -0.100000 0.000000
vn 0.000000 -0.100000 0.000000
vn 0.000000 -0.100000 0.000000
vn 0.100000 0.000000 0.000000
vn 0.100000 0.000000 0.000000
vn 0.100000 0.000000 0.000000
vn 0.100000 0.000000 0.000000
vn 0.100000 0.000000 0.000000
vn 0.100000 0.000000 0.000000
vn 0.100000 0.000000 0.000000
vn 0.100000 0.000000 0.000000
vn 0.100000 0.000000 0.000000
vn 0.100000 0.000000 0.000000
vn 0.100000 0.000000 0.000000
vn 0.100000 0.000000 0.000000
vn 0.000000 0.000000 0.100000
vn 0.000000 0.000000 0.100000
vn 0.000000 0.000000 0.100000
vn 0.000000 0.000000 0.100000
vn 0.000000 0.000000 0.100000
vn 0.000000 0.000000 0.100000
vn 0.000000 0.000000 0.100000
vn 0.000000 0.000000 0.100000
vn 0.000000 0.000000 0.100000
vn 0.000000 0.000000 0.100000
vn 0.000000 0.000000 0.100000
vn 0.000000 0.000000 0.100000
vn 0.000000 0.000000 0.100000
vn 0.000000 0.000000 0.100000
vn 0.000000 0.100000 0.000000
vn 0.000000 0.100000 0.000000
vn 0.000000 0.100000 0.000000
vn 0.000000 0.100000 0.000000
vn 0.046397 0.088585 0.000000
vn 0.046397 0.088585 0.000000
vn 0.046397 0.088585 0.000000
vn 0.046397 0.088585 0.000000
vn 0.000000 0.000000 0.100000
vn 0.000000 0.000000 0.100000
vn 0.000000 0.000000 0.100000
vn 0.000000 0.000000 0.100000
vn 0.000000 0.000000 0.100000
vn 0.000000 0.000000 0.100000
vn 0.000000 0.000000 0.100000
vn 0.000000 0.000000 0.100000
vn 0.000000 0.000000 0.100000
vn 0.000000 0.000000 0.100000
vn 0.000000 0.000000 0.100000
vn 0.000000 0.000000 0.100000
vn 0.000000 0.000000 0.100000
vn 0.000000 0.000000 0.100000
vn 0.000000 0.000000 0.100000
vn 0.000000 -0.100000 0.000000
vn 0.000000 -0.100000 0.000000
vn 0.000000 -0.100000 0.000000
vn 0.000000 -0.100000 0.000000
vn 0.046397 -0.088585 0.000000
vn 0.046397 -0.088585 0.000000
vn 0.046397 -0.088585 0.000000
vn 0.046397 -0.088585 0.000000
vn 0.000000 0.100000 0.000000
vn 0.046472 0.088546 0.000000
vn 0.082298 0.056806 0.000000
vn 0.099271 0.012054 0.000000
vn 0.093502 -0.035460 0.000000
vn 0.066312 -0.074851 0.000000
vn 0.023932 -0.097094 0.000000
vn -0.023932 -0.097094 0.000000
vn -0.066312 -0.074851 0.000000
vn -0.093502 -0.035460 0.000000
vn -0.099271 0.012054 0.000000
vn -0.082298 0.056806 0.000000
vn -0.046472 0.088546 0.000000
vn 0.046397 0.088585 0.000000
vn 0.002619 0.099966 0.000000
vn -0.041695 0.090893 0.000000
vn -0.077478 0.063223 0.000000
vn -0.097409 0.022617 0.000000
vn -0.097409 -0.022617 0.000000
vn -0.077478 -0.063223 0.000000
vn -0.041695 -0.090893 0.000000
vn 0.002619 -0.099966 0.000000
vn 0.046397 -0.088585 0.000000
vn 0.046397 -0.088585 0.000000
vn 0.079427 -0.060757 0.000000
vn 0.097640 -0.021595 0.000000
vn 0.097640 0.021595 0.000000
vn 0.079427 0.060757 0.000000
vn 0.046397 0.088585 0.000000
vn 0.002619 -0.099966 0.000000
vn 0.002619 -0.099966 0.000000
vn 0.023932 -0.097094 0.000000
vn 0.023932 -0.097094 0.000000
vn 0.000000 0.070711 -0.070711
vn 0.030680 0.063708 -0.070711
vn 0.055284 0.044087 -0.070711
vn 0.068938 0.015735 -0.070711
vn 0.068938 -0.015735 -0.070711
vn 0.055284 -0.044087 -0.070711
vn 0.030680 -0.063708 -0.070711
vn 0.000000 -0.070711 -0.070711
vn -0.030680 -0.063708 -0.070711
vn -0.055284 -0.044087 -0.070711
vn -0.068938 -0.015735 -0.070711
vn -0.068938 0.015735 -0.070711
vn -0.055284 0.044087 -0.070711
vn -0.030680 0.063708 -0.070711
vn 0.000000 0.070711 -0.070711
vn -0.032861 0.062611 -0.070711
vn -0.058194 0.040168 -0.070711
vn -0.070195 0.008523 -0.070711
vn -0.066116 -0.025074 -0.070711
vn -0.046890 -0.052928 -0.070711
vn -0.016922 -0.068656 -0.070711
vn 0.016922 -0.068656 -0.070711
vn 0.046890 -0.052928 -0.070711
vn 0.066116 -0.025074 -0.070711
vn 0.070195 0.008523 -0.070711
vn 0.058194 0.040168 -0.070711
vn 0.032861 0.062611 -0.070711
vn 0.000000 -0.070711 -0.070711
vn 0.000000 -0.070711 -0.070711
vn -0.016922 -0.068656 -0.070711
vn -0.016922 -0.068656 -0.070711
vn 0.000000 0.100000 0.000000
vn 0.000000 0.100000 0.000000
vn 0.000000 0.100000 0.000000
vn 0.000000 0.100000 0.000000
vn 0.000000 0.100000 0.000000
vn 0.000000 0.000000 0.100000
vn 0.000000 0.000000 0.100000
vn 0.000000 0.000000 0.100000
vn 0.000000 0.000000 0.100000
vn 0.000000 0.000000 0.100000
vn 0.000000 0.000000 0.100000
vn 0.000000 0.000000 0.100000
vn 0.000000 0.000000 0.100000
vn 0.000000 -0.100000 0.000000
vn 0.000000 -0.100000 0.000000
vn 0.000000 -0.100000 0.000000
vn 0.000000 -0.100000 0.000000
vn 0.000000 -0.100000 0.000000
vn 0.100000 0.000000 0.000000
vn 0.100000 0.000000 0.000000
vn 0.100000 0.000000 0.000000
vn 0.100000 0.000000 0.000000
vn 0.100000 0.000000 0.000000
vn 0.100000 0.000000 0.000000
vn 0.100000 0.000000 0.000000
vn 0.100000 0.000000 0.000000
vn 0.100000 0.000000 0.000000
vn 0.100000 0.000000 0.000000
vn 0.100000 0.000000 0.000000
vn 0.100000 0.000000 0.000000
vn 0.000000 0.000000 0.100000
vn 0.000000 0.000000 0.100000
vn 0.000000 0.000000 0.100000
vn 0.000000 0.000000 0.100000
vn 0.000000 0.000000 0.100000
vn 0.000000 0.000000 0.100000
vn 0.000000 0.000000 0.100000
vn 0.000000 0.000000 0.100000
vn 0.000000 0.000000 0.100000
vn 0.000000 0.000000 0.100000
vn 0.000000 0.000000 0.100000
vn 0.000000 0.000000 0.100000
vn 0.000000 0.000000 0.100000
vn 0.000000 0.000000 0.100000
vn 0.000000 0.100000 0.000000
vn 0.000000 0.100000 0.000000
vn 0.000000 0.100000 0.000000
vn 0.000000 0.100000 0.000000
vn 0.046397 0.088585 0.000000
vn 0.046397 0.088585 0.000000
vn 0.046397 0.088585 0.000000
vn 0.046397 0.088585 0.000000
vn 0.000000 0.000000 0.100000
vn 0.000000 0.000000 0.100000
vn 0.000000 0.000000 0.100000
vn 0.000000 0.000000 0.100000
vn 0.000000 0.000000 0.100000
vn 0.000000 0.000000 0.100000
vn 0.000000 0.000000 0.100000
vn 0.000000 0.000000 0.100000
vn 0.000000 0.000000 0.100000
vn 0.000000 0.000000 0.100000
vn 0.000000 0.000000 0.100000
vn 0.000000 0.000000 0.100000
vn 0.000000 0.000000 0.100000
vn 0.000000 0.000000 0.100000
vn 0.000000 0.000000 0.100000
vn 0.000000 -0.100000 0.000000
vn 0.000000 -0.100000 0.000000
vn 0.000000 -0.100000 0.000000
vn 0.000000 -0.100000 0.000000
vn 0.046397 -0.088585 0.000000
vn 0.046397 -0.088585 0.000000
vn 0.046397 -0.088585 0.000000
vn 0.046397 -0.088585 0.000000
vn 0.000000 0.100000 0.000000
vn 0.046472 0.088546 0.000000
vn 0.082298 0.056806 0.000000
vn 0.099271 0.012054 0.000000
vn 0.093502 -0.035460 0.000000
vn 0.066312 -0.074851 0.000000
vn 0.023932 -0.097094 0.000000
vn -0.023932 -0.097094 0.000000
vn -0.066312 -0.074851 0.000000
vn -0.093502 -0.035460 0.000000
vn -0.099271 0.012054 0.000000
vn -0.082298 0.056806 0.000000
vn -0.046472 0.088546 0.000000
vn 0.046397 0.088585 0.000000
vn 0.002619 0.099966 0.000000
vn -0.041695 0.090893 0.000000
vn -0.077478 0.063223 0.000000
vn -0.097409 0.022617 0.000000
vn -0.097409 -0.022617 0.000000
vn -0.077478 -0.063223 0.000000
vn -0.041695 -0.090893 0.000000
vn 0.002619 -0.099966 0.000000
vn 0.046397 -0.088585 0.000000
vn 0.046397 -0.088585 0.000000
vn 0.079427 -0.060757 0.000000
vn 0.097640 -0.021595 0.000000
vn 0.097640 0.021595 0.000000
vn 0.079427 0.060757 0.000000
vn 0.046397 0.088585 0.000000
vn 0.002619 -0.099966 0.000000
vn 0.002619 -0.099966 0.000000
vn 0.023932 -0.097094 0.000000
vn 0.023932 -0.097094 0.000000
vn 0.000000 0.070711 -0.070711
vn 0.030680 0.063708 -0.070711
vn 0.055284 0.044087 -0.070711
vn 0.068938 0.015735 -0.070711
vn 0.068938 -0.015735 -0.070711
vn 0.055284 -0.044087 -0.070711
vn 0.030680 -0.063708 -0.070711
vn 0.000000 -0.070711 -0.070711
vn -0.030680 -0.063708 -0.070711
vn -0.055284 -0.044087 -0.070711
vn -0.068938 -0.015735 -0.070711
vn -0.068938 0.015735 -0.070711
vn -0.055284 0.044087 -0.070711
vn -0.030680 0.063708 -0.070711
vn 0.000000 0.070711 -0.070711
vn -0.032861 0.062611 -0.070711
vn -0.058194 0.040168 -0.070711
vn -0.070195 0.008523 -0.070711
vn -0.066116 -0.025074 -0.070711
vn -0.046890 -0.052928 -0.070711
vn -0.016922 -0.068656 -0.070711
vn 0.016922 -0.068656 -0.070711
vn 0.046890 -0.052928 -0.070711
vn 0.066116 -0.025074 -0.070711
vn 0.070195 0.008523 -0.070711
vn 0.058194 0.040168 -0.070711
vn 0.032861 0.062611 -0.070711
vn 0.000000 -0.070711 -0.070711
vn 0.000000 -0.070711 -0.070711
vn -0.016922 -0.068656 -0.070711
vn -0.016922 -0.068656 -0.070711
vn 0.000000 0.100000 0.000000
vn 0.000000 0.100000 0.000000
vn 0.000000 0.100000 0.000000
vn 0.000000 0.100000 0.000000
vn 0.000000 0.100000 0.000000
vn 0.000000 0.000000 0.100000
vn 0.000000 0.000000 0.100000
vn 0.000000 0.000000 0.100000
vn 0.000000 0.000000 0.100000
vn 0.000000 0.000000 0.100000
vn 0.000000 0.000000 0.100000
vn 0.000000 0.000000 0.100000
vn 0.000000 0.000000 0.100000
vn 0.000000 -0.100000 0.000000
vn 0.000000 -0.100000 0.000000
vn 0.000000 -0.100000 0.000000
vn 0.000000 -0.100000 0.000000
vn 0.000000 -0.100000 0.000000
vn 0.100000 0.000000 0.000000
vn 0.100000 0.000000 0.000000
vn 0.100000 0.000000 0.000000
vn 0.100000 0.000000 0.000000
vn 0.100000 0.000000 0.000000
vn 0.100000 0.000000 0.000000
vn 0.100000 0.000000 0.000000
vn 0.100000 0.000000 0.000000
vn 0.100000 0.000000 0.000000
vn 0.100000 0.000000 0.000000
vn 0.100000 0.000000 0.000000
vn 0.100000 0.000000 0.000000
vn 0.000000 0.000000 0.100000
vn 0.000000 0.000000 0.100000
vn 0.000000 0.000000 0.100000
vn 0.000000 0.000000 0.100000
vn 0.000000 0.000000 0.100000
vn 0.000000 0.000000 0.100000
vn 0.000000 0.000000 0.100000
vn 0.000000 0.000000 0.100000
vn 0.000000 0.000000 0.100000
vn 0.000000 0.000000 0.100000
vn 0.000000 0.000000 0.100000
vn 0.000000 0.000000 0.100000
vn 0.000000 0.000000 0.100000
vn 0.000000 0.000000 0.100000
vn 0.000000 0.100000 0.000000
vn 0.000000 0.100000 0.000000
vn 0.000000 0.100000 0.000000
vn 0.000000 0.100000 0.000000
vn 0.046397 0.088585 0.000000
vn 0.046397 0.088585 0.000000
vn 0.046397 0.088585 0.000000
vn 0.046397 0.088585 0.000000
vn 0.000000 0.000000 0.100000
vn 0.000000 0.000000 0.100000
vn 0.000000 0.000000 0.100000
vn 0.000000 0.000000 0.100000
vn 0.000000 0.000000 0.100000
vn 0.000000 0.000000 0.100000
vn 0.000000 0.000000 0.100000
vn 0.000000 0.000000 0.100000
vn 0.000000 0.000000 0.100000
vn 0.000000 0.000000 0.100000
vn 0.000000 0.000000 0.100000
vn 0.000000 0.000000 0.100000
vn 0.000000 0.000000 0.100000
vn 0.000000 0.000000 0.100000
vn 0.000000 0.000000 0.100000
vn 0.000000 -0.100000 0.000000
vn 0.000000 -0.100000 0.000000
vn 0.000000 -0.100000 0.000000
vn 0.000000 -0.100000 0.000000
vn 0.046397 -0.088585 0.000000
vn 0.046397 -0.088585 0.000000
vn 0.046397 -0.088585 0.000000
vn 0.046397 -0.088585 0.000000
vn 0.000000 0.100000 0.000000
vn 0.046472 0.088546 0.000000
vn 0.082298 0.056806 0.000000
vn 0.099271 0.012054 0.000000
vn 0.093502 -0.035460 0.000000
vn 0.066312 -0.074851 0.000000
vn 0.023932 -0.097094 0.000000
vn -0.023932 -0.097094 0.000000
vn -0.066312 -0.074851 0.000000
vn -0.093502 -0.035460 0.000000
vn -0.099271 0.012054 0.000000
vn -0.082298 0.056806 0.000000
vn -0.046472 0.088546 0.000000
vn 0.046397 0.088585 0.000000
vn 0.002619 0.099966 0.000000
vn -0.041695 0.090893 0.000000
vn -0.077478 0.063223 0.000000
vn -0.097409 0.022617 0.000000
vn -0.097409 -0.022617 0.000000
vn -0.077478 -0.063223 0.000000
vn -0.041695 -0.090893 0.000000
vn 0.002619 -0.099966 0.000000
vn 0.046397 -0.088585 0.000000
vn 0.046397 -0.088585 0.000000
vn 0.079427 -0.060757 0.000000
vn 0.097640 -0.021595 0.000000
vn 0.097640 0.021595 0.000000
vn 0.079427 0.060757 0.000000
vn 0.046397 0.088585 0.000000
vn 0.002619 -0.099966 0.000000
vn 0.002619 -0.099966 0.000000
vn 0.023932 -0.097094 0.000000
vn 0.023932 -0.097094 0.000000
vn 0.000000 0.070711 -0.070711
vn 0.030680 0.063708 -0.070711
vn 0.055284 0.044087 -0.070711
vn 0.068938 0.015735 -0.070711
vn 0.068938 -0.015735 -0.070711
vn 0.055284 -0.044087 -0.070711
vn 0.030680 -0.063708 -0.070711
vn 0.000000 -0.070711 -0.070711
vn -0.030680 -0.063708 -0.070711
vn -0.055284 -0.044087 -0.070711
vn -0.068938 -0.015735 -0.070711
vn -0.068938 0.015735 -0.070711
vn -0.055284 0.044087 -0.070711
vn -0.030680 0.063708 -0.070711
vn 0.000000 0.070711 -0.070711
vn -0.032861 0.062611 -0.070711
vn -0.058194 0.040168 -0.070711
vn -0.070195 0.008523 -0.070711
vn -0.066116 -0.025074 -0.070711
vn -0.046890 -0.052928 -0.070711
vn -0.016922 -0.068656 -0.070711
vn 0.016922 -0.068656 -0.070711
vn 0.046890 -0.052928 -0.070711
vn 0.066116 -0.025074 -0.070711
vn 0.070195 0.008523 -0.070711
vn 0.058194 0.040168 -0.070711
vn 0.032861 0.062611 -0.070711
vn 0.000000 -0.070711 -0.070711
vn 0.000000 -0.070711 -0.070711
vn -0.016922 -0.068656 -0.070711
vn -0.016922 -0.068656 -0.070711
vn 0.000000 0.100000 0.000000
vn 0.000000 0.100000 0.000000
vn 0.000000 0.100000 0.000000
vn 0.000000 0.100000 0.000000
vn 0.000000 0.100000 0.000000
vn 0.000000 0.000000 0.100000
vn 0.000000 0.000000 0.100000
vn 0.000000 0.000000 0.100000
vn 0.000000 0.000000 0.100000
vn 0.000000 0.000000 0.100000
vn 0.000000 0.000000 0.100000
vn 0.000000 0.000000 0.100000
vn 0.000000 0.000000 0.100000
vn 0.000000 0.000000 0.100000
vn 0.100000 0.000000 0.000000
vn 0.100000 0.000000 0.000000
vn 0.100000 0.000000 0.000000
vn 0.100000 0.000000 0.000000
vn 0.000000 -0.100000 0.000000
vn 0.000000 -0.100000 0.000000
vn 0.000000 -0.100000 0.000000
vn 0.000000 -0.100000 0.000000
vn 0.000000 0.000000 -0.100000
vn 0.000000 0.000000 -0.100000
vn 0.000000 0.000000 -0.100000
vn 0.000000 0.000000 -0.100000
vn 0.000000 0.000000 -0.100000
vn 0.086603 -0.050000 0.000000
vn 0.086603 -0.050000 0.000000
vn 0.086603 -0.050000 0.000000
vn 0.086603 -0.050000 0.000000
vn 0.086603 0.050000 0.000000
vn 0.086603 0.050000 0.000000
vn 0.086603 0.050000 0.000000
vn 0.086603 0.050000 0.000000
vn 0.100000 0.000000 0.000000
vn 0.100000 0.000000 0.000000
vn 0.100000 0.000000 0.000000
vn 0.100000 0.000000 0.000000
vn 0.000000 0.000000 -0.100000
vn 0.000000 0.000000 -0.100000
vn 0.000000 0.000000 -0.100000
vn 0.000000 0.000000 -0.100000
vn 0.000000 0.000000 -0.100000
vn 0.086603 -0.050000 0.000000
vn 0.086603 -0.050000 0.000000
vn 0.086603 -0.050000 0.000000
vn 0.086603 -0.050000 0.000000
vn 0.086603 0.050000 0.000000
vn 0.086603 0.050000 0.000000
vn 0.086603 0.050000 0.000000
vn 0.086603 0.050000 0.000000
vn 0.100000 0.000000 0.000000
vn 0.100000 0.000000 0.000000
vn 0.100000 0.000000 0.000000
vn 0.100000 0.000000 0.000000
vn 0.000000 0.000000 -0.100000
vn 0.000000 0.000000 -0.100000
vn 0.000000 0.000000 -0.100000
vn 0.000000 0.000000 -0.100000
vn 0.000000 0.000000 -0.100000
vn 0.086603 -0.050000 0.000000
vn 0.086603 -0.050000 0.000000
vn 0.086603 -0.050000 0.000000
vn 0.086603 -0.050000 0.000000
vn 0.086603 0.050000 0.000000
vn 0.086603 0.050000 0.000000
vn 0.086603 0.050000 0.000000
vn 0.086603 0.050000 0.000000
vn 0.100000 0.000000 0.000000
vn 0.100000 0.000000 0.000000
vn 0.100000 0.000000 0.000000
vn 0.100000 0.000000 0.000000
vn 0.000000 0.000000 -0.100000
vn 0.000000 0.000000 -0.100000
vn 0.000000 0.000000 -0.100000
vn 0.000000 0.000000 -0.100000
vn 0.000000 0.000000 -0.100000
vn 0.000000 -0.100000 0.000000
vn 0.000000 -0.100000 0.000000
vn 0.000000 -0.100000 0.000000
vn 0.000000 -0.100000 0.000000
vn 0.000000 -0.100000 0.000000
vn 0.086603 -0.050000 0.000000
vn 0.086603 -0.050000 0.000000
vn 0.086603 -0.050000 0.000000
vn 0.086603 -0.050000 0.000000
vn 0.086603 0.050000 0.000000
vn 0.086603 0.050000 0.000000
vn 0.086603 0.050000 0.000000
vn 0.086603 0.050000 0.000000
vn 0.000000 -0.070711 0.070711
vn 0.000000 -0.070711 0.070711
vn 0.000000 -0.070711 0.070711
vn 0.000000 -0.070711 0.070711
vn 0.000000 -0.070711 0.070711
vn 0.100000 0.000000 0.000000
vn 0.100000 0.000000 0.000000
vn 0.100000 0.000000 0.000000
vn 0.100000 0.000000 0.000000
vn 0.000000 -0.100000 0.000000
vn 0.000000 -0.100000 0.000000
vn 0.000000 -0.100000 0.000000
vn 0.000000 -0.100000 0.000000
vn 0.000000 0.000000 -0.100000
vn 0.000000 0.000000 -0.100000
vn 0.000000 0.000000 -0.100000
vn 0.000000 0.000000 -0.100000
vn 0.000000 0.000000 -0.100000
vn 0.000000 0.000000 -0.100000
vn 0.000000 0.000000 -0.100000
vn 0.000000 0.000000 -0.100000
vn 0.000000 0.000000 -0.100000
vn -0.088585 -0.046397 0.000000
vn -0.088585 -0.046397 0.000000
vn -0.088585 -0.046397 0.000000
vn -0.088585 -0.046397 0.000000
vn -0.088585 -0.046397 0.000000
vn 0.000000 0.000000 0.100000
vn 0.000000 0.000000 0.100000
vn 0.000000 0.000000 0.100000
vn 0.000000 0.000000 0.100000
vn 0.000000 0.000000 0.100000
vn 0.000000 0.000000 0.100000
vn 0.000000 0.000000 0.100000
vn 0.000000 0.000000 0.100000
vn 0.088585 -0.046397 0.000000
vn 0.088585 -0.046397 0.000000
vn 0.088585 -0.046397 0.000000
vn 0.088585 -0.046397 0.000000
vn 0.088585 -0.046397 0.000000
vn 0.000000 0.000000 -0.100000
vn 0.000000 0.000000 -0.100000
vn 0.000000 0.000000 -0.100000
vn 0.000000 0.000000 -0.100000
vn 0.000000 0.000000 -0.100000
vn 0.000000 0.000000 -0.100000
vn 0.000000 -0.070711 -0.070711
vn 0.000000 -0.070711 -0.070711
vn 0.000000 -0.070711 -0.070711
vn 0.000000 -0.070711 -0.070711
vn 0.100000 0.000000 0.000000
vn 0.100000 0.000000 0.000000
vn 0.100000 0.000000 0.000000
vn 0.100000 0.000000 0.000000
vn 0.000000 -0.100000 0.000000
vn 0.000000 -0.100000 0.000000
vn 0.000000 -0.100000 0.000000
vn 0.000000 -0.100000 0.000000
vn 0.000000 -0.100000 0.000000
vn 0.000000 -0.100000 0.000000
vn 0.000000 -0.100000 0.000000
vn 0.000000 -0.100000 0.000000
vn 0.000000 -0.100000 0.000000
vn 0.000000 -0.100000 0.000000
vn 0.000000 -0.100000 0.000000
vn 0.000000 -0.100000 0.000000
vn -0.100000 0.000000 0.000000
vn -0.100000 0.000000 0.000000
vn -0.100000 0.000000 0.000000
vn -0.100000 0.000000 0.000000
vn 0.000000 -0.070711 -0.070711
vn 0.000000 -0.070711 -0.070711
vn 0.000000 -0.070711 -0.070711
vn 0.000000 -0.070711 -0.070711
vn 0.100000 0.000000 0.000000
vn 0.100000 0.000000 0.000000
vn 0.100000 0.000000 0.000000
vn 0.100000 0.000000 0.000000
vn 0.100000 0.000000 0.000000
vn 0.100000 0.000000 0.000000
vn 0.100000 0.000000 0.000000
vn 0.000000 -0.070711 0.070711
vn 0.000000 -0.070711 0.070711
vn 0.000000 -0.070711 0.070711
vn 0.000000 -0.070711 0.070711
vn 0.000000 0.000000 0.100000
vn 0.000000 0.000000 0.100000
vn 0.000000 0.000000 0.100000
vn 0.000000 0.000000 0.100000
vn 0.000000 0.000000 0.100000
vn 0.000000 0.000000 0.100000
vn 0.000000 0.000000 0.100000
vn 0.000000 0.000000 0.100000
vn 0.000000 0.000000 0.100000
vn 0.000000 0.000000 0.100000
vn 0.000000 0.000000 0.100000
vn 0.000000 0.000000 0.100000
vn 0.000000 0.000000 0.100000
vn 0.000000 0.000000 0.100000
vn 0.000000 0.000000 0.100000
vn 0.100000 0.000000 0.000000
vn 0.100000 0.000000 0.000000
vn 0.100000 0.000000 0.000000
vn 0.100000 0.000000 0.000000
vn 0.000000 0.000000 -0.100000
vn 0.000000 0.000000 -0.100000
vn 0.000000 0.000000 -0.100000
vn 0.000000 0.000000 -0.100000
vn 0.000000 0.000000 -0.100000
vn 0.000000 0.000000 -0.100000
vn 0.000000 0.000000 -0.100000
vn 0.000000 0.000000 -0.100000
vn 0.000000 0.000000 -0.100000
vn 0.000000 0.000000 -0.100000
vn 0.000000 0.000000 -0.100000
vn 0.000000 0.000000 -0.100000
vn 0.000000 0.000000 -0.100000
vn 0.000000 0.000000 -0.100000
vn 0.000000 0.000000 -0.100000
vn 0.000000 0.000000 -0.100000
vn 0.000000 0.000000 -0.100000
vn 0.000000 0.000000 -0.100000
vn -0.100000 0.000000 0.000000
vn -0.100000 0.000000 0.000000
vn -0.100000 0.000000 0.000000
vn -0.100000 0.000000 0.000000
vn -0.050000 -0.086603 0.000000
vn -0.050000 -0.086603 0.000000
vn -0.050000 -0.086603 0.000000
vn -0.050000 -0.086603 0.000000
vn 0.050000 -0.086603 0.000000
vn 0.050000 -0.086603 0.000000
vn 0.050000 -0.086603 0.000000
vn 0.050000 -0.086603 0.000000
vn 0.000000 0.100000 0.000000
vn -0.046472 0.088546 0.000000
vn -0.082298 0.056806 0.000000
vn -0.099271 0.012054 0.000000
vn -0.093502 -0.035460 0.000000
vn -0.066312 -0.074851 0.000000
vn -0.023932 -0.097094 0.000000
vn 0.023932 -0.097094 0.000000
vn 0.066312 -0.074851 0.000000
vn 0.093502 -0.035460 0.000000
vn 0.099271 0.012054 0.000000
vn 0.082298 0.056806 0.000000
vn 0.046472 0.088546 0.000000
vn 0.000000 0.100000 0.000000
vn 0.046472 0.088546 0.000000
vn 0.082298 0.056806 0.000000
vn 0.099271 0.012054 0.000000
vn 0.093502 -0.035460 0.000000
vn 0.066312 -0.074851 0.000000
vn 0.023932 -0.097094 0.000000
vn -0.023932 -0.097094 0.000000
vn -0.066312 -0.074851 0.000000
vn -0.093502 -0.035460 0.000000
vn -0.099271 0.012054 0.000000
vn -0.082298 0.056806 0.000000
vn -0.046472 0.088546 0.000000
vn 0.023932 -0.097094 0.000000
vn 0.023932 -0.097094 0.000000
vn 0.023932 -0.097094 0.000000
vn 0.023932 -0.097094 0.000000
vn 0.000000 0.070711 0.070711
vn -0.030680 0.063708 0.070711
vn -0.055284 0.044087 0.070711
vn -0.068938 0.015735 0.070711
vn -0.068938 -0.015735 0.070711
vn -0.055284 -0.044087 0.070711
vn -0.030680 -0.063708 0.070711
vn 0.000000 -0.070711 0.070711
vn 0.030680 -0.063708 0.070711
vn 0.055284 -0.044087 0.070711
vn 0.068938 -0.015735 0.070711
vn 0.068938 0.015735 0.070711
vn 0.055284 0.044087 0.070711
vn 0.030680 0.063708 0.070711
vn 0.000000 0.070711 0.070711
vn 0.032861 0.062611 0.070711
vn 0.058194 0.040168 0.070711
vn 0.070195 0.008523 0.070711
vn 0.066116 -0.025074 0.070711
vn 0.046890 -0.052928 0.070711
vn 0.016922 -0.068656 0.070711
vn -0.016922 -0.068656 0.070711
vn -0.046890 -0.052928 0.070711
vn -0.066116 -0.025074 0.070711
vn -0.070195 0.008523 0.070711
vn -0.058194 0.040168 0.070711
vn -0.032861 0.062611 0.070711
vn 0.000000 -0.070711 0.070711
vn 0.000000 -0.070711 0.070711
vn 0.016922 -0.068656 0.070711
vn 0.016922 -0.068656 0.070711
vn 0.088585 -0.046397 0.000000
vn 0.060757 -0.079427 0.000000
vn 0.021595 -0.097640 0.000000
vn -0.021595 -0.097640 0.000000
vn -0.060757 -0.079427 0.000000
vn -0.088585 -0.046397 0.000000
vn -0.088585 -0.046397 0.000000
vn -0.060757 -0.079427 0.000000
vn -0.021595 -0.097640 0.000000
vn 0.021595 -0.097640 0.000000
vn 0.060757 -0.079427 0.000000
vn 0.088585 -0.046397 0.000000
vn 0.000000 -0.070711 0.070711
vn 0.000000 -0.070711 0.070711
vn 0.000000 -0.070711 0.070711
vn 0.000000 -0.070711 0.070711
vn -0.100000 0.000000 0.000000
vn -0.100000 0.000000 0.000000
vn -0.100000 0.000000 0.000000
vn -0.100000 0.000000 0.000000
vn -0.100000 0.000000 0.000000
vn -0.100000 0.000000 0.000000
vn 0.000000 -0.100000 0.000000
vn 0.000000 -0.100000 0.000000
vn 0.000000 -0.100000 0.000000
vn 0.000000 -0.100000 0.000000
vn 0.000000 -0.070711 0.070711
vn 0.000000 -0.070711 0.070711
vn 0.000000 -0.070711 0.070711
vn 0.000000 -0.070711 0.070711
vn 0.000000 -0.070711 0.070711
vn -0.100000 0.000000 0.000000
vn -0.100000 0.000000 0.000000
vn -0.100000 0.000000 0.000000
vn -0.100000 0.000000 0.000000
vn -0.070711 0.000000 0.070711
vn -0.070711 0.000000 0.070711
vn -0.070711 0.000000 0.070711
vn -0.070711 0.000000 0.070711
vn -0.070711 0.000000 0.070711
vn 0.000000 -0.100000 0.000000
vn 0.000000 -0.100000 0.000000
vn 0.000000 -0.100000 0.000000
vn 0.000000 -0.100000 0.000000
vn -0.100000 0.000000 0.000000
vn -0.100000 0.000000 0.000000
vn -0.100000 0.000000 0.000000
vn -0.100000 0.000000 0.000000
vn 0.000000 -0.100000 0.000000
vn 0.000000 -0.100000 0.000000
vn 0.000000 -0.100000 0.000000
vn 0.000000 -0.100000 0.000000
vn 0.000000 -0.100000 0.000000
vn 0.000000 -0.100000 0.000000
vn -0.100000 0.000000 0.000000
vn -0.100000 0.000000 0.000000
vn -0.100000 0.000000 0.000000
vn -0.100000 0.000000 0.000000
vn -0.100000 0.000000 0.000000
vn -0.100000 0.000000 0.000000
vn -0.100000 0.000000 0.000000
vn -0.100000 0.000000 0.000000
vn 0.000000 0.000000 -0.100000
vn 0.000000 0.000000 -0.100000
vn 0.000000 0.000000 -0.100000
vn 0.000000 0.000000 -0.100000
vn 0.000000 0.000000 -0.100000
vn 0.000000 0.000000 -0.100000
vn 0.000000 0.000000 -0.100000
vn 0.000000 0.000000 -0.100000
vn 0.000000 0.000000 -0.100000
vn 0.000000 0.000000 -0.100000
vn 0.000000 0.000000 -0.100000
vn 0.000000 0.000000 -0.100000
vn 0.000000 0.000000 -0.100000
vn 0.000000 0.000000 -0.100000
vn 0.000000 0.100000 0.000000
vn -0.046472 0.088546 0.000000
vn -0.082298 0.056806 0.000000
vn -0.099271 0.012054 0.000000
vn -0.093502 -0.035460 0.000000
vn -0.066312 -0.074851 0.000000
vn -0.023932 -0.097094 0.000000
vn 0.023932 -0.097094 0.000000
vn 0.066312 -0.074851 0.000000
vn 0.093502 -0.035460 0.000000
vn 0.099271 0.012054 0.000000
vn 0.082298 0.056806 0.000000
vn 0.046472 0.088546 0.000000
vn -0.046397 0.088585 0.000000
vn -0.002619 0.099966 0.000000
vn 0.041695 0.090893 0.000000
vn 0.077478 0.063223 0.000000
vn 0.097409 0.022617 0.000000
vn 0.097409 -0.022617 0.000000
vn 0.077478 -0.063223 0.000000
vn 0.041695 -0.090893 0.000000
vn -0.002619 -0.099966 0.000000
vn -0.046397 -0.088585 0.000000
vn -0.046397 -0.088585 0.000000
vn -0.079427 -0.060757 0.000000
vn -0.097640 -0.021595 0.000000
vn -0.097640 0.021595 0.000000
vn -0.079427 0.060757 0.000000
vn -0.046397 0.088585 0.000000
vn -0.002619 -0.099966 0.000000
vn -0.002619 -0.099966 0.000000
vn -0.023932 -0.097094 0.000000
vn -0.023932 -0.097094 0.000000
vn 0.000000 0.070711 0.070711
vn -0.030680 0.063708 0.070711
vn -0.055284 0.044087 0.070711
vn -0.068938 0.015735 0.070711
vn -0.068938 -0.015735 0.070711
vn -0.055284 -0.044087 0.070711
vn -0.030680 -0.063708 0.070711
vn 0.000000 -0.070711 0.070711
vn 0.030680 -0.063708 0.070711
vn 0.055284 -0.044087 0.070711
vn 0.068938 -0.015735 0.070711
vn 0.068938 0.015735 0.070711
vn 0.055284 0.044087 0.070711
vn 0.030680 0.063708 0.070711
vn 0.000000 0.070711 0.070711
vn 0.032861 0.062611 0.070711
vn 0.058194 0.040168 0.070711
vn 0.070195 0.008523 0.070711
vn 0.066116 -0.025074 0.070711
vn 0.046890 -0.052928 0.070711
vn 0.016922 -0.068656 0.070711
vn -0.016922 -0.068656 0.070711
vn -0.046890 -0.052928 0.070711
vn -0.066116 -0.025074 0.070711
vn -0.070195 0.008523 0.070711
vn -0.058194 0.040168 0.070711
vn -0.032861 0.062611 0.070711
vn 0.000000 -0.070711 0.070711
vn 0.000000 -0.070711 0.070711
vn 0.016922 -0.068656 0.070711
vn 0.016922 -0.068656 0.070711
vn 0.000000 0.100000 0.000000
vn 0.000000 0.100000 0.000000
vn 0.000000 0.100000 0.000000
vn 0.000000 0.100000 0.000000
vn 0.000000 0.100000 0.000000
vn 0.000000 0.100000 0.000000
vn -0.070711 0.000000 0.070711
vn -0.070711 0.000000 0.070711
vn -0.070711 0.000000 0.070711
vn -0.070711 0.000000 0.070711
vn -0.100000 0.000000 0.000000
vn -0.100000 0.000000 0.000000
vn -0.100000 0.000000 0.000000
vn -0.100000 0.000000 0.000000
vn -0.070711 0.000000 0.070711
vn -0.070711 0.000000 0.070711
vn -0.070711 0.000000 0.070711
vn -0.070711 0.000000 0.070711
vn 0.000000 -0.100000 0.000000
vn 0.000000 -0.100000 0.000000
vn 0.000000 -0.100000 0.000000
vn 0.000000 -0.100000 0.000000
vn 0.000000 -0.100000 0.000000
vn 0.000000 -0.100000 0.000000
vn -0.100000 0.000000 0.000000
vn -0.100000 0.000000 0.000000
vn -0.100000 0.000000 0.000000
vn -0.100000 0.000000 0.000000
vn -0.100000 0.000000 0.000000
vn -0.100000 0.000000 0.000000
vn -0.100000 0.000000 0.000000
vn -0.100000 0.000000 0.000000
vn 0.000000 0.000000 -0.100000
vn 0.000000 0.000000 -0.100000
vn 0.000000 0.000000 -0.100000
vn 0.000000 0.000000 -0.100000
vn 0.000000 0.000000 -0.100000
vn 0.000000 0.000000 -0.100000
vn 0.000000 0.000000 -0.100000
vn 0.000000 0.000000 -0.100000
vn 0.000000 0.000000 -0.100000
vn 0.000000 0.000000 -0.100000
vn 0.000000 0.000000 -0.100000
vn 0.000000 0.000000 -0.100000
vn 0.000000 0.000000 -0.100000
vn 0.000000 0.000000 -0.100000
vn 0.000000 0.100000 0.000000
vn -0.046472 0.088546 0.000000
vn -0.082298 0.056806 0.000000
vn -0.099271 0.012054 0.000000
vn -0.093502 -0.035460 0.000000
vn -0.066312 -0.074851 0.000000
vn -0.023932 -0.097094 0.000000
vn 0.023932 -0.097094 0.000000
vn 0.066312 -0.074851 0.000000
vn 0.093502 -0.035460 0.000000
vn 0.099271 0.012054 0.000000
vn 0.082298 0.056806 0.000000
vn 0.046472 0.088546 0.000000
vn -0.046397 0.088585 0.000000
vn -0.002619 0.099966 0.000000
vn 0.041695 0.090893 0.000000
vn 0.077478 0.063223 0.000000
vn 0.097409 0.022617 0.000000
vn 0.097409 -0.022617 0.000000
vn 0.077478 -0.063223 0.000000
vn 0.041695 -0.090893 0.000000
vn -0.002619 -0.099966 0.000000
vn -0.046397 -0.088585 0.000000
vn -0.046397 -0.088585 0.000000
vn -0.079427 -0.060757 0.000000
vn -0.097640 -0.021595 0.000000
vn -0.097640 0.021595 0.000000
vn -0.079427 0.060757 0.000000
vn -0.046397 0.088585 0.000000
vn -0.002619 -0.099966 0.000000
vn -0.002619 -0.099966 0.000000
vn -0.023932 -0.097094 0.000000
vn -0.023932 -0.097094 0.000000
vn 0.000000 0.070711 0.070711
vn -0.030680 0.063708 0.070711
vn -0.055284 0.044087 0.070711
vn -0.068938 0.015735 0.070711
vn -0.068938 -0.015735 0.070711
vn -0.055284 -0.044087 0.070711
vn -0.030680 -0.063708 0.070711
vn 0.000000 -0.070711 0.070711
vn 0.030680 -0.063708 0.070711
vn 0.055284 -0.044087 0.070711
vn 0.068938 -0.015735 0.070711
vn 0.068938 0.015735 0.070711
vn 0.055284 0.044087 0.070711
vn 0.030680 0.063708 0.070711
vn 0.000000 0.070711 0.070711
vn 0.032861 0.062611 0.070711
vn 0.058194 0.040168 0.070711
vn 0.070195 0.008523 0.070711
vn 0.066116 -0.025074 0.070711
vn 0.046890 -0.052928 0.070711
vn 0.016922 -0.068656 0.070711
vn -0.016922 -0.068656 0.070711
vn -0.046890 -0.052928 0.070711
vn -0.066116 -0.025074 0.070711
vn -0.070195 0.008523 0.070711
vn -0.058194 0.040168 0.070711
vn -0.032861 0.062611 0.070711
vn 0.000000 -0.070711 0.070711
vn 0.000000 -0.070711 0.070711
vn 0.016922 -0.068656 0.070711
vn 0.016922 -0.068656 0.070711
vn 0.000000 0.100000 0.000000
vn 0.000000 0.100000 0.000000
vn 0.000000 0.100000 0.000000
vn 0.000000 0.100000 0.000000
vn 0.000000 0.100000 0.000000
vn 0.000000 0.100000 0.000000
vn -0.070711 0.000000 0.070711
vn -0.070711 0.000000 0.070711
vn -0.070711 0.000000 0.070711
vn -0.070711 0.000000 0.070711
vn -0.100000 0.000000 0.000000
vn -0.100000 0.000000 0.000000
vn -0.100000 0.000000 0.000000
vn -0.100000 0.000000 0.000000
vn -0.070711 0.000000 0.070711
vn -0.070711 0.000000 0.070711
vn -0.070711 0.000000 0.070711
vn -0.070711 0.000000 0.070711
vn 0.000000 -0.100000 0.000000
vn 0.000000 -0.100000 0.000000
vn 0.000000 -0.100000 0.000000
vn 0.000000 -0.100000 0.000000
vn 0.000000 -0.100000 0.000000
vn 0.000000 -0.100000 0.000000
vn -0.100000 0.000000 0.000000
vn -0.100000 0.000000 0.000000
vn -0.100000 0.000000 0.000000
vn -0.100000 0.000000 0.000000
vn -0.100000 0.000000 0.000000
vn -0.100000 0.000000 0.000000
vn -0.100000 0.000000 0.000000
vn -0.100000 0.000000 0.000000
vn 0.000000 0.000000 -0.100000
vn 0.000000 0.000000 -0.100000
vn 0.000000 0.000000 -0.100000
vn 0.000000 0.000000 -0.100000
vn 0.000000 0.000000 -0.100000
vn 0.000000 0.000000 -0.100000
vn 0.000000 0.000000 -0.100000
vn 0.000000 0.000000 -0.100000
vn 0.000000 0.000000 -0.100000
vn 0.000000 0.000000 -0.100000
vn 0.000000 0.000000 -0.100000
vn 0.000000 0.000000 -0.100000
vn 0.000000 0.000000 -0.100000
vn 0.000000 0.000000 -0.100000
vn 0.000000 0.100000 0.000000
vn -0.046472 0.088546 0.000000
vn -0.082298 0.056806 0.000000
vn -0.099271 0.012054 0.000000
vn -0.093502 -0.035460 0.000000
vn -0.066312 -0.074851 0.000000
vn -0.023932 -0.097094 0.000000
vn 0.023932 -0.097094 0.000000
vn 0.066312 -0.074851 0.000000
vn 0.093502 -0.035460 0.000000
vn 0.099271 0.012054 0.000000
vn 0.082298 0.056806 0.000000
vn 0.046472 0.088546 0.000000
vn -0.046397 0.088585 0.000000
vn -0.002619 0.099966 0.000000
vn 0.041695 0.090893 0.000000
vn 0.077478 0.063223 0.000000
vn 0.097409 0.022617 0.000000
vn 0.097409 -0.022617 0.000000
vn 0.077478 -0.063223 0.000000
vn 0.041695 -0.090893 0.000000
vn -0.002619 -0.099966 0.000000
vn -0.046397 -0.088585 0.000000
vn -0.046397 -0.088585 0.000000
vn -0.079427 -0.060757 0.000000
vn -0.097640 -0.021595 0.000000
vn -0.097640 0.021595 0.000000
vn -0.079427 0.060757 0.000000
vn -0.046397 0.088585 0.000000
vn -0.002619 -0.099966 0.000000
vn -0.002619 -0.099966 0.000000
vn -0.023932 -0.097094 0.000000
vn -0.023932 -0.097094 0.000000
vn 0.000000 0.070711 0.070711
vn -0.030680 0.063708 0.070711
vn -0.055284 0.044087 0.070711
vn -0.068938 0.015735 0.070711
vn -0.068938 -0.015735 0.070711
vn -0.055284 -0.044087 0.070711
vn -0.030680 -0.063708 0.070711
vn 0.000000 -0.070711 0.070711
vn 0.030680 -0.063708 0.070711
vn 0.055284 -0.044087 0.070711
vn 0.068938 -0.015735 0.070711
vn 0.068938 0.015735 0.070711
vn 0.055284 0.044087 0.070711
vn 0.030680 0.063708 0.070711
vn 0.000000 0.070711 0.070711
vn 0.032861 0.062611 0.070711
vn 0.058194 0.040168 0.070711
vn 0.070195 0.008523 0.070711
vn 0.066116 -0.025074 0.070711
vn 0.046890 -0.052928 0.070711
vn 0.016922 -0.068656 0.070711
vn -0.016922 -0.068656 0.070711
vn -0.046890 -0.052928 0.070711
vn -0.066116 -0.025074 0.070711
vn -0.070195 0.008523 0.070711
vn -0.058194 0.040168 0.070711
vn -0.032861 0.062611 0.070711
vn 0.000000 -0.070711 0.070711
vn 0.000000 -0.070711 0.070711
vn 0.016922 -0.068656 0.070711
vn 0.016922 -0.068656 0.070711
vn 0.000000 0.100000 0.000000
vn 0.000000 0.100000 0.000000
vn 0.000000 0.100000 0.000000
vn 0.000000 0.100000 0.000000
vn 0.000000 0.100000 0.000000
vn 0.000000 0.100000 0.000000
vn -0.070711 0.000000 0.070711
vn -0.070711 0.000000 0.070711
vn -0.070711 0.000000 0.070711
vn -0.070711 0.000000 0.070711
vn -0.100000 0.000000 0.000000
vn -0.100000 0.000000 0.000000
vn -0.100000 0.000000 0.000000
vn -0.100000 0.000000 0.000000
vn -0.070711 0.000000 0.070711
vn -0.070711 0.000000 0.070711
vn -0.070711 0.000000 0.070711
vn -0.070711 0.000000 0.070711
vn 0.000000 -0.100000 0.000000
vn 0.000000 -0.100000 0.000000
vn 0.000000 -0.100000 0.000000
vn 0.000000 -0.100000 0.000000
vn 0.000000 -0.100000 0.000000
vn 0.000000 -0.100000 0.000000
vn -0.100000 0.000000 0.000000
vn -0.100000 0.000000 0.000000
vn -0.100000 0.000000 0.000000
vn -0.100000 0.000000 0.000000
vn -0.100000 0.000000 0.000000
vn -0.100000 0.000000 0.000000
vn -0.100000 0.000000 0.000000
vn -0.100000 0.000000 0.000000
vn 0.000000 0.000000 -0.100000
vn 0.000000 0.000000 -0.100000
vn 0.000000 0.000000 -0.100000
vn 0.000000 0.000000 -0.100000
vn 0.000000 0.000000 -0.100000
vn 0.000000 0.000000 -0.100000
vn 0.000000 0.000000 -0.100000
vn 0.000000 0.000000 -0.100000
vn 0.000000 0.000000 -0.100000
vn 0.000000 0.000000 -0.100000
vn 0.000000 0.000000 -0.100000
vn 0.000000 0.000000 -0.100000
vn 0.000000 0.000000 -0.100000
vn 0.000000 0.000000 -0.100000
vn 0.000000 0.100000 0.000000
vn -0.046472 0.088546 0.000000
vn -0.082298 0.056806 0.000000
vn -0.099271 0.012054 0.000000
vn -0.093502 -0.035460 0.000000
vn -0.066312 -0.074851 0.000000
vn -0.023932 -0.097094 0.000000
vn 0.023932 -0.097094 0.000000
vn 0.066312 -0.074851 0.000000
vn 0.093502 -0.035460 0.000000
vn 0.099271 0.012054 0.000000
vn 0.082298 0.056806 0.000000
vn 0.046472 0.088546 0.000000
vn -0.046397 0.088585 0.000000
vn -0.002619 0.099966 0.000000
vn 0.041695 0.090893 0.000000
vn 0.077478 0.063223 0.000000
vn 0.097409 0.022617 0.000000
vn 0.097409 -0.022617 0.000000
vn 0.077478 -0.063223 0.000000
vn 0.041695 -0.090893 0.000000
vn -0.002619 -0.099966 0.000000
vn -0.046397 -0.088585 0.000000
vn -0.046397 -0.088585 0.000000
vn -0.079427 -0.060757 0.000000
vn -0.097640 -0.021595 0.000000
vn -0.097640 0.021595 0.000000
vn -0.079427 0.060757 0.000000
vn -0.046397 0.088585 0.000000
vn -0.002619 -0.099966 0.000000
vn -0.002619 -0.099966 0.000000
vn -0.023932 -0.097094 0.000000
vn -0.023932 -0.097094 0.000000
vn 0.000000 0.070711 0.070711
vn -0.030680 0.063708 0.070711
vn -0.055284 0.044087 0.070711
vn -0.068938 0.015735 0.070711
vn -0.068938 -0.015735 0.070711
vn -0.055284 -0.044087 0.070711
vn -0.030680 -0.063708 0.070711
vn 0.000000 -0.070711 0.070711
vn 0.030680 -0.063708 0.070711
vn 0.055284 -0.044087 0.070711
vn 0.068938 -0.015735 0.070711
vn 0.068938 0.015735 0.070711
vn 0.055284 0.044087 0.070711
vn 0.030680 0.063708 0.070711
vn 0.000000 0.070711 0.070711
vn 0.032861 0.062611 0.070711
vn 0.058194 0.040168 0.070711
vn 0.070195 0.008523 0.070711
vn 0.066116 -0.025074 0.070711
vn 0.046890 -0.052928 0.070711
vn 0.016922 -0.068656 0.070711
vn -0.016922 -0.068656 0.070711
vn -0.046890 -0.052928 0.070711
vn -0.066116 -0.025074 0.070711
vn -0.070195 0.008523 0.070711
vn -0.058194 0.040168 0.070711
vn -0.032861 0.062611 0.070711
vn 0.000000 -0.070711 0.070711
vn 0.000000 -0.070711 0.070711
vn 0.016922 -0.068656 0.070711
vn 0.016922 -0.068656 0.070711
vn 0.000000 0.100000 0.000000
vn 0.000000 0.100000 0.000000
vn 0.000000 0.100000 0.000000
vn 0.000000 0.100000 0.000000
vn 0.000000 0.100000 0.000000
vn 0.000000 0.100000 0.000000
vn -0.100000 0.000000 0.000000
vn -0.100000 0.000000 0.000000
vn -0.100000 0.000000 0.000000
vn -0.100000 0.000000 0.000000
vn -0.070711 0.000000 0.070711
vn -0.070711 0.000000 0.070711
vn -0.070711 0.000000 0.070711
vn -0.070711 0.000000 0.070711
vn -0.070711 0.000000 0.070711
vn -0.070711 0.000000 0.070711
vn -0.070711 0.000000 0.070711
vn -0.070711 0.000000 0.070711
vn 0.000000 0.000000 -0.100000
vn 0.000000 0.000000 -0.100000
vn 0.000000 0.000000 -0.100000
vn 0.000000 0.000000 -0.100000
vn 0.000000 0.000000 -0.100000
vn 0.000000 0.000000 -0.100000
vn 0.000000 0.000000 -0.100000
vn 0.000000 0.000000 -0.100000
vn 0.000000 -0.100000 0.000000
vn -0.046472 -0.088546 0.000000
vn -0.082298 -0.056806 0.000000
vn -0.099271 -0.012054 0.000000
vn -0.093502 0.035460 0.000000
vn -0.066312 0.074851 0.000000
vn -0.023932 0.097094 0.000000
vn 0.023932 0.097094 0.000000
vn 0.066312 0.074851 0.000000
vn 0.093502 0.035460 0.000000
vn 0.099271 -0.012054 0.000000
vn 0.082298 -0.056806 0.000000
vn 0.046472 -0.088546 0.000000
vn -0.046397 -0.088585 0.000000
vn -0.002619 -0.099966 0.000000
vn 0.041695 -0.090893 0.000000
vn 0.077478 -0.063223 0.000000
vn 0.097409 -0.022617 0.000000
vn 0.097409 0.022617 0.000000
vn 0.077478 0.063223 0.000000
vn 0.041695 0.090893 0.000000
vn -0.002619 0.099966 0.000000
vn -0.046397 0.088585 0.000000
vn -0.046397 0.088585 0.000000
vn -0.079427 0.060757 0.000000
vn -0.097640 0.021595 0.000000
vn -0.097640 -0.021595 0.000000
vn -0.079427 -0.060757 0.000000
vn -0.046397 -0.088585 0.000000
vn -0.002619 -0.099966 0.000000
vn 0.000000 -0.100000 0.000000
vn 0.000000 -0.100000 0.000000
vn -0.002619 -0.099966 0.000000
vn 0.000000 -0.070711 -0.070711
vn -0.030680 -0.063708 -0.070711
vn -0.055284 -0.044087 -0.070711
vn -0.068938 -0.015735 -0.070711
vn -0.068938 0.015735 -0.070711
vn -0.055284 0.044087 -0.070711
vn -0.030680 0.063708 -0.070711
vn 0.000000 0.070711 -0.070711
vn 0.030680 0.063708 -0.070711
vn 0.055284 0.044087 -0.070711
vn 0.068938 0.015735 -0.070711
vn 0.068938 -0.015735 -0.070711
vn 0.055284 -0.044087 -0.070711
vn 0.030680 -0.063708 -0.070711
vn 0.000000 -0.070711 -0.070711
vn 0.032861 -0.062611 -0.070711
vn 0.058194 -0.040168 -0.070711
vn 0.070195 -0.008523 -0.070711
vn 0.066116 0.025074 -0.070711
vn 0.046890 0.052928 -0.070711
vn 0.016922 0.068656 -0.070711
vn -0.016922 0.068656 -0.070711
vn -0.046890 0.052928 -0.070711
vn -0.066116 0.025074 -0.070711
vn -0.070195 -0.008523 -0.070711
vn -0.058194 -0.040168 -0.070711
vn -0.032861 -0.062611 -0.070711
vn 0.000000 -0.070711 -0.070711
vn 0.000000 -0.070711 -0.070711
vn 0.000000 -0.070711 -0.070711
vn 0.000000 0.000000 -0.100000
vn 0.000000 0.000000 -0.100000
vn 0.000000 0.000000 -0.100000
vn 0.000000 0.000000 -0.100000
vn 0.000000 0.000000 -0.100000
vn 0.000000 0.000000 -0.100000
vn 0.000000 0.000000 -0.100000
vn 0.000000 0.000000 -0.100000
vn 0.000000 -0.100000 0.000000
vn -0.046472 -0.088546 0.000000
vn -0.082298 -0.056806 0.000000
vn -0.099271 -0.012054 0.000000
vn -0.093502 0.035460 0.000000
vn -0.066312 0.074851 0.000000
vn -0.023932 0.097094 0.000000
vn 0.023932 0.097094 0.000000
vn 0.066312 0.074851 0.000000
vn 0.093502 0.035460 0.000000
vn 0.099271 -0.012054 0.000000
vn 0.082298 -0.056806 0.000000
vn 0.046472 -0.088546 0.000000
vn -0.046397 -0.088585 0.000000
vn -0.002619 -0.099966 0.000000
vn 0.041695 -0.090893 0.000000
vn 0.077478 -0.063223 0.000000
vn 0.097409 -0.022617 0.000000
vn 0.097409 0.022617 0.000000
vn 0.077478 0.063223 0.000000
vn 0.041695 0.090893 0.000000
vn -0.002619 0.099966 0.000000
vn -0.046397 0.088585 0.000000
vn -0.046397 0.088585 0.000000
vn -0.079427 0.060757 0.000000
vn -0.097640 0.021595 0.000000
vn -0.097640 -0.021595 0.000000
vn -0.079427 -0.060757 0.000000
vn -0.046397 -0.088585 0.000000
vn -0.002619 -0.099966 0.000000
vn 0.000000 -0.100000 0.000000
vn 0.000000 -0.100000 0.000000
vn -0.002619 -0.099966 0.000000
vn 0.000000 -0.070711 -0.070711
vn -0.030680 -0.063708 -0.070711
vn -0.055284 -0.044087 -0.070711
vn -0.068938 -0.015735 -0.070711
vn -0.068938 0.015735 -0.070711
vn -0.055284 0.044087 -0.070711
vn -0.030680 0.063708 -0.070711
vn 0.000000 0.070711 -0.070711
vn 0.030680 0.063708 -0.070711
vn 0.055284 0.044087 -0.070711
vn 0.068938 0.015735 -0.070711
vn 0.068938 -0.015735 -0.070711
vn 0.055284 -0.044087 -0.070711
vn 0.030680 -0.063708 -0.070711
vn 0.000000 -0.070711 -0.070711
vn 0.032861 -0.062611 -0.070711
vn 0.058194 -0.040168 -0.070711
vn 0.070195 -0.008523 -0.070711
vn 0.066116 0.025074 -0.070711
vn 0.046890 0.052928 -0.070711
vn 0.016922 0.068656 -0.070711
vn -0.016922 0.068656 -0.070711
vn -0.046890 0.052928 -0.070711
vn -0.066116 0.025074 -0.070711
vn -0.070195 -0.008523 -0.070711
vn -0.058194 -0.040168 -0.070711
vn -0.032861 -0.062611 -0.070711
vn 0.000000 -0.070711 -0.070711
vn 0.000000 -0.070711 -0.070711
vn 0.000000 -0.070711 -0.070711
vn 0.000000 0.000000 -0.100000
vn 0.000000 0.000000 -0.100000
vn 0.000000 0.000000 -0.100000
vn 0.000000 0.000000 -0.100000
vn 0.000000 0.000000 -0.100000
vn 0.000000 0.000000 -0.100000
vn 0.000000 0.000000 -0.100000
vn 0.000000 0.000000 -0.100000
vn 0.000000 -0.100000 0.000000
vn -0.046472 -0.088546 0.000000
vn -0.082298 -0.056806 0.000000
vn -0.099271 -0.012054 0.000000
vn -0.093502 0.035460 0.000000
vn -0.066312 0.074851 0.000000
vn -0.023932 0.097094 0.000000
vn 0.023932 0.097094 0.000000
vn 0.066312 0.074851 0.000000
vn 0.093502 0.035460 0.000000
vn 0.099271 -0.012054 0.000000
vn 0.082298 -0.056806 0.000000
vn 0.046472 -0.088546 0.000000
vn -0.046397 -0.088585 0.000000
vn -0.002619 -0.099966 0.000000
vn 0.041695 -0.090893 0.000000
vn 0.077478 -0.063223 0.000000
vn 0.097409 -0.022617 0.000000
vn 0.097409 0.022617 0.000000
vn 0.077478 0.063223 0.000000
vn 0.041695 0.090893 0.000000
vn -0.002619 0.099966 0.000000
vn -0.046397 0.088585 0.000000
vn -0.046397 0.088585 0.000000
vn -0.079427 0.060757 0.000000
vn -0.097640 0.021595 0.000000
vn -0.097640 -0.021595 0.000000
vn -0.079427 -0.060757 0.000000
vn -0.046397 -0.088585 0.000000
vn -0.002619 -0.099966 0.000000
vn 0.000000 -0.100000 0.000000
vn 0.000000 -0.100000 0.000000
vn -0.002619 -0.099966 0.000000
vn 0.000000 -0.070711 -0.070711
vn -0.030680 -0.063708 -0.070711
vn -0.055284 -0.044087 -0.070711
vn -0.068938 -0.015735 -0.070711
vn -0.068938 0.015735 -0.070711
vn -0.055284 0.044087 -0.070711
vn -0.030680 0.063708 -0.070711
vn 0.000000 0.070711 -0.070711
vn 0.030680 0.063708 -0.070711
vn 0.055284 0.044087 -0.070711
vn 0.068938 0.015735 -0.070711
vn 0.068938 -0.015735 -0.070711
vn 0.055284 -0.044087 -0.070711
vn 0.030680 -0.063708 -0.070711
vn 0.000000 -0.070711 -0.070711
vn 0.032861 -0.062611 -0.070711
vn 0.058194 -0.040168 -0.070711
vn 0.070195 -0.008523 -0.070711
vn 0.066116 0.025074 -0.070711
vn 0.046890 0.052928 -0.070711
vn 0.016922 0.068656 -0.070711
vn -0.016922 0.068656 -0.070711
vn -0.046890 0.052928 -0.070711
vn -0.066116 0.025074 -0.070711
vn -0.070195 -0.008523 -0.070711
vn -0.058194 -0.040168 -0.070711
vn -0.032861 -0.062611 -0.070711
vn 0.000000 -0.070711 -0.070711
vn 0.000000 -0.070711 -0.070711
vn 0.000000 -0.070711 -0.070711
vn 0.099981 0.001970 0.000000
vn 0.097035 0.024169 0.000000
vn 0.089224 0.045155 0.000000
vn 0.076939 0.063877 0.000000
vn 0.060796 0.079396 0.000000
vn 0.041605 0.090934 0.000000
vn 0.020327 0.097912 0.000000
vn -0.001970 0.099981 0.000000
vn -0.024169 0.097035 0.000000
vn -0.045155 0.089224 0.000000
vn -0.063877 0.076939 0.000000
vn -0.079396 0.060796 0.000000
vn -0.090934 0.041605 0.000000
vn -0.097912 0.020327 0.000000
vn -0.099981 -0.001970 0.000000
vn -0.097035 -0.024169 0.000000
vn -0.089224 -0.045155 0.000000
vn -0.076939 -0.063877 0.000000
vn -0.060796 -0.079396 0.000000
vn -0.041605 -0.090934 0.000000
vn -0.020327 -0.097912 0.000000
vn 0.001970 -0.099981 0.000000
vn 0.024169 -0.097035 0.000000
vn 0.045155 -0.089224 0.000000
vn 0.063877 -0.076939 0.000000
vn 0.079396 -0.060796 0.000000
vn 0.090934 -0.041605 0.000000
vn 0.097912 -0.020327 0.000000
vn 0.100000 0.000000 0.000000
vn 0.097493 -0.022252 0.000000
vn 0.090097 -0.043388 0.000000
vn 0.078183 -0.062349 0.000000
vn 0.062349 -0.078183 0.000000
vn 0.043388 -0.090097 0.000000
vn 0.022252 -0.097493 0.000000
vn 0.000000 -0.100000 0.000000
vn -0.022252 -0.097493 0.000000
vn -0.043388 -0.090097 0.000000
vn -0.062349 -0.078183 0.000000
vn -0.078183 -0.062349 0.000000
vn -0.090097 -0.043388 0.000000
vn -0.097493 -0.022252 0.000000
vn -0.100000 0.000000 0.000000
vn -0.097493 0.022252 0.000000
vn -0.090097 0.043388 0.000000
vn -0.078183 0.062349 0.000000
vn -0.062349 0.078183 0.000000
vn -0.043388 0.090097 0.000000
vn -0.022252 0.097493 0.000000
vn 0.000000 0.100000 0.000000
vn 0.022252 0.097493 0.000000
vn 0.043388 0.090097 0.000000
vn 0.062349 0.078183 0.000000
vn 0.078183 0.062349 0.000000
vn 0.090097 0.043388 0.000000
vn 0.097493 0.022252 0.000000
vn 0.100000 0.000000 0.000000
vn 0.100000 0.000000 0.000000
vn 0.097912 -0.020327 0.000000
vn 0.097912 -0.020327 0.000000
vn 0.000000 0.000000 -0.100000
vn 0.000000 0.000000 -0.100000
vn 0.000000 0.000000 -0.100000
vn 0.000000 0.000000 -0.100000
vn 0.000000 0.000000 -0.100000
vn 0.000000 0.000000 -0.100000
vn 0.000000 0.000000 -0.100000
vn 0.000000 0.000000 -0.100000
vn 0.000000 0.000000 -0.100000
vn 0.000000 0.000000 -0.100000
vn 0.000000 0.000000 -0.100000
vn 0.000000 0.000000 -0.100000
vn 0.000000 0.000000 -0.100000
vn 0.000000 0.000000 -0.100000
vn 0.000000 0.000000 -0.100000
vn 0.000000 0.000000 -0.100000
vn 0.000000 0.000000 -0.100000
vn 0.000000 0.000000 -0.100000
vn 0.000000 0.000000 -0.100000
vn 0.000000 0.000000 -0.100000
vn 0.000000 0.000000 -0.100000
vn 0.000000 0.000000 -0.100000
vn 0.000000 0.000000 -0.100000
vn 0.000000 0.000000 -0.100000
vn 0.000000 0.000000 -0.100000
vn 0.000000 0.000000 -0.100000
vn 0.099981 0.001970 0.000000
vn 0.097912 -0.020327 0.000000
vn 0.090934 -0.041605 0.000000
vn 0.079396 -0.060796 0.000000
vn 0.063877 -0.076939 0.000000
vn 0.045155 -0.089224 0.000000
vn 0.024169 -0.097035 0.000000
vn 0.001970 -0.099981 0.000000
vn -0.020327 -0.097912 0.000000
vn -0.041605 -0.090934 0.000000
vn -0.060796 -0.079396 0.000000
vn -0.076939 -0.063877 0.000000
vn -0.089224 -0.045155 0.000000
vn -0.097035 -0.024169 0.000000
vn -0.099981 -0.001970 0.000000
vn -0.097912 0.020327 0.000000
vn -0.090934 0.041605 0.000000
vn -0.079396 0.060796 0.000000
vn -0.063877 0.076939 0.000000
vn -0.045155 0.089224 0.000000
vn -0.024169 0.097035 0.000000
vn -0.001970 0.099981 0.000000
vn 0.020327 0.097912 0.000000
vn 0.041605 0.090934 0.000000
vn 0.060796 0.079396 0.000000
vn 0.076939 0.063877 0.000000
vn 0.089224 0.045155 0.000000
vn 0.097035 0.024169 0.000000
vn 0.049990 0.000985 -0.086603
vn 0.086586 0.001706 -0.050000
vn -0.044612 -0.022578 -0.086603
vn 0.044612 0.022578 -0.086603
vn 0.084795 -0.017604 -0.050000
vn 0.048956 -0.010163 -0.086603
vn 0.048518 0.012084 -0.086603
vn 0.084035 0.020931 -0.050000
vn 0.038470 0.031939 -0.086603
vn 0.066632 0.055319 -0.050000
vn 0.077271 0.039106 -0.050000
vn 0.030398 0.039698 -0.086603
vn 0.052651 0.068759 -0.050000
vn 0.020802 0.045467 -0.086603
vn 0.036031 0.078751 -0.050000
vn 0.010163 0.048956 -0.086603
vn 0.017604 0.084795 -0.050000
vn -0.000985 0.049990 -0.086603
vn -0.001706 0.086586 -0.050000
vn -0.012084 0.048518 -0.086603
vn -0.020931 0.084035 -0.050000
vn -0.022578 0.044612 -0.086603
vn -0.039106 0.077271 -0.050000
vn -0.031939 0.038470 -0.086603
vn -0.055319 0.066632 -0.050000
vn -0.039698 0.030398 -0.086603
vn -0.068759 0.052651 -0.050000
vn -0.045467 0.020802 -0.086603
vn -0.078751 0.036031 -0.050000
vn -0.048956 0.010163 -0.086603
vn -0.084795 0.017604 -0.050000
vn -0.049990 -0.000985 -0.086603
vn -0.086586 -0.001706 -0.050000
vn -0.048518 -0.012084 -0.086603
vn -0.084035 -0.020931 -0.050000
vn -0.038470 -0.031939 -0.086603
vn -0.066632 -0.055319 -0.050000
vn -0.077271 -0.039106 -0.050000
vn -0.030398 -0.039698 -0.086603
vn -0.052651 -0.068759 -0.050000
vn -0.020802 -0.045467 -0.086603
vn -0.036031 -0.078751 -0.050000
vn -0.010163 -0.048956 -0.086603
vn -0.017604 -0.084795 -0.050000
vn 0.000985 -0.049990 -0.086603
vn 0.001706 -0.086586 -0.050000
vn 0.012084 -0.048518 -0.086603
vn 0.020931 -0.084035 -0.050000
vn 0.022578 -0.044612 -0.086603
vn 0.039106 -0.077271 -0.050000
vn 0.031939 -0.038470 -0.086603
vn 0.055319 -0.066632 -0.050000
vn 0.039698 -0.030398 -0.086603
vn 0.068759 -0.052651 -0.050000
vn 0.045467 -0.020802 -0.086603
vn 0.078751 -0.036031 -0.050000
vn 0.049990 0.000985 -0.086603
vn 0.000000 0.000000 -0.100000
vn 0.000000 0.000000 -0.100000
vn 0.049990 0.000985 -0.086603
vn 0.049990 0.000985 -0.086603
vn 0.084035 0.020931 -0.050000
vn 0.086586 0.001706 -0.050000
vn 0.097035 0.024169 0.000000
vn 0.000000 0.000000 -0.100000
vn 0.000000 0.000000 -0.100000
vn 0.000000 0.000000 -0.100000
vn 0.000000 0.000000 -0.100000
vn 0.000000 0.000000 -0.100000
vn 0.000000 0.000000 -0.100000
vn 0.000000 0.000000 -0.100000
vn 0.000000 0.000000 -0.100000
vn 0.000000 0.000000 -0.100000
vn 0.000000 0.000000 -0.100000
vn 0.000000 0.000000 -0.100000
vn 0.000000 0.000000 -0.100000
vn 0.000000 0.000000 -0.100000
vn 0.000000 0.000000 -0.100000
vn 0.000000 0.000000 -0.100000
vn 0.000000 0.000000 -0.100000
vn 0.000000 0.000000 -0.100000
vn 0.000000 0.000000 -0.100000
vn 0.000000 0.000000 -0.100000
vn 0.000000 0.000000 -0.100000
vn 0.000000 0.000000 -0.100000
vn 0.000000 0.000000 -0.100000
vn 0.000000 0.000000 -0.100000
vn 0.000000 0.000000 -0.100000
vn 0.000000 0.000000 -0.100000
vn 0.000000 0.000000 -0.100000
vn 0.000000 0.000000 -0.100000
vn 0.000000 0.000000 -0.100000
vn 0.000000 0.000000 -0.100000
vn 0.000000 0.000000 -0.100000
vn 0.000000 0.000000 -0.100000
vn 0.000000 0.000000 -0.100000
vn 0.000000 0.000000 -0.100000
vn 0.000000 0.000000 -0.100000
vn 0.000000 0.000000 -0.100000
vn 0.000000 0.000000 -0.100000
vn 0.000000 0.000000 -0.100000
vn 0.000000 0.000000 -0.100000
vn 0.000000 0.000000 -0.100000
vn 0.000000 0.000000 -0.100000
vn 0.000000 0.000000 -0.100000
vn 0.000000 0.000000 -0.100000
vn 0.000000 0.000000 -0.100000
vn 0.000000 0.000000 -0.100000
vn 0.000000 0.000000 -0.100000
vn 0.000000 0.000000 -0.100000
vn 0.000000 0.000000 -0.100000
vn 0.000000 0.000000 -0.100000
vn 0.000000 0.000000 -0.100000
vn 0.000000 0.000000 -0.100000
vn 0.100000 0.000000 0.000000
vn 0.096593 -0.025882 0.000000
vn 0.086603 -0.050000 0.000000
vn 0.070711 -0.070711 0.000000
vn 0.050000 -0.086603 0.000000
vn 0.025882 -0.096593 0.000000
vn 0.000000 -0.100000 0.000000
vn -0.025882 -0.096593 0.000000
vn -0.050000 -0.086603 0.000000
vn -0.070711 -0.070711 0.000000
vn -0.086603 -0.050000 0.000000
vn -0.096593 -0.025882 0.000000
vn -0.100000 0.000000 0.000000
vn -0.096593 0.025882 0.000000
vn -0.086603 0.050000 0.000000
vn -0.070711 0.070711 0.000000
vn -0.050000 0.086603 0.000000
vn -0.025882 0.096593 0.000000
vn 0.000000 0.100000 0.000000
vn 0.025882 0.096593 0.000000
vn 0.050000 0.086603 0.000000
vn 0.070711 0.070711 0.000000
vn 0.086603 0.050000 0.000000
vn 0.096593 0.025882 0.000000
vn 0.100000 0.000000 0.000000
vn 0.096593 0.025882 0.000000
vn 0.086603 0.050000 0.000000
vn 0.070711 0.070711 0.000000
vn 0.050000 0.086603 0.000000
vn 0.025882 0.096593 0.000000
vn 0.000000 0.100000 0.000000
vn -0.025882 0.096593 0.000000
vn -0.050000 0.086603 0.000000
vn -0.070711 0.070711 0.000000
vn -0.086603 0.050000 0.000000
vn -0.096593 0.025882 0.000000
vn -0.100000 0.000000 0.000000
vn -0.096593 -0.025882 0.000000
vn -0.086603 -0.050000 0.000000
vn -0.070711 -0.070711 0.000000
vn -0.050000 -0.086603 0.000000
vn -0.025882 -0.096593 0.000000
vn 0.000000 -0.100000 0.000000
vn 0.025882 -0.096593 0.000000
vn 0.050000 -0.086603 0.000000
vn 0.070711 -0.070711 0.000000
vn 0.086603 -0.050000 0.000000
vn 0.096593 -0.025882 0.000000
vn -0.100000 0.000000 0.000000
vn -0.100000 0.000000 0.000000
vn 0.000000 0.000000 -0.100000
vn 0.000000 0.000000 -0.100000
vn 0.000000 0.000000 -0.100000
vn 0.000000 0.000000 -0.100000
vn 0.000000 0.000000 -0.100000
vn 0.000000 0.000000 -0.100000
vn 0.000000 0.000000 -0.100000
vn 0.000000 0.000000 -0.100000
vn 0.000000 0.000000 -0.100000
vn 0.000000 0.000000 -0.100000
vn 0.000000 0.000000 -0.100000
vn 0.000000 0.000000 -0.100000
vn 0.000000 0.000000 -0.100000
vn 0.000000 0.000000 -0.100000
vn 0.000000 0.000000 -0.100000
vn 0.000000 0.000000 -0.100000
vn 0.000000 0.000000 -0.100000
vn 0.000000 0.000000 -0.100000
vn 0.000000 0.000000 -0.100000
vn 0.000000 0.000000 -0.100000
vn 0.000000 0.000000 -0.100000
vn 0.000000 0.000000 -0.100000
vn 0.000000 0.000000 -0.100000
vn 0.000000 0.000000 -0.100000
vn 0.000000 0.000000 -0.100000
vn 0.000000 0.000000 -0.100000
vn 0.000000 0.000000 -0.100000
vn 0.000000 0.000000 -0.100000
vn 0.000000 0.000000 -0.100000
vn 0.000000 0.000000 -0.100000
vn 0.000000 0.000000 -0.100000
vn 0.000000 0.000000 -0.100000
vn 0.000000 0.000000 -0.100000
vn 0.000000 0.000000 -0.100000
vn 0.000000 0.000000 -0.100000
vn 0.000000 0.000000 -0.100000
vn 0.000000 0.000000 -0.100000
vn 0.000000 0.000000 -0.100000
vn 0.000000 0.000000 -0.100000
vn 0.000000 0.000000 -0.100000
vn 0.000000 0.000000 -0.100000
vn 0.000000 0.000000 -0.100000
vn 0.000000 0.100000 0.000000
vn 0.034202 0.093969 0.000000
vn 0.064279 0.076604 0.000000
vn 0.086603 0.050000 0.000000
vn 0.098481 0.017365 0.000000
vn 0.098481 -0.017365 0.000000
vn 0.086603 -0.050000 0.000000
vn 0.064279 -0.076604 0.000000
vn 0.034202 -0.093969 0.000000
vn 0.000000 -0.100000 0.000000
vn -0.034202 -0.093969 0.000000
vn -0.064279 -0.076604 0.000000
vn -0.086603 -0.050000 0.000000
vn -0.098481 -0.017365 0.000000
vn -0.098481 0.017365 0.000000
vn -0.086603 0.050000 0.000000
vn -0.064279 0.076604 0.000000
vn -0.034202 0.093969 0.000000
vn 0.000000 0.100000 0.000000
vn -0.034202 0.093969 0.000000
vn -0.064279 0.076604 0.000000
vn -0.086603 0.050000 0.000000
vn -0.098481 0.017365 0.000000
vn -0.098481 -0.017365 0.000000
vn -0.086603 -0.050000 0.000000
vn -0.064279 -0.076604 0.000000
vn -0.034202 -0.093969 0.000000
vn 0.000000 -0.100000 0.000000
vn 0.034202 -0.093969 0.000000
vn 0.064279 -0.076604 0.000000
vn 0.086603 -0.050000 0.000000
vn 0.098481 -0.017365 0.000000
vn 0.098481 0.017365 0.000000
vn 0.086603 0.050000 0.000000
vn 0.064279 0.076604 0.000000
vn 0.034202 0.093969 0.000000
vn 0.000000 -0.100000 0.000000
vn 0.000000 -0.100000 0.000000
vn 0.000000 0.000000 -0.100000
vn 0.000000 0.000000 -0.100000
vn 0.000000 0.000000 -0.100000
vn 0.000000 0.000000 -0.100000
vn 0.000000 0.000000 -0.100000
vn 0.000000 0.000000 -0.100000
vn 0.000000 0.000000 -0.100000
vn 0.000000 0.000000 -0.100000
vn 0.000000 0.000000 -0.100000
vn 0.000000 0.000000 -0.100000
vn 0.000000 0.000000 -0.100000
vn 0.000000 0.000000 -0.100000
vn 0.000000 0.000000 -0.100000
vn 0.000000 0.000000 -0.100000
vn 0.000000 0.000000 -0.100000
vn 0.000000 0.000000 -0.100000
vn 0.000000 0.000000 -0.100000
vn 0.000000 0.000000 -0.100000
vn -0.100000 0.000000 0.000000
vn -0.100000 0.000000 0.000000
vn -0.100000 0.000000 0.000000
vn -0.100000 0.000000 0.000000
vn -0.100000 0.000000 0.000000
vn 0.000000 0.000000 -0.100000
vn 0.000000 0.000000 -0.100000
vn 0.000000 0.000000 -0.100000
vn 0.000000 0.000000 -0.100000
vn 0.000000 -0.074741 -0.066436
vn 0.000000 -0.074741 -0.066436
vn 0.000000 -0.074741 -0.066436
vn 0.000000 -0.074741 -0.066436
vn 0.000000 -0.074741 -0.066436
vn 0.000000 -0.074741 -0.066436
vn 0.000000 -0.074741 -0.066436
vn 0.000000 -0.074741 -0.066436
vn 0.000000 -0.074741 -0.066436
vn 0.000000 -0.074741 -0.066436
vn 0.000000 -0.074741 -0.066436
vn 0.000000 -0.074741 -0.066436
vn 0.000000 -0.074741 -0.066436
vn 0.000000 -0.074741 -0.066436
vn 0.000000 -0.074741 -0.066436
vn 0.000000 -0.074741 -0.066436
vn 0.000000 0.000000 -0.100000
vn 0.000000 0.000000 -0.100000
vn 0.000000 0.000000 -0.100000
vn 0.000000 0.000000 -0.100000
vn 0.100000 0.000000 0.000000
vn 0.100000 0.000000 0.000000
vn 0.100000 0.000000 0.000000
vn 0.100000 0.000000 0.000000
vn 0.100000 0.000000 0.000000
vn 0.000000 0.074741 -0.066436
vn 0.000000 0.074741 -0.066436
vn 0.000000 0.074741 -0.066436
vn 0.000000 0.074741 -0.066436
vn 0.000000 0.074741 -0.066436
vn 0.000000 0.074741 -0.066436
vn 0.000000 0.074741 -0.066436
vn 0.000000 0.074741 -0.066436
vn 0.000000 0.074741 -0.066436
vn 0.000000 0.074741 -0.066436
vn 0.000000 0.074741 -0.066436
vn 0.000000 0.074741 -0.066436
vn 0.000000 0.074741 -0.066436
vn 0.000000 0.074741 -0.066436
vn 0.000000 0.074741 -0.066436
vn 0.000000 0.074741 -0.066436
vn 0.000000 -0.100000 0.000000
vn 0.000000 -0.100000 0.000000
vn 0.000000 -0.100000 0.000000
vn 0.000000 -0.100000 0.000000
vn -0.100000 0.000000 0.000000
vn -0.100000 0.000000 0.000000
vn -0.100000 0.000000 0.000000
vn -0.100000 0.000000 0.000000
vn -0.100000 0.000000 0.000000
vn -0.100000 0.000000 0.000000
vn -0.100000 0.000000 0.000000
vn 0.000000 -0.100000 0.000000
vn 0.000000 -0.100000 0.000000
vn 0.000000 -0.100000 0.000000
vn 0.000000 -0.100000 0.000000
vn 0.000000 -0.100000 0.000000
vn 0.000000 -0.100000 0.000000
vn 0.100000 0.000000 0.000000
vn 0.100000 0.000000 0.000000
vn 0.100000 0.000000 0.000000
vn 0.100000 0.000000 0.000000
vn 0.100000 0.000000 0.000000
vn 0.100000 0.000000 0.000000
vn 0.048412 0.000000 -0.087500
vn 0.033057 0.000000 -0.094378
vn 0.016766 0.000000 -0.098585
vn 0.000000 0.000000 -0.100000
vn 0.000000 0.000000 -0.100000
vn 0.016766 0.000000 -0.098585
vn 0.033057 0.000000 -0.094378
vn 0.048412 0.000000 -0.087500
vn 0.086143 0.000000 -0.050788
vn 0.100000 0.000000 0.000000
vn 0.100000 0.000000 0.000000
vn 0.086143 0.000000 -0.050788
vn 0.000000 -0.100000 0.000000
vn 0.000000 -0.100000 0.000000
vn 0.000000 -0.100000 0.000000
vn 0.000000 -0.100000 0.000000
vn 0.000000 -0.100000 0.000000
vn 0.000000 -0.100000 0.000000
vn 0.000000 -0.100000 0.000000
vn 0.000000 -0.100000 0.000000
vn -0.048412 0.000000 -0.087500
vn -0.033057 0.000000 -0.094378
vn -0.016766 0.000000 -0.098585
vn 0.000000 0.000000 -0.100000
vn 0.000000 0.000000 -0.100000
vn -0.016766 0.000000 -0.098585
vn -0.033057 0.000000 -0.094378
vn -0.048412 0.000000 -0.087500
vn -0.086143 0.000000 -0.050788
vn -0.100000 0.000000 0.000000
vn -0.100000 0.000000 0.000000
vn -0.086143 0.000000 -0.050788
vn 0.000000 0.100000 0.000000
vn 0.000000 0.100000 0.000000
vn 0.000000 0.100000 0.000000
vn 0.000000 0.100000 0.000000
vn 0.000000 0.100000 0.000000
vn 0.000000 0.100000 0.000000
vn 0.000000 0.100000 0.000000
vn 0.000000 0.100000 0.000000
vn 0.000000 0.000000 -0.100000
vn 0.000000 0.000000 -0.100000
vn 0.000000 0.000000 -0.100000
vn 0.000000 0.000000 -0.100000
vn -0.100000 0.000000 0.000000
vn -0.100000 0.000000 0.000000
vn -0.100000 0.000000 0.000000
vn -0.100000 0.000000 0.000000
vn -0.100000 0.000000 0.000000
vn -0.100000 0.000000 0.000000
vn 0.000000 -0.100000 0.000000
vn 0.000000 -0.100000 0.000000
vn 0.000000 -0.100000 0.000000
vn 0.000000 -0.100000 0.000000
vn 0.000000 -0.100000 0.000000
vn 0.000000 -0.100000 0.000000
vn 0.000000 0.000000 0.100000
vn 0.000000 0.000000 0.100000
vn 0.000000 0.000000 0.100000
vn 0.000000 0.000000 0.100000
vn 0.100000 0.000000 0.000000
vn 0.100000 0.000000 0.000000
vn 0.100000 0.000000 0.000000
vn 0.100000 0.000000 0.000000
vn 0.100000 0.000000 0.000000
vn 0.100000 0.000000 0.000000
vn 0.100000 0.000000 0.000000
vn 0.000000 -0.100000 0.000000
vn 0.000000 -0.100000 0.000000
vn 0.000000 -0.100000 0.000000
vn 0.000000 -0.100000 0.000000
vn 0.000000 0.100000 0.000000
vn 0.000000 0.100000 0.000000
vn 0.000000 0.100000 0.000000
vn 0.000000 0.100000 0.000000
vn 0.000000 0.100000 0.000000
vn 0.000000 0.100000 0.000000
vn 0.000000 0.000000 -0.100000
vn 0.000000 0.000000 -0.100000
vn 0.000000 0.000000 -0.100000
vn 0.000000 0.000000 -0.100000
vn 0.100000 0.000000 0.000000
vn 0.100000 0.000000 0.000000
vn 0.100000 0.000000 0.000000
vn 0.100000 0.000000 0.000000
vn 0.000000 0.100000 0.000000
vn 0.000000 0.100000 0.000000
vn 0.000000 0.100000 0.000000
vn 0.000000 0.100000 0.000000
vn 0.000000 0.100000 0.000000
vn 0.000000 0.100000 0.000000
vn 0.000000 0.000000 0.100000
vn 0.000000 0.000000 0.100000
vn 0.000000 0.000000 0.100000
vn 0.000000 0.000000 0.100000
vn -0.100000 0.000000 0.000000
vn -0.100000 0.000000 0.000000
vn -0.100000 0.000000 0.000000
vn -0.100000 0.000000 0.000000
vn 0.000000 0.000000 -0.100000
vn 0.000000 0.000000 -0.100000
vn 0.000000 0.000000 -0.100000
vn 0.000000 0.000000 -0.100000
vn 0.100000 0.000000 0.000000
vn 0.100000 0.000000 0.000000
vn 0.100000 0.000000 0.000000
vn 0.100000 0.000000 0.000000
vn 0.100000 0.000000 0.000000
vn 0.100000 0.000000 0.000000
vn 0.086603 -0.050000 0.000000
vn 0.050000 -0.086603 0.000000
vn 0.000000 -0.100000 0.000000
vn 0.000000 -0.100000 0.000000
vn 0.050000 -0.086603 0.000000
vn 0.086603 -0.050000 0.000000
vn 0.000000 0.000000 -0.100000
vn 0.050000 0.000000 -0.086603
vn 0.086603 0.000000 -0.050000
vn 0.100000 0.000000 0.000000
vn 0.086603 -0.050000 0.000000
vn 0.050000 -0.086603 0.000000
vn 0.000000 -0.100000 0.000000
vn 0.000000 -0.086603 -0.050000
vn 0.000000 -0.050000 -0.086603
vn 0.043301 -0.050000 -0.075000
vn 0.025000 -0.086603 -0.043301
vn 0.075000 -0.050000 -0.043301
vn 0.043301 -0.086603 -0.025000
vn 0.100000 0.000000 0.000000
vn 0.100000 0.000000 0.000000
vn 0.086603 0.000000 -0.050000
vn 0.050000 0.000000 -0.086603
vn 0.000000 0.000000 -0.100000
vn 0.000000 0.000000 -0.100000
vn 0.050000 0.000000 -0.086603
vn 0.086603 0.000000 -0.050000
vn 0.000000 0.000000 -0.100000
vn 0.000000 0.050000 -0.086603
vn 0.000000 0.086603 -0.050000
vn 0.000000 0.100000 0.000000
vn 0.050000 0.086603 0.000000
vn 0.086603 0.050000 0.000000
vn 0.100000 0.000000 0.000000
vn 0.086603 0.000000 -0.050000
vn 0.050000 0.000000 -0.086603
vn 0.050000 0.043301 -0.075000
vn 0.086603 0.025000 -0.043301
vn 0.050000 0.075000 -0.043301
vn 0.086603 0.043301 -0.025000
vn 0.000000 0.000000 -0.100000
vn 0.000000 0.000000 -0.100000
vn 0.000000 0.050000 -0.086603
vn 0.000000 0.086603 -0.050000
vn 0.000000 0.100000 0.000000
vn 0.000000 0.100000 0.000000
vn 0.000000 0.086603 -0.050000
vn 0.000000 0.050000 -0.086603
vn 0.000000 0.000000 -0.100000
vn 0.000000 0.000000 -0.100000
vn 0.000000 0.000000 -0.100000
vn 0.000000 0.000000 -0.100000
vn -0.100000 0.000000 0.000000
vn -0.100000 0.000000 0.000000
vn -0.086603 0.000000 -0.050000
vn -0.050000 0.000000 -0.086603
vn 0.000000 0.000000 -0.100000
vn 0.000000 0.000000 -0.100000
vn -0.050000 0.000000 -0.086603
vn -0.086603 0.000000 -0.050000
vn -0.100000 0.000000 0.000000
vn -0.100000 0.000000 0.000000
vn -0.100000 0.000000 0.000000
vn -0.100000 0.000000 0.000000
vn -0.100000 0.000000 0.000000
vn -0.100000 0.000000 0.000000
vn -0.086603 0.050000 0.000000
vn -0.050000 0.086603 0.000000
vn 0.000000 0.100000 0.000000
vn 0.000000 0.100000 0.000000
vn -0.050000 0.086603 0.000000
vn -0.086603 0.050000 0.000000
vn 0.000000 0.100000 0.000000
vn 0.000000 0.086603 -0.050000
vn 0.000000 0.050000 -0.086603
vn 0.000000 0.000000 -0.100000
vn -0.050000 0.000000 -0.086603
vn -0.086603 0.000000 -0.050000
vn -0.100000 0.000000 0.000000
vn -0.086603 0.050000 0.000000
vn -0.050000 0.086603 0.000000
vn -0.050000 0.075000 -0.043301
vn -0.086603 0.043301 -0.025000
vn -0.050000 0.043301 -0.075000
vn -0.086603 0.025000 -0.043301
vn 0.000000 0.100000 0.000000
vn 0.000000 0.100000 0.000000
vn 0.000000 0.100000 0.000000
vn 0.000000 0.100000 0.000000
vn 0.000000 0.100000 0.000000
vn 0.000000 0.100000 0.000000
vn 0.050000 0.086603 0.000000
vn 0.086603 0.050000 0.000000
vn 0.100000 0.000000 0.000000
vn 0.100000 0.000000 0.000000
vn 0.086603 0.050000 0.000000
vn 0.050000 0.086603 0.000000
vn 0.000000 -0.100000 0.000000
vn 0.000000 -0.100000 0.000000
vn -0.050000 -0.086603 0.000000
vn -0.086603 -0.050000 0.000000
vn -0.100000 0.000000 0.000000
vn -0.100000 0.000000 0.000000
vn -0.086603 -0.050000 0.000000
vn -0.050000 -0.086603 0.000000
vn 0.000000 -0.100000 0.000000
vn 0.000000 -0.100000 0.000000
vn 0.000000 -0.100000 0.000000
vn 0.000000 -0.100000 0.000000
vn 0.000000 -0.100000 0.000000
vn 0.000000 -0.100000 0.000000
vn 0.000000 -0.086603 -0.050000
vn 0.000000 -0.050000 -0.086603
vn 0.000000 0.000000 -0.100000
vn 0.000000 0.000000 -0.100000
vn 0.000000 -0.050000 -0.086603
vn 0.000000 -0.086603 -0.050000
vn 0.000000 0.000000 -0.100000
vn 0.000000 -0.050000 -0.086603
vn 0.000000 -0.086603 -0.050000
vn 0.000000 -0.100000 0.000000
vn -0.050000 -0.086603 0.000000
vn -0.086603 -0.050000 0.000000
vn -0.100000 0.000000 0.000000
vn -0.086603 0.000000 -0.050000
vn -0.050000 0.000000 -0.086603
vn -0.050000 -0.043301 -0.075000
vn -0.086603 -0.025000 -0.043301
vn -0.050000 -0.075000 -0.043301
vn -0.086603 -0.043301 -0.025000
vn -0.100000 0.000000 0.000000
vn -0.100000 0.000000 0.000000
vn -0.086603 0.050000 0.000000
vn -0.050000 0.086603 0.000000
vn 0.000000 0.100000 0.000000
vn 0.000000 0.100000 0.000000
vn -0.050000 0.086603 0.000000
vn -0.086603 0.050000 0.000000
vn 0.000000 0.100000 0.000000
vn 0.000000 0.086603 -0.050000
vn 0.000000 0.050000 -0.086603
vn 0.000000 0.000000 -0.100000
vn -0.050000 0.000000 -0.086603
vn -0.086603 0.000000 -0.050000
vn -0.100000 0.000000 0.000000
vn -0.086603 0.050000 0.000000
vn -0.050000 0.086603 0.000000
vn -0.025000 0.043301 -0.086603
vn -0.043301 0.075000 -0.050000
vn -0.075000 0.043301 -0.050000
vn -0.043301 0.025000 -0.086603
vn 0.000000 0.100000 0.000000
vn 0.000000 0.100000 0.000000
vn 0.000000 0.086603 -0.050000
vn 0.000000 0.050000 -0.086603
vn 0.000000 0.000000 -0.100000
vn 0.000000 0.000000 -0.100000
vn 0.000000 0.050000 -0.086603
vn 0.000000 0.086603 -0.050000
vn 0.000000 0.100000 0.000000
vn 0.000000 0.100000 0.000000
vn 0.000000 0.100000 0.000000
vn 0.000000 0.100000 0.000000
vn 0.000000 0.100000 0.000000
vn 0.000000 0.100000 0.000000
vn 0.050000 0.086603 0.000000
vn 0.086603 0.050000 0.000000
vn 0.100000 0.000000 0.000000
vn 0.100000 0.000000 0.000000
vn 0.086603 0.050000 0.000000
vn 0.050000 0.086603 0.000000
vn 0.000000 0.000000 -0.100000
vn 0.000000 0.050000 -0.086603
vn 0.000000 0.086603 -0.050000
vn 0.000000 0.100000 0.000000
vn 0.050000 0.086603 0.000000
vn 0.086603 0.050000 0.000000
vn 0.100000 0.000000 0.000000
vn 0.086603 0.000000 -0.050000
vn 0.050000 0.000000 -0.086603
vn 0.050000 0.043301 -0.075000
vn 0.086603 0.025000 -0.043301
vn 0.050000 0.075000 -0.043301
vn 0.086603 0.043301 -0.025000
vn 0.100000 0.000000 0.000000
vn 0.100000 0.000000 0.000000
vn 0.100000 0.000000 0.000000
vn 0.100000 0.000000 0.000000
vn 0.100000 0.000000 0.000000
vn 0.100000 0.000000 0.000000
vn 0.086603 -0.050000 0.000000
vn 0.050000 -0.086603 0.000000
vn 0.000000 -0.100000 0.000000
vn 0.000000 -0.100000 0.000000
vn 0.050000 -0.086603 0.000000
vn 0.086603 -0.050000 0.000000
vn 0.000000 -0.070711 -0.070711
vn -0.032861 -0.062611 -0.070711
vn -0.058194 -0.040168 -0.070711
vn -0.070195 -0.008523 -0.070711
vn -0.066116 0.025074 -0.070711
vn -0.046890 0.052928 -0.070711
vn -0.016922 0.068656 -0.070711
vn 0.016922 0.068656 -0.070711
vn 0.046890 0.052928 -0.070711
vn 0.066116 0.025074 -0.070711
vn 0.070195 -0.008523 -0.070711
vn 0.058194 -0.040168 -0.070711
vn 0.032861 -0.062611 -0.070711
vn 0.000000 -0.070711 -0.070711
vn 0.038229 -0.059486 -0.070711
vn 0.064321 -0.029374 -0.070711
vn 0.069991 0.010063 -0.070711
vn 0.053440 0.046306 -0.070711
vn 0.019921 0.067846 -0.070711
vn -0.019921 0.067846 -0.070711
vn -0.053440 0.046306 -0.070711
vn -0.069991 0.010063 -0.070711
vn -0.064321 -0.029374 -0.070711
vn -0.038229 -0.059486 -0.070711
vn 0.000000 -0.070711 -0.070711
vn 0.000000 -0.070711 -0.070711
vn 0.000000 -0.070711 -0.070711
vn 0.000000 -0.100000 0.000000
vn -0.054064 -0.084125 0.000000
vn -0.090963 -0.041542 0.000000
vn -0.098982 0.014231 0.000000
vn -0.075575 0.065486 0.000000
vn -0.028173 0.095949 0.000000
vn 0.028173 0.095949 0.000000
vn 0.075575 0.065486 0.000000
vn 0.098982 0.014231 0.000000
vn 0.090963 -0.041542 0.000000
vn 0.054064 -0.084125 0.000000
vn -0.100000 0.000000 0.000000
vn -0.084125 -0.054064 0.000000
vn -0.041542 -0.090963 0.000000
vn 0.014231 -0.098982 0.000000
vn 0.065486 -0.075575 0.000000
vn 0.095949 -0.028173 0.000000
vn 0.095949 0.028173 0.000000
vn 0.065486 0.075575 0.000000
vn 0.014231 0.098982 0.000000
vn -0.041542 0.090963 0.000000
vn -0.084125 0.054064 0.000000
vn -0.100000 0.000000 0.000000
vn -0.100000 0.000000 0.000000
vn -0.090963 -0.041542 0.000000
vn -0.090963 -0.041542 0.000000
vn 0.000000 0.000000 -0.100000
vn 0.000000 0.000000 -0.100000
vn 0.000000 0.000000 -0.100000
vn 0.000000 0.000000 -0.100000
vn 0.000000 0.000000 -0.100000
vn 0.000000 0.000000 -0.100000
vn 0.000000 0.000000 -0.100000
vn 0.000000 0.000000 -0.100000
vn 0.000000 0.000000 -0.100000
vn 0.000000 0.000000 -0.100000
vn 0.000000 0.000000 -0.100000
vn 0.000000 -0.070711 -0.070711
vn -0.032861 -0.062611 -0.070711
vn -0.058194 -0.040168 -0.070711
vn -0.070195 -0.008523 -0.070711
vn -0.066116 0.025074 -0.070711
vn -0.046890 0.052928 -0.070711
vn -0.016922 0.068656 -0.070711
vn 0.016922 0.068656 -0.070711
vn 0.046890 0.052928 -0.070711
vn 0.066116 0.025074 -0.070711
vn 0.070195 -0.008523 -0.070711
vn 0.058194 -0.040168 -0.070711
vn 0.032861 -0.062611 -0.070711
vn 0.000000 -0.070711 -0.070711
vn 0.038229 -0.059486 -0.070711
vn 0.064321 -0.029374 -0.070711
vn 0.069991 0.010063 -0.070711
vn 0.053440 0.046306 -0.070711
vn 0.019921 0.067846 -0.070711
vn -0.019921 0.067846 -0.070711
vn -0.053440 0.046306 -0.070711
vn -0.069991 0.010063 -0.070711
vn -0.064321 -0.029374 -0.070711
vn -0.038229 -0.059486 -0.070711
vn 0.000000 -0.070711 -0.070711
vn 0.000000 -0.070711 -0.070711
vn 0.000000 -0.070711 -0.070711
vn 0.000000 -0.100000 0.000000
vn -0.054064 -0.084125 0.000000
vn -0.090963 -0.041542 0.000000
vn -0.098982 0.014231 0.000000
vn -0.075575 0.065486 0.000000
vn -0.028173 0.095949 0.000000
vn 0.028173 0.095949 0.000000
vn 0.075575 0.065486 0.000000
vn 0.098982 0.014231 0.000000
vn 0.090963 -0.041542 0.000000
vn 0.054064 -0.084125 0.000000
vn -0.100000 0.000000 0.000000
vn -0.084125 -0.054064 0.000000
vn -0.041542 -0.090963 0.000000
vn 0.014231 -0.098982 0.000000
vn 0.065486 -0.075575 0.000000
vn 0.095949 -0.028173 0.000000
vn 0.095949 0.028173 0.000000
vn 0.065486 0.075575 0.000000
vn 0.014231 0.098982 0.000000
vn -0.041542 0.090963 0.000000
vn -0.084125 0.054064 0.000000
vn -0.100000 0.000000 0.000000
vn -0.100000 0.000000 0.000000
vn -0.090963 -0.041542 0.000000
vn -0.090963 -0.041542 0.000000
vn 0.000000 0.000000 -0.100000
vn 0.000000 0.000000 -0.100000
vn 0.000000 0.000000 -0.100000
vn 0.000000 0.000000 -0.100000
vn 0.000000 0.000000 -0.100000
vn 0.000000 0.000000 -0.100000
vn 0.000000 0.000000 -0.100000
vn 0.000000 0.000000 -0.100000
vn 0.000000 0.000000 -0.100000
vn 0.000000 0.000000 -0.100000
vn 0.000000 0.000000 -0.100000
vn 0.000000 -0.070711 -0.070711
vn -0.032861 -0.062611 -0.070711
vn -0.058194 -0.040168 -0.070711
vn -0.070195 -0.008523 -0.070711
vn -0.066116 0.025074 -0.070711
vn -0.046890 0.052928 -0.070711
vn -0.016922 0.068656 -0.070711
vn 0.016922 0.068656 -0.070711
vn 0.046890 0.052928 -0.070711
vn 0.066116 0.025074 -0.070711
vn 0.070195 -0.008523 -0.070711
vn 0.058194 -0.040168 -0.070711
vn 0.032861 -0.062611 -0.070711
vn 0.000000 -0.070711 -0.070711
vn 0.038229 -0.059486 -0.070711
vn 0.064321 -0.029374 -0.070711
vn 0.069991 0.010063 -0.070711
vn 0.053440 0.046306 -0.070711
vn 0.019921 0.067846 -0.070711
vn -0.019921 0.067846 -0.070711
vn -0.053440 0.046306 -0.070711
vn -0.069991 0.010063 -0.070711
vn -0.064321 -0.029374 -0.070711
vn -0.038229 -0.059486 -0.070711
vn 0.000000 -0.070711 -0.070711
vn 0.000000 -0.070711 -0.070711
vn 0.000000 -0.070711 -0.070711
vn 0.000000 -0.100000 0.000000
vn -0.054064 -0.084125 0.000000
vn -0.090963 -0.041542 0.000000
vn -0.098982 0.014231 0.000000
vn -0.075575 0.065486 0.000000
vn -0.028173 0.095949 0.000000
vn 0.028173 0.095949 0.000000
vn 0.075575 0.065486 0.000000
vn 0.098982 0.014231 0.000000
vn 0.090963 -0.041542 0.000000
vn 0.054064 -0.084125 0.000000
vn -0.100000 0.000000 0.000000
vn -0.084125 -0.054064 0.000000
vn -0.041542 -0.090963 0.000000
vn 0.014231 -0.098982 0.000000
vn 0.065486 -0.075575 0.000000
vn 0.095949 -0.028173 0.000000
vn 0.095949 0.028173 0.000000
vn 0.065486 0.075575 0.000000
vn 0.014231 0.098982 0.000000
vn -0.041542 0.090963 0.000000
vn -0.084125 0.054064 0.000000
vn -0.100000 0.000000 0.000000
vn -0.100000 0.000000 0.000000
vn -0.090963 -0.041542 0.000000
vn -0.090963 -0.041542 0.000000
vn 0.000000 0.000000 -0.100000
vn 0.000000 0.000000 -0.100000
vn 0.000000 0.000000 -0.100000
vn 0.000000 0.000000 -0.100000
vn 0.000000 0.000000 -0.100000
vn 0.000000 0.000000 -0.100000
vn 0.000000 0.000000 -0.100000
vn 0.000000 0.000000 -0.100000
vn 0.000000 0.000000 -0.100000
vn 0.000000 0.000000 -0.100000
vn 0.000000 0.000000 -0.100000
vn 0.000000 -0.070711 -0.070711
vn -0.032861 -0.062611 -0.070711
vn -0.058194 -0.040168 -0.070711
vn -0.070195 -0.008523 -0.070711
vn -0.066116 0.025074 -0.070711
vn -0.046890 0.052928 -0.070711
vn -0.016922 0.068656 -0.070711
vn 0.016922 0.068656 -0.070711
vn 0.046890 0.052928 -0.070711
vn 0.066116 0.025074 -0.070711
vn 0.070195 -0.008523 -0.070711
vn 0.058194 -0.040168 -0.070711
vn 0.032861 -0.062611 -0.070711
vn 0.000000 -0.070711 -0.070711
vn 0.038229 -0.059486 -0.070711
vn 0.064321 -0.029374 -0.070711
vn 0.069991 0.010063 -0.070711
vn 0.053440 0.046306 -0.070711
vn 0.019921 0.067846 -0.070711
vn -0.019921 0.067846 -0.070711
vn -0.053440 0.046306 -0.070711
vn -0.069991 0.010063 -0.070711
vn -0.064321 -0.029374 -0.070711
vn -0.038229 -0.059486 -0.070711
vn 0.000000 -0.070711 -0.070711
vn 0.000000 -0.070711 -0.070711
vn 0.000000 -0.070711 -0.070711
vn 0.000000 -0.100000 0.000000
vn -0.054064 -0.084125 0.000000
vn -0.090963 -0.041542 0.000000
vn -0.098982 0.014231 0.000000
vn -0.075575 0.065486 0.000000
vn -0.028173 0.095949 0.000000
vn 0.028173 0.095949 0.000000
vn 0.075575 0.065486 0.000000
vn 0.098982 0.014231 0.000000
vn 0.090963 -0.041542 0.000000
vn 0.054064 -0.084125 0.000000
vn -0.100000 0.000000 0.000000
vn -0.084125 -0.054064 0.000000
vn -0.041542 -0.090963 0.000000
vn 0.014231 -0.098982 0.000000
vn 0.065486 -0.075575 0.000000
vn 0.095949 -0.028173 0.000000
vn 0.095949 0.028173 0.000000
vn 0.065486 0.075575 0.000000
vn 0.014231 0.098982 0.000000
vn -0.041542 0.090963 0.000000
vn -0.084125 0.054064 0.000000
vn -0.100000 0.000000 0.000000
vn -0.100000 0.000000 0.000000
vn -0.090963 -0.041542 0.000000
vn -0.090963 -0.041542 0.000000
vn 0.000000 0.000000 -0.100000
vn 0.000000 0.000000 -0.100000
vn 0.000000 0.000000 -0.100000
vn 0.000000 0.000000 -0.100000
vn 0.000000 0.000000 -0.100000
vn 0.000000 0.000000 -0.100000
vn 0.000000 0.000000 -0.100000
vn 0.000000 0.000000 -0.100000
vn 0.000000 0.000000 -0.100000
vn 0.000000 0.000000 -0.100000
vn 0.000000 0.000000 -0.100000
vn 0.000000 -0.070711 -0.070711
vn -0.032861 -0.062611 -0.070711
vn -0.058194 -0.040168 -0.070711
vn -0.070195 -0.008523 -0.070711
vn -0.066116 0.025074 -0.070711
vn -0.046890 0.052928 -0.070711
vn -0.016922 0.068656 -0.070711
vn 0.016922 0.068656 -0.070711
vn 0.046890 0.052928 -0.070711
vn 0.066116 0.025074 -0.070711
vn 0.070195 -0.008523 -0.070711
vn 0.058194 -0.040168 -0.070711
vn 0.032861 -0.062611 -0.070711
vn 0.000000 -0.070711 -0.070711
vn 0.038229 -0.059486 -0.070711
vn 0.064321 -0.029374 -0.070711
vn 0.069991 0.010063 -0.070711
vn 0.053440 0.046306 -0.070711
vn 0.019921 0.067846 -0.070711
vn -0.019921 0.067846 -0.070711
vn -0.053440 0.046306 -0.070711
vn -0.069991 0.010063 -0.070711
vn -0.064321 -0.029374 -0.070711
vn -0.038229 -0.059486 -0.070711
vn 0.000000 -0.070711 -0.070711
vn 0.000000 -0.070711 -0.070711
vn 0.000000 -0.070711 -0.070711
vn 0.000000 -0.100000 0.000000
vn -0.054064 -0.084125 0.000000
vn -0.090963 -0.041542 0.000000
vn -0.098982 0.014231 0.000000
vn -0.075575 0.065486 0.000000
vn -0.028173 0.095949 0.000000
vn 0.028173 0.095949 0.000000
vn 0.075575 0.065486 0.000000
vn 0.098982 0.014231 0.000000
vn 0.090963 -0.041542 0.000000
vn 0.054064 -0.084125 0.000000
vn -0.100000 0.000000 0.000000
vn -0.084125 -0.054064 0.000000
vn -0.041542 -0.090963 0.000000
vn 0.014231 -0.098982 0.000000
vn 0.065486 -0.075575 0.000000
vn 0.095949 -0.028173 0.000000
vn 0.095949 0.028173 0.000000
vn 0.065486 0.075575 0.000000
vn 0.014231 0.098982 0.000000
vn -0.041542 0.090963 0.000000
vn -0.084125 0.054064 0.000000
vn -0.100000 0.000000 0.000000
vn -0.100000 0.000000 0.000000
vn -0.090963 -0.041542 0.000000
vn -0.090963 -0.041542 0.000000
vn 0.000000 0.000000 -0.100000
vn 0.000000 0.000000 -0.100000
vn 0.000000 0.000000 -0.100000
vn 0.000000 0.000000 -0.100000
vn 0.000000 0.000000 -0.100000
vn 0.000000 0.000000 -0.100000
vn 0.000000 0.000000 -0.100000
vn 0.000000 0.000000 -0.100000
vn 0.000000 0.000000 -0.100000
vn 0.000000 0.000000 -0.100000
vn 0.000000 0.000000 -0.100000
vn 0.000000 -0.070711 -0.070711
vn -0.032861 -0.062611 -0.070711
vn -0.058194 -0.040168 -0.070711
vn -0.070195 -0.008523 -0.070711
vn -0.066116 0.025074 -0.070711
vn -0.046890 0.052928 -0.070711
vn -0.016922 0.068656 -0.070711
vn 0.016922 0.068656 -0.070711
vn 0.046890 0.052928 -0.070711
vn 0.066116 0.025074 -0.070711
vn 0.070195 -0.008523 -0.070711
vn 0.058194 -0.040168 -0.070711
vn 0.032861 -0.062611 -0.070711
vn 0.000000 -0.070711 -0.070711
vn 0.038229 -0.059486 -0.070711
vn 0.064321 -0.029374 -0.070711
vn 0.069991 0.010063 -0.070711
vn 0.053440 0.046306 -0.070711
vn 0.019921 0.067846 -0.070711
vn -0.019921 0.067846 -0.070711
vn -0.053440 0.046306 -0.070711
vn -0.069991 0.010063 -0.070711
vn -0.064321 -0.029374 -0.070711
vn -0.038229 -0.059486 -0.070711
vn 0.000000 -0.070711 -0.070711
vn 0.000000 -0.070711 -0.070711
vn 0.000000 -0.070711 -0.070711
vn 0.000000 -0.100000 0.000000
vn -0.054064 -0.084125 0.000000
vn -0.090963 -0.041542 0.000000
vn -0.098982 0.014231 0.000000
vn -0.075575 0.065486 0.000000
vn -0.028173 0.095949 0.000000
vn 0.028173 0.095949 0.000000
vn 0.075575 0.065486 0.000000
vn 0.098982 0.014231 0.000000
vn 0.090963 -0.041542 0.000000
vn 0.054064 -0.084125 0.000000
vn -0.100000 0.000000 0.000000
vn -0.084125 -0.054064 0.000000
vn -0.041542 -0.090963 0.000000
vn 0.014231 -0.098982 0.000000
vn 0.065486 -0.075575 0.000000
vn 0.095949 -0.028173 0.000000
vn 0.095949 0.028173 0.000000
vn 0.065486 0.075575 0.000000
vn 0.014231 0.098982 0.000000
vn -0.041542 0.090963 0.000000
vn -0.084125 0.054064 0.000000
vn -0.100000 0.000000 0.000000
vn -0.100000 0.000000 0.000000
vn -0.090963 -0.041542 0.000000
vn -0.090963 -0.041542 0.000000
vn 0.000000 0.000000 -0.100000
vn 0.000000 0.000000 -0.100000
vn 0.000000 0.000000 -0.100000
vn 0.000000 0.000000 -0.100000
vn 0.000000 0.000000 -0.100000
vn 0.000000 0.000000 -0.100000
vn 0.000000 0.000000 -0.100000
vn 0.000000 0.000000 -0.100000
vn 0.000000 0.000000 -0.100000
vn 0.000000 0.000000 -0.100000
vn 0.000000 0.000000 -0.100000
usemtl 191,191,191
f 1197/2/2 821/3/3 1198/1/1
f 1198/1/1 821/3/3 824/4/4
f 1197/5/5 1198/6/6 1235/12/12
f 1235/12/12 1198/6/6 1236/7/7
f 1235/12/12 1236/7/7 1256/11/11
f 1256/11/11 1236/7/7 1257/8/8
f 1256/11/11 1257/8/8 1268/10/10
f 1268/10/10 1257/8/8 1270/9/9
f 1231/21/21 1193/13/13 1233/22/22
f 1233/22/22 1193/13/13 1195/14/14
f 1233/22/22 1195/14/14 1234/24/24
f 1234/24/24 1195/14/14 1196/15/15
f 1234/24/24 1196/15/15 1235/17/17
f 1235/17/17 1196/15/15 1197/16/16
f 1235/17/17 1256/18/18 1234/24/24
f 1234/24/24 1256/18/18 1255/25/25
f 1234/24/24 1255/25/25 1233/22/22
f 1233/22/22 1255/25/25 1254/23/23
f 1233/22/22 1254/23/23 1231/21/21
f 1231/21/21 1254/23/23 1252/20/20
f 1252/20/20 1254/23/23 1268/19/19
f 1256/18/18 1268/19/19 1255/25/25
f 1255/25/25 1268/19/19 1254/23/23
f 821/26/26 1197/27/27 819/33/33
f 819/33/33 1197/27/27 1196/28/28
f 819/33/33 1196/28/28 818/32/32
f 818/32/32 1196/28/28 1195/29/29
f 818/32/32 1195/29/29 816/31/31
f 816/31/31 1195/29/29 1193/30/30
f 703/34/34 733/35/35 732/44/44
f 732/44/44 733/35/35 766/36/36
f 732/44/44 766/36/36 765/43/43
f 765/43/43 766/36/36 821/37/37
f 765/43/43 821/37/37 819/38/38
f 765/43/43 819/38/38 764/45/45
f 764/45/45 819/38/38 818/39/39
f 764/45/45 818/39/39 762/41/41
f 762/41/41 818/39/39 816/40/40
f 762/41/41 728/42/42 764/45/45
f 764/45/45 728/42/42 731/46/46
f 764/45/45 731/46/46 765/43/43
f 765/43/43 731/46/46 732/44/44
f 728/42/42 703/34/34 731/46/46
f 731/46/46 703/34/34 732/44/44
f 703/47/47 709/48/48 733/54/54
f 733/54/54 709/48/48 737/49/49
f 733/54/54 737/49/49 766/53/53
f 766/53/53 737/49/49 771/50/50
f 766/53/53 771/50/50 821/52/52
f 821/52/52 771/50/50 824/51/51
f 704/56/56 710/57/57 703/55/55
f 703/55/55 710/57/57 709/58/58
f 816/59/59 817/60/60 762/66/66
f 762/66/66 817/60/60 763/61/61
f 762/66/66 763/61/61 728/65/65
f 728/65/65 763/61/61 729/62/62
f 728/65/65 729/62/62 703/64/64
f 703/64/64 729/62/62 704/63/63
f 816/68/68 1193/69/69 817/67/67
f 817/67/67 1193/69/69 1194/70/70
f 618/72/72 1089/400/400 616/71/71
f 616/71/71 1089/400/400 1171/152/152
f 616/71/71 1171/152/152 1164/153/153
f 1089/400/400 618/72/72 1060/399/399
f 1060/399/399 618/72/72 623/73/73
f 1060/399/399 623/73/73 647/74/74
f 647/74/74 669/75/75 1060/399/399
f 1060/399/399 669/75/75 753/76/76
f 1060/399/399 753/76/76 869/77/77
f 1060/399/399 869/77/77 1051/398/398
f 1051/398/398 869/77/77 991/78/78
f 1051/398/398 991/78/78 1069/397/397
f 1069/397/397 991/78/78 1091/79/79
f 1069/397/397 1091/79/79 1117/396/396
f 1117/396/396 1091/79/79 1133/395/395
f 1133/395/395 1091/79/79 1155/407/407
f 1155/407/407 1091/79/79 1766/80/80
f 1155/407/407 1766/80/80 1688/409/409
f 1688/409/409 1766/80/80 1720/408/408
f 1720/408/408 1766/80/80 1736/420/420
f 1736/420/420 1766/80/80 1788/419/419
f 1788/419/419 1766/80/80 1883/81/81
f 1788/419/419 1883/81/81 1808/418/418
f 1808/418/418 1883/81/81 2014/82/82
f 1808/418/418 2014/82/82 1797/417/417
f 1797/417/417 2014/82/82 2117/83/83
f 1797/417/417 2117/83/83 2202/84/84
f 2202/84/84 2223/85/85 1797/417/417
f 1797/417/417 2223/85/85 2267/86/86
f 1797/417/417 2267/86/86 2279/87/87
f 1797/417/417 2279/87/87 1762/416/416
f 1762/416/416 2279/87/87 2277/88/88
f 1762/416/416 2277/88/88 1666/140/140
f 1666/140/140 2277/88/88 1671/139/139
f 1671/139/139 2277/88/88 1881/382/382
f 1671/139/139 1881/382/382 1663/166/166
f 1663/166/166 1881/382/382 1827/383/383
f 1663/166/166 1827/383/383 1784/384/384
f 2500/89/89 2498/90/90 2277/88/88
f 2277/88/88 2498/90/90 2436/338/338
f 2277/88/88 2436/338/338 2328/339/339
f 2904/91/91 2665/336/336 2498/90/90
f 2498/90/90 2665/336/336 2543/337/337
f 2498/90/90 2543/337/337 2436/338/338
f 2893/92/92 2849/333/333 2904/91/91
f 2904/91/91 2849/333/333 2805/334/334
f 2904/91/91 2805/334/334 2713/335/335
f 2487/93/93 2658/329/329 2893/92/92
f 2893/92/92 2658/329/329 2711/330/330
f 2893/92/92 2711/330/330 2800/331/331
f 2485/94/94 2160/168/168 2487/93/93
f 2487/93/93 2160/168/168 2326/340/340
f 2487/93/93 2326/340/340 2431/341/341
f 2890/95/95 2656/322/322 2485/94/94
f 2485/94/94 2656/322/322 2539/323/323
f 2485/94/94 2539/323/323 2429/324/324
f 2879/96/96 2845/319/319 2890/95/95
f 2890/95/95 2845/319/319 2790/320/320
f 2890/95/95 2790/320/320 2709/321/321
f 2474/97/97 2649/315/315 2879/96/96
f 2879/96/96 2649/315/315 2707/316/316
f 2879/96/96 2707/316/316 2785/317/317
f 2472/98/98 2152/167/167 2474/97/97
f 2474/97/97 2152/167/167 2424/327/327
f 2474/97/97 2424/327/327 2537/328/328
f 2876/99/99 2647/308/308 2472/98/98
f 2472/98/98 2647/308/308 2535/309/309
f 2472/98/98 2535/309/309 2422/310/310
f 2865/100/100 2841/305/305 2876/99/99
f 2876/99/99 2841/305/305 2775/306/306
f 2876/99/99 2775/306/306 2705/307/307
f 2461/101/101 2640/301/301 2865/100/100
f 2865/100/100 2640/301/301 2703/302/302
f 2865/100/100 2703/302/302 2770/303/303
f 2459/102/102 2151/172/172 2461/101/101
f 2461/101/101 2151/172/172 2129/173/173
f 2461/101/101 2129/173/173 2417/313/313
f 2417/313/313 2129/173/173 2318/312/312
f 2318/312/312 2129/173/173 2101/174/174
f 2318/312/312 2101/174/174 2004/365/365
f 2004/365/365 2101/174/174 2038/175/175
f 2004/365/365 2038/175/175 1956/364/364
f 1956/364/364 2038/175/175 1909/363/363
f 1909/363/363 2038/175/175 1835/362/362
f 1835/362/362 2038/175/175 1647/176/176
f 1835/362/362 1647/176/176 1805/361/361
f 1805/361/361 1647/176/176 1755/360/360
f 1755/360/360 1647/176/176 1756/359/359
f 1756/359/359 1647/176/176 1604/177/177
f 1756/359/359 1604/177/177 1783/358/358
f 1783/358/358 1604/177/177 1240/198/198
f 1783/358/358 1240/198/198 1063/354/354
f 1063/354/354 1240/198/198 1083/353/353
f 1083/353/353 1240/198/198 1202/199/199
f 1083/353/353 1202/199/199 1082/352/352
f 1082/352/352 1202/199/199 1044/351/351
f 1044/351/351 1202/199/199 1008/350/350
f 1008/350/350 1202/199/199 828/200/200
f 1008/350/350 828/200/200 950/349/349
f 950/349/349 828/200/200 908/348/348
f 908/348/348 828/200/200 859/347/347
f 859/347/347 828/200/200 773/201/201
f 859/347/347 773/201/201 567/241/241
f 567/241/241 773/201/201 739/202/202
f 567/241/241 739/202/202 506/240/240
f 506/240/240 739/202/202 454/126/126
f 506/240/240 454/126/126 402/239/239
f 402/239/239 454/126/126 307/238/238
f 307/238/238 454/126/126 77/127/127
f 307/238/238 77/127/127 253/237/237
f 253/237/237 77/127/127 175/236/236
f 175/236/236 77/127/127 117/235/235
f 117/235/235 77/127/127 119/234/234
f 119/234/234 77/127/127 87/128/128
f 119/234/234 87/128/128 179/233/233
f 179/233/233 87/128/128 255/232/232
f 255/232/232 87/128/128 315/231/231
f 315/231/231 87/128/128 462/129/129
f 315/231/231 462/129/129 404/244/244
f 404/244/244 462/129/129 510/243/243
f 510/243/243 462/129/129 711/170/170
f 510/243/243 711/170/170 569/242/242
f 569/242/242 711/170/170 860/346/346
f 569/242/242 860/346/346 567/241/241
f 567/241/241 860/346/346 859/347/347
f 2862/103/103 2638/294/294 2459/102/102
f 2459/102/102 2638/294/294 2531/295/295
f 2459/102/102 2531/295/295 2415/296/296
f 2851/104/104 2837/291/291 2862/103/103
f 2862/103/103 2837/291/291 2760/292/292
f 2862/103/103 2760/292/292 2701/293/293
f 2448/105/105 2631/287/287 2851/104/104
f 2851/104/104 2631/287/287 2699/288/288
f 2851/104/104 2699/288/288 2755/289/289
f 2444/106/106 2444/107/107 2448/105/105
f 2448/105/105 2444/107/107 2406/108/108
f 2448/105/105 2406/108/108 2406/109/109
f 2406/109/109 2260/110/110 2448/105/105
f 2448/105/105 2260/110/110 2145/171/171
f 2448/105/105 2145/171/171 2410/299/299
f 2410/299/299 2145/171/171 2314/298/298
f 2314/298/298 2145/171/171 2316/297/297
f 2316/297/297 2145/171/171 2151/172/172
f 2316/297/297 2151/172/172 2415/296/296
f 2415/296/296 2151/172/172 2459/102/102
f 2253/111/111 2047/283/283 2260/110/110
f 2260/110/110 2047/283/283 2049/284/284
f 2260/110/110 2049/284/284 1999/285/285
f 1624/112/112 1862/280/280 2253/111/111
f 2253/111/111 1862/280/280 1933/281/281
f 2253/111/111 1933/281/281 1989/282/282
f 1631/113/113 1725/277/277 1624/112/112
f 1624/112/112 1725/277/277 1743/278/278
f 1624/112/112 1743/278/278 1811/279/279
f 1214/114/114 1574/181/181 1631/113/113
f 1631/113/113 1574/181/181 1596/182/182
f 1631/113/113 1596/182/182 1639/183/183
f 1208/115/115 1118/269/269 1214/114/114
f 1214/114/114 1118/269/269 1120/270/270
f 1214/114/114 1120/270/270 1080/271/271
f 628/116/116 975/266/266 1208/115/115
f 1208/115/115 975/266/266 1032/267/267
f 1208/115/115 1032/267/267 1070/268/268
f 634/117/117 803/263/263 628/116/116
f 628/116/116 803/263/263 844/264/264
f 628/116/116 844/264/264 910/265/265
f 496/118/118 444/122/122 634/117/117
f 634/117/117 444/122/122 704/188/188
f 634/117/117 704/188/188 729/189/189
f 496/118/118 496/119/119 444/122/122
f 444/122/122 496/119/119 440/120/120
f 444/122/122 440/120/120 440/121/121
f 65/123/123 297/252/252 444/122/122
f 444/122/122 297/252/252 398/253/253
f 444/122/122 398/253/253 500/254/254
f 75/124/124 115/248/248 65/123/123
f 65/123/123 115/248/248 113/249/249
f 65/123/123 113/249/249 161/250/250
f 452/125/125 305/245/245 75/124/124
f 75/124/124 305/245/245 251/246/246
f 75/124/124 251/246/246 165/247/247
f 454/126/126 710/187/187 452/125/125
f 452/125/125 710/187/187 504/257/257
f 452/125/125 504/257/257 400/258/258
f 462/129/129 464/130/130 711/170/170
f 711/170/170 464/130/130 512/226/226
f 711/170/170 512/226/226 571/227/227
f 89/131/131 317/224/224 464/130/130
f 464/130/130 317/224/224 406/225/225
f 464/130/130 406/225/225 512/226/226
f 99/132/132 123/220/220 89/131/131
f 89/131/131 123/220/220 121/221/221
f 89/131/131 121/221/221 189/222/222
f 472/133/133 325/217/217 99/132/132
f 99/132/132 325/217/217 259/218/218
f 99/132/132 259/218/218 193/219/219
f 474/134/134 719/169/169 472/133/133
f 472/133/133 719/169/169 516/229/229
f 472/133/133 516/229/229 408/230/230
f 101/135/135 327/210/210 474/134/134
f 474/134/134 327/210/210 410/211/211
f 474/134/134 410/211/211 518/212/212
f 111/136/136 127/206/206 101/135/135
f 101/135/135 127/206/206 125/207/207
f 101/135/135 125/207/207 203/208/208
f 482/137/137 335/203/203 111/136/136
f 111/136/136 335/203/203 263/204/204
f 111/136/136 263/204/204 207/205/205
f 484/138/138 616/71/71 482/137/137
f 482/137/137 616/71/71 522/215/215
f 482/137/137 522/215/215 412/216/216
f 1762/416/416 1666/140/140 1721/415/415
f 1721/415/415 1666/140/140 1656/141/141
f 1721/415/415 1656/141/141 1710/414/414
f 1710/414/414 1656/141/141 1594/142/142
f 1710/414/414 1594/142/142 1679/413/413
f 1679/413/413 1594/142/142 1549/143/143
f 1679/413/413 1549/143/143 1662/412/412
f 1662/412/412 1549/143/143 1519/144/144
f 1662/412/412 1519/144/144 1659/411/411
f 1659/411/411 1519/144/144 1481/145/145
f 1659/411/411 1481/145/145 1670/410/410
f 1670/410/410 1481/145/145 1425/146/146
f 1670/410/410 1425/146/146 1174/406/406
f 1174/406/406 1425/146/146 1361/147/147
f 1174/406/406 1361/147/147 1183/405/405
f 1183/405/405 1361/147/147 1321/148/148
f 1183/405/405 1321/148/148 1177/404/404
f 1177/404/404 1321/148/148 1293/149/149
f 1177/404/404 1293/149/149 1161/403/403
f 1161/403/403 1293/149/149 1244/150/150
f 1161/403/403 1244/150/150 1146/402/402
f 1146/402/402 1244/150/150 1188/151/151
f 1146/402/402 1188/151/151 1127/401/401
f 1127/401/401 1188/151/151 1171/152/152
f 1127/401/401 1171/152/152 1089/400/400
f 616/71/71 1164/153/153 989/369/369
f 989/369/369 1164/153/153 1168/154/154
f 989/369/369 1168/154/154 1029/381/381
f 1029/381/381 1168/154/154 1064/380/380
f 1064/380/380 1168/154/154 1185/155/155
f 1064/380/380 1185/155/155 1085/379/379
f 1085/379/379 1185/155/155 1242/156/156
f 1085/379/379 1242/156/156 1287/157/157
f 1085/379/379 1287/157/157 1084/378/378
f 1084/378/378 1287/157/157 1319/158/158
f 1084/378/378 1319/158/158 1048/377/377
f 1048/377/377 1319/158/158 719/169/169
f 1048/377/377 719/169/169 1009/376/376
f 1009/376/376 719/169/169 951/375/375
f 951/375/375 719/169/169 909/374/374
f 909/374/374 719/169/169 861/373/373
f 861/373/373 719/169/169 575/213/213
f 861/373/373 575/213/213 862/372/372
f 862/372/372 575/213/213 577/214/214
f 862/372/372 577/214/214 616/71/71
f 616/71/71 577/214/214 522/215/215
f 1319/158/158 1359/159/159 719/169/169
f 719/169/169 1359/159/159 1416/160/160
f 719/169/169 1416/160/160 2160/168/168
f 2160/168/168 1416/160/160 1479/161/161
f 2160/168/168 1479/161/161 1517/162/162
f 1543/163/163 1757/386/386 1517/162/162
f 1517/162/162 1757/386/386 1807/387/387
f 1517/162/162 1807/387/387 2160/168/168
f 2160/168/168 1807/387/387 1836/388/388
f 2160/168/168 1836/388/388 1910/389/389
f 1757/386/386 1543/163/163 1758/385/385
f 1758/385/385 1543/163/163 1592/164/164
f 1758/385/385 1592/164/164 1653/165/165
f 1758/385/385 1653/165/165 1784/384/384
f 1784/384/384 1653/165/165 1663/166/166
f 2424/327/327 2152/167/167 2322/326/326
f 2322/326/326 2152/167/167 2160/168/168
f 2322/326/326 2160/168/168 2324/325/325
f 2324/325/325 2160/168/168 2429/324/324
f 2429/324/324 2160/168/168 2485/94/94
f 711/170/170 571/227/227 719/169/169
f 719/169/169 571/227/227 573/228/228
f 719/169/169 573/228/228 516/229/229
f 2152/167/167 1027/355/355 711/170/170
f 711/170/170 1027/355/355 984/343/343
f 711/170/170 984/343/343 934/344/344
f 1240/198/198 1604/177/177 1261/197/197
f 1261/197/197 1604/177/177 1582/178/178
f 1261/197/197 1582/178/178 1271/196/196
f 1271/196/196 1582/178/178 1569/179/179
f 1271/196/196 1569/179/179 1269/195/195
f 1269/195/195 1569/179/179 1567/180/180
f 1269/195/195 1567/180/180 1253/194/194
f 1253/194/194 1567/180/180 1574/181/181
f 1253/194/194 1574/181/181 1214/114/114
f 2027/184/184 1813/274/274 1639/183/183
f 1639/183/183 1813/274/274 1753/275/275
f 1639/183/183 1753/275/275 1631/113/113
f 1631/113/113 1753/275/275 1727/276/276
f 1631/113/113 1727/276/276 1725/277/277
f 2089/185/185 1999/285/285 2027/184/184
f 2027/184/184 1999/285/285 1935/286/286
f 2027/184/184 1935/286/286 1867/273/273
f 1999/285/285 2089/185/185 2260/110/110
f 2260/110/110 2089/185/185 2120/186/186
f 2260/110/110 2120/186/186 2145/171/171
f 504/257/257 710/187/187 565/256/256
f 565/256/256 710/187/187 704/188/188
f 565/256/256 704/188/188 563/255/255
f 563/255/255 704/188/188 500/254/254
f 500/254/254 704/188/188 444/122/122
f 729/189/189 763/190/190 634/117/117
f 634/117/117 763/190/190 854/261/261
f 634/117/117 854/261/261 805/262/262
f 763/190/190 817/191/191 854/261/261
f 854/261/261 817/191/191 912/260/260
f 912/260/260 817/191/191 979/259/259
f 979/259/259 817/191/191 1034/272/272
f 1034/272/272 817/191/191 1194/192/192
f 1034/272/272 1194/192/192 1080/271/271
f 1080/271/271 1194/192/192 1214/114/114
f 1194/192/192 1232/193/193 1214/114/114
f 1214/114/114 1232/193/193 1253/194/194
f 739/202/202 710/187/187 454/126/126
f 207/205/205 127/206/206 111/136/136
f 203/208/208 261/209/209 101/135/135
f 101/135/135 261/209/209 327/210/210
f 518/212/212 575/213/213 474/134/134
f 474/134/134 575/213/213 719/169/169
f 412/216/216 335/203/203 482/137/137
f 193/219/219 123/220/220 99/132/132
f 189/222/222 257/223/223 89/131/131
f 89/131/131 257/223/223 317/224/224
f 408/230/230 325/217/217 472/133/133
f 165/247/247 115/248/248 75/124/124
f 161/250/250 249/251/251 65/123/123
f 65/123/123 249/251/251 297/252/252
f 400/258/258 305/245/245 452/125/125
f 805/262/262 803/263/263 634/117/117
f 910/265/265 975/266/266 628/116/116
f 1070/268/268 1118/269/269 1208/115/115
f 1867/273/273 1813/274/274 2027/184/184
f 1811/279/279 1862/280/280 1624/112/112
f 1989/282/282 2047/283/283 2253/111/111
f 2755/289/289 2835/290/290 2851/104/104
f 2851/104/104 2835/290/290 2837/291/291
f 2701/293/293 2638/294/294 2862/103/103
f 2410/299/299 2529/300/300 2448/105/105
f 2448/105/105 2529/300/300 2631/287/287
f 2770/303/303 2839/304/304 2865/100/100
f 2865/100/100 2839/304/304 2841/305/305
f 2705/307/307 2647/308/308 2876/99/99
f 2472/98/98 2422/310/310 2152/167/167
f 2152/167/167 2422/310/310 2320/311/311
f 2152/167/167 2320/311/311 2005/366/366
f 2005/366/366 2320/311/311 2318/312/312
f 2005/366/366 2318/312/312 2004/365/365
f 2417/313/313 2533/314/314 2461/101/101
f 2461/101/101 2533/314/314 2640/301/301
f 2785/317/317 2843/318/318 2879/96/96
f 2879/96/96 2843/318/318 2845/319/319
f 2709/321/321 2656/322/322 2890/95/95
f 2537/328/328 2649/315/315 2474/97/97
f 2800/331/331 2847/332/332 2893/92/92
f 2893/92/92 2847/332/332 2849/333/333
f 2713/335/335 2665/336/336 2904/91/91
f 2277/88/88 2328/339/339 2007/392/392
f 2007/392/392 2328/339/339 2326/340/340
f 2007/392/392 2326/340/340 2006/391/391
f 2006/391/391 2326/340/340 2160/168/168
f 2006/391/391 2160/168/168 1959/390/390
f 1959/390/390 2160/168/168 1910/389/389
f 2431/341/341 2541/342/342 2487/93/93
f 2487/93/93 2541/342/342 2658/329/329
f 934/344/344 878/345/345 711/170/170
f 711/170/170 878/345/345 860/346/346
f 1783/358/358 1063/354/354 1825/357/357
f 1825/357/357 1063/354/354 1027/355/355
f 1825/357/357 1027/355/355 2152/167/167
f 1924/368/368 1876/356/356 2152/167/167
f 2152/167/167 1876/356/356 1825/357/357
f 2005/366/366 1985/367/367 2152/167/167
f 2152/167/167 1985/367/367 1924/368/368
f 989/369/369 936/370/370 616/71/71
f 616/71/71 936/370/370 879/371/371
f 616/71/71 879/371/371 862/372/372
f 2007/392/392 1987/393/393 2277/88/88
f 2277/88/88 1987/393/393 1926/394/394
f 2277/88/88 1926/394/394 1881/382/382
f 1670/410/410 1174/406/406 1688/409/409
f 1688/409/409 1174/406/406 1155/407/407
f 616/422/422 581/423/423 618/421/421
f 618/421/421 581/423/423 583/430/430
f 583/430/430 581/423/423 485/424/424
f 583/430/430 485/424/424 488/429/429
f 488/429/429 485/424/424 414/425/425
f 488/429/429 414/425/425 416/428/428
f 416/428/428 414/425/425 389/426/426
f 416/428/428 389/426/426 393/427/427
f 416/453/453 393/431/431 434/454/454
f 434/454/454 393/431/431 419/432/432
f 434/454/454 419/432/432 555/457/457
f 555/457/457 419/432/432 526/433/433
f 555/457/457 526/433/433 596/460/460
f 596/460/460 526/433/433 590/434/434
f 596/460/460 590/434/434 643/463/463
f 643/463/463 590/434/434 644/435/435
f 643/463/463 644/435/435 681/466/466
f 681/466/466 644/435/435 682/436/436
f 681/466/466 682/436/436 812/469/469
f 812/469/469 682/436/436 813/437/437
f 812/469/469 813/437/437 974/472/472
f 974/472/472 813/437/437 964/438/438
f 974/472/472 964/438/438 1099/440/440
f 1099/440/440 964/438/438 1101/439/439
f 1099/440/440 1095/441/441 974/472/472
f 974/472/472 1095/441/441 971/473/473
f 974/472/472 971/473/473 812/469/469
f 812/469/469 971/473/473 843/470/470
f 812/469/469 843/470/470 681/466/466
f 681/466/466 843/470/470 690/467/467
f 681/466/466 690/467/467 643/463/463
f 643/463/463 690/467/467 658/464/464
f 643/463/463 658/464/464 596/460/460
f 596/460/460 658/464/464 605/461/461
f 596/460/460 605/461/461 555/457/457
f 555/457/457 605/461/461 585/458/458
f 555/457/457 585/458/458 434/454/454
f 434/454/454 585/458/458 525/455/455
f 434/454/454 525/455/455 416/453/453
f 416/453/453 525/455/455 488/452/452
f 488/452/452 525/455/455 589/456/456
f 488/452/452 589/456/456 583/451/451
f 583/451/451 589/456/456 618/450/450
f 618/450/450 589/456/456 623/449/449
f 623/449/449 589/456/456 602/459/459
f 623/449/449 602/459/459 647/448/448
f 647/448/448 602/459/459 642/462/462
f 647/448/448 642/462/462 669/447/447
f 669/447/447 642/462/462 662/465/465
f 669/447/447 662/465/465 753/446/446
f 753/446/446 662/465/465 754/468/468
f 753/446/446 754/468/468 869/445/445
f 869/445/445 754/468/468 882/471/471
f 869/445/445 882/471/471 991/444/444
f 991/444/444 882/471/471 992/474/474
f 991/444/444 992/474/474 1091/443/443
f 1091/443/443 992/474/474 1093/442/442
f 1093/442/442 992/474/474 971/473/473
f 1093/442/442 971/473/473 1095/441/441
f 602/459/459 589/456/456 525/455/455
f 602/459/459 525/455/455 585/458/458
f 642/462/462 602/459/459 585/458/458
f 642/462/462 585/458/458 605/461/461
f 662/465/465 642/462/462 605/461/461
f 662/465/465 605/461/461 658/464/464
f 754/468/468 662/465/465 658/464/464
f 754/468/468 658/464/464 690/467/467
f 882/471/471 754/468/468 690/467/467
f 882/471/471 690/467/467 843/470/470
f 992/474/474 882/471/471 843/470/470
f 992/474/474 843/470/470 971/473/473
f 393/492/492 394/475/475 419/491/491
f 419/491/491 394/475/475 420/476/476
f 419/491/491 420/476/476 526/490/490
f 526/490/490 420/476/476 527/477/477
f 526/490/490 527/477/477 590/489/489
f 590/489/489 527/477/477 591/478/478
f 590/489/489 591/478/478 644/488/488
f 644/488/488 591/478/478 645/479/479
f 644/488/488 645/479/479 682/487/487
f 682/487/487 645/479/479 683/480/480
f 682/487/487 683/480/480 813/486/486
f 813/486/486 683/480/480 814/481/481
f 813/486/486 814/481/481 964/485/485
f 964/485/485 814/481/481 965/482/482
f 964/485/485 965/482/482 1101/484/484
f 1101/484/484 965/482/482 1102/483/483
f 390/494/494 435/495/495 394/493/493
f 394/493/493 435/495/495 437/496/496
f 394/493/493 437/496/496 490/497/497
f 394/493/493 490/497/497 420/532/532
f 420/532/532 490/497/497 557/498/498
f 420/532/532 557/498/498 527/531/531
f 527/531/531 557/498/498 603/499/499
f 527/531/531 603/499/499 591/530/530
f 591/530/530 603/499/499 652/500/500
f 591/530/530 652/500/500 645/529/529
f 645/529/529 652/500/500 688/501/501
f 645/529/529 688/501/501 683/528/528
f 683/528/528 688/501/501 834/502/502
f 683/528/528 834/502/502 814/527/527
f 814/527/527 834/502/502 972/503/503
f 814/527/527 972/503/503 965/526/526
f 965/526/526 972/503/503 1097/504/504
f 965/526/526 1097/504/504 1102/525/525
f 1102/525/525 1097/504/504 1772/505/505
f 1102/525/525 1772/505/505 1777/524/524
f 1777/524/524 1772/505/505 1898/523/523
f 1898/523/523 1772/505/505 1886/506/506
f 1898/523/523 1886/506/506 2058/522/522
f 2058/522/522 1886/506/506 2045/507/507
f 2058/522/522 2045/507/507 2191/521/521
f 2191/521/521 2045/507/507 2186/508/508
f 2191/521/521 2186/508/508 2247/520/520
f 2247/520/520 2186/508/508 2219/509/509
f 2247/520/520 2219/509/509 2300/519/519
f 2300/519/519 2219/509/509 2288/510/510
f 2300/519/519 2288/510/510 2441/518/518
f 2441/518/518 2288/510/510 2330/511/511
f 2441/518/518 2330/511/511 2551/517/517
f 2551/517/517 2330/511/511 2506/512/512
f 2551/517/517 2506/512/512 2615/516/516
f 2615/516/516 2506/512/512 2510/513/513
f 2615/516/516 2510/513/513 2611/515/515
f 2611/515/515 2510/513/513 2508/514/514
f 390/533/533 394/534/534 389/536/536
f 389/536/536 394/534/534 393/535/535
f 390/538/538 435/539/539 390/537/537
f 390/537/537 435/539/539 435/540/540
f 390/537/537 435/540/540 390/541/541
f 389/542/542 213/548/548 390/541/541
f 390/541/541 213/548/548 214/549/549
f 390/541/541 214/549/549 390/537/537
f 389/542/542 414/543/543 213/548/548
f 213/548/548 414/543/543 484/547/547
f 484/547/547 414/543/543 485/544/544
f 484/547/547 485/544/544 581/545/545
f 581/545/545 616/546/546 484/547/547
f 347/551/551 351/553/553 350/550/550
f 350/550/550 351/553/553 357/554/554
f 350/550/550 357/554/554 356/573/573
f 356/573/573 357/554/554 361/555/555
f 356/573/573 361/555/555 360/572/572
f 360/572/572 361/555/555 367/556/556
f 360/572/572 367/556/556 366/571/571
f 366/571/571 367/556/556 371/557/557
f 366/571/571 371/557/557 370/570/570
f 370/570/570 371/557/557 377/558/558
f 370/570/570 377/558/558 376/569/569
f 376/569/569 377/558/558 381/559/559
f 376/569/569 381/559/559 380/568/568
f 380/568/568 381/559/559 387/560/560
f 380/568/568 387/560/560 386/567/567
f 386/567/567 387/560/560 390/565/565
f 386/567/567 390/565/565 390/566/566
f 347/551/551 348/552/552 351/553/553
f 391/561/561 391/562/562 387/560/560
f 387/560/560 391/562/562 390/565/565
f 391/562/562 395/563/563 390/565/565
f 390/565/565 395/563/563 394/564/564
f 6/575/575 2/576/576 68/574/574
f 68/574/574 2/576/576 158/577/577
f 68/574/574 158/577/577 350/583/583
f 350/583/583 158/577/577 347/582/582
f 347/582/582 158/577/577 345/581/581
f 345/581/581 158/577/577 154/578/578
f 345/581/581 154/578/578 423/580/580
f 423/580/580 154/578/578 441/579/579
f 67/585/585 5/586/586 68/584/584
f 68/584/584 5/586/586 6/587/587
f 68/589/589 350/590/590 67/588/588
f 67/588/588 350/590/590 349/592/592
f 349/592/592 350/590/590 350/591/591
f 9/594/594 133/602/602 71/593/593
f 71/593/593 133/602/602 221/603/603
f 71/593/593 221/603/603 269/604/604
f 9/594/594 5/595/595 133/602/602
f 133/602/602 5/595/595 129/601/601
f 129/601/601 5/595/595 67/596/596
f 129/601/601 67/596/596 217/600/600
f 217/600/600 67/596/596 265/599/599
f 265/599/599 67/596/596 299/598/598
f 299/598/598 67/596/596 349/597/597
f 269/604/604 303/605/605 71/593/593
f 71/593/593 303/605/605 355/606/606
f 72/608/608 10/609/609 71/607/607
f 71/607/607 10/609/609 9/610/610
f 72/611/611 71/612/612 356/615/615
f 356/615/615 71/612/612 355/613/613
f 356/615/615 355/613/613 356/614/614
f 22/617/617 18/618/618 80/616/616
f 80/616/616 18/618/618 172/619/619
f 80/616/616 172/619/619 360/625/625
f 360/625/625 172/619/619 168/620/620
f 360/625/625 168/620/620 356/624/624
f 356/624/624 168/620/620 72/623/623
f 72/623/623 168/620/620 14/621/621
f 72/623/623 14/621/621 10/622/622
f 79/627/627 21/628/628 80/626/626
f 80/626/626 21/628/628 22/629/629
f 80/631/631 360/632/632 79/630/630
f 79/630/630 360/632/632 359/634/634
f 359/634/634 360/632/632 360/633/633
f 25/636/636 139/644/644 83/635/635
f 83/635/635 139/644/644 227/645/645
f 83/635/635 227/645/645 275/646/646
f 25/636/636 21/637/637 139/644/644
f 139/644/644 21/637/637 135/643/643
f 135/643/643 21/637/637 79/638/638
f 135/643/643 79/638/638 223/642/642
f 223/642/642 79/638/638 271/641/641
f 271/641/641 79/638/638 309/640/640
f 309/640/640 79/638/638 359/639/639
f 275/646/646 313/647/647 83/635/635
f 83/635/635 313/647/647 365/648/648
f 84/650/650 26/651/651 83/649/649
f 83/649/649 26/651/651 25/652/652
f 84/653/653 83/654/654 366/657/657
f 366/657/657 83/654/654 365/655/655
f 366/657/657 365/655/655 366/656/656
f 38/659/659 34/660/660 92/658/658
f 92/658/658 34/660/660 186/661/661
f 92/658/658 186/661/661 370/667/667
f 370/667/667 186/661/661 182/662/662
f 370/667/667 182/662/662 366/666/666
f 366/666/666 182/662/662 84/665/665
f 84/665/665 182/662/662 30/663/663
f 84/665/665 30/663/663 26/664/664
f 91/669/669 37/670/670 92/668/668
f 92/668/668 37/670/670 38/671/671
f 92/673/673 370/674/674 91/672/672
f 91/672/672 370/674/674 369/676/676
f 369/676/676 370/674/674 370/675/675
f 41/678/678 145/686/686 95/677/677
f 95/677/677 145/686/686 233/687/687
f 95/677/677 233/687/687 281/688/688
f 41/678/678 37/679/679 145/686/686
f 145/686/686 37/679/679 141/685/685
f 141/685/685 37/679/679 91/680/680
f 141/685/685 91/680/680 229/684/684
f 229/684/684 91/680/680 277/683/683
f 277/683/683 91/680/680 319/682/682
f 319/682/682 91/680/680 369/681/681
f 281/688/688 323/689/689 95/677/677
f 95/677/677 323/689/689 375/690/690
f 96/692/692 42/693/693 95/691/691
f 95/691/691 42/693/693 41/694/694
f 96/695/695 95/696/696 376/699/699
f 376/699/699 95/696/696 375/697/697
f 376/699/699 375/697/697 376/698/698
f 54/701/701 50/702/702 104/700/700
f 104/700/700 50/702/702 200/703/703
f 104/700/700 200/703/703 380/709/709
f 380/709/709 200/703/703 196/704/704
f 380/709/709 196/704/704 376/708/708
f 376/708/708 196/704/704 96/707/707
f 96/707/707 196/704/704 46/705/705
f 96/707/707 46/705/705 42/706/706
f 103/711/711 53/712/712 104/710/710
f 104/710/710 53/712/712 54/713/713
f 104/715/715 380/716/716 103/714/714
f 103/714/714 380/716/716 379/718/718
f 379/718/718 380/716/716 380/717/717
f 379/720/720 329/721/721 103/719/719
f 103/719/719 329/721/721 283/722/722
f 103/719/719 283/722/722 235/723/723
f 235/723/723 147/724/724 103/719/719
f 103/719/719 147/724/724 53/732/732
f 53/732/732 147/724/724 151/725/725
f 53/732/732 151/725/725 57/731/731
f 57/731/731 151/725/725 107/730/730
f 107/730/730 151/725/725 239/726/726
f 107/730/730 239/726/726 287/727/727
f 287/727/727 333/728/728 107/730/730
f 107/730/730 333/728/728 385/729/729
f 57/734/734 49/738/738 53/733/733
f 53/733/733 49/738/738 50/739/739
f 53/733/733 50/739/739 54/740/740
f 58/735/735 62/736/736 57/734/734
f 57/734/734 62/736/736 61/737/737
f 57/734/734 61/737/737 49/738/738
f 474/742/742 199/743/743 101/741/741
f 101/741/741 199/743/743 49/746/746
f 49/746/746 199/743/743 50/745/745
f 50/745/745 199/743/743 200/744/744
f 111/747/747 101/748/748 61/750/750
f 61/750/750 101/748/748 49/749/749
f 482/751/751 111/752/752 209/756/756
f 209/756/756 111/752/752 61/753/753
f 209/756/756 61/753/753 62/754/754
f 62/754/754 210/755/755 209/756/756
f 213/757/757 484/758/758 209/760/760
f 209/760/760 484/758/758 482/759/759
f 213/761/761 209/762/762 214/764/764
f 214/764/764 209/762/762 210/763/763
f 58/765/765 108/766/766 62/771/771
f 62/771/771 108/766/766 210/770/770
f 210/770/770 108/766/766 386/767/767
f 210/770/770 386/767/767 390/768/768
f 390/768/768 214/769/769 210/770/770
f 108/773/773 58/774/774 107/772/772
f 107/772/772 58/774/774 57/775/775
f 108/776/776 107/777/777 386/780/780
f 386/780/780 107/777/777 385/778/778
f 386/780/780 385/778/778 386/779/779
f 380/782/782 386/783/783 380/781/781
f 380/781/781 386/783/783 386/784/784
f 380/781/781 386/784/784 476/788/788
f 476/788/788 386/784/784 480/785/785
f 476/788/788 480/785/785 548/787/787
f 548/787/787 480/785/785 552/786/786
f 384/790/790 333/818/818 332/789/789
f 332/819/819 333/803/803 287/804/804
f 332/820/820 287/804/804 286/801/801
f 286/801/801 287/804/804 239/805/805
f 286/801/801 239/805/805 238/800/800
f 238/800/800 239/805/805 151/806/806
f 238/800/800 151/806/806 150/799/799
f 150/799/799 151/806/806 147/807/807
f 150/799/799 147/807/807 205/798/798
f 205/798/798 147/807/807 235/808/808
f 205/798/798 235/808/808 247/797/797
f 247/797/797 235/808/808 283/809/809
f 247/797/797 283/809/809 295/796/796
f 295/796/796 283/809/809 329/810/810
f 295/796/796 329/810/810 343/795/795
f 343/795/795 329/810/810 379/811/811
f 343/795/795 379/811/811 431/794/794
f 431/794/794 379/811/811 380/812/812
f 431/794/794 380/812/812 476/813/813
f 479/791/791 480/816/816 384/790/790
f 384/790/790 480/816/816 386/817/817
f 384/790/790 386/817/817 385/802/802
f 480/816/816 479/791/791 552/815/815
f 552/815/815 479/791/791 551/792/792
f 552/815/815 551/792/792 548/814/814
f 548/814/814 551/792/792 520/793/793
f 548/814/814 520/793/793 476/813/813
f 476/813/813 520/793/793 431/794/794
f 385/802/802 333/821/821 384/790/790
f 263/835/835 335/849/849 332/836/836
f 332/850/850 335/822/822 412/823/823
f 332/851/851 412/823/823 384/848/848
f 384/848/848 412/823/823 522/824/824
f 384/848/848 522/824/824 479/847/847
f 479/847/847 522/824/824 577/825/825
f 479/847/847 577/825/825 551/846/846
f 551/846/846 577/825/825 575/826/826
f 551/846/846 575/826/826 520/845/845
f 520/845/845 575/826/826 518/827/827
f 520/845/845 518/827/827 431/844/844
f 431/844/844 518/827/827 410/828/828
f 431/844/844 410/828/828 343/843/843
f 343/843/843 410/828/828 327/829/829
f 343/843/843 327/829/829 295/842/842
f 295/842/842 327/829/829 261/830/830
f 295/842/842 261/830/830 247/841/841
f 247/841/841 261/830/830 203/831/831
f 247/841/841 203/831/831 205/840/840
f 205/840/840 203/831/831 125/832/832
f 205/840/840 125/832/832 150/839/839
f 150/839/839 125/832/832 127/833/833
f 150/839/839 127/833/833 238/838/838
f 238/838/838 127/833/833 207/834/834
f 238/838/838 207/834/834 286/837/837
f 286/837/837 207/834/834 263/835/835
f 286/837/837 263/835/835 332/836/836
f 199/852/852 195/853/853 200/855/855
f 200/855/855 195/853/853 196/854/854
f 474/856/856 472/857/857 199/859/859
f 199/859/859 472/857/857 195/858/858
f 472/860/860 99/861/861 195/865/865
f 195/865/865 99/861/861 45/862/862
f 195/865/865 45/862/862 46/863/863
f 46/863/863 196/864/864 195/865/865
f 41/867/867 33/871/871 37/866/866
f 37/866/866 33/871/871 34/872/872
f 37/866/866 34/872/872 38/873/873
f 42/868/868 46/869/869 41/867/867
f 41/867/867 46/869/869 45/870/870
f 41/867/867 45/870/870 33/871/871
f 464/875/875 185/876/876 89/874/874
f 89/874/874 185/876/876 33/879/879
f 33/879/879 185/876/876 34/878/878
f 34/878/878 185/876/876 186/877/877
f 99/880/880 89/881/881 45/883/883
f 45/883/883 89/881/881 33/882/882
f 185/884/884 181/885/885 186/887/887
f 186/887/887 181/885/885 182/886/886
f 464/888/888 462/889/889 185/891/891
f 185/891/891 462/889/889 181/890/890
f 462/892/892 87/893/893 181/897/897
f 181/897/897 87/893/893 29/894/894
f 181/897/897 29/894/894 30/895/895
f 30/895/895 182/896/896 181/897/897
f 25/899/899 17/903/903 21/898/898
f 21/898/898 17/903/903 18/904/904
f 21/898/898 18/904/904 22/905/905
f 26/900/900 30/901/901 25/899/899
f 25/899/899 30/901/901 29/902/902
f 25/899/899 29/902/902 17/903/903
f 454/907/907 171/908/908 77/906/906
f 77/906/906 171/908/908 17/911/911
f 17/911/911 171/908/908 18/910/910
f 18/910/910 171/908/908 172/909/909
f 87/912/912 77/913/913 29/915/915
f 29/915/915 77/913/913 17/914/914
f 171/916/916 167/917/917 172/919/919
f 172/919/919 167/917/917 168/918/918
f 454/920/920 452/921/921 171/923/923
f 171/923/923 452/921/921 167/922/922
f 452/924/924 75/925/925 167/929/929
f 167/929/929 75/925/925 13/926/926
f 167/929/929 13/926/926 14/927/927
f 14/927/927 168/928/928 167/929/929
f 9/931/931 1/935/935 5/930/930
f 5/930/930 1/935/935 2/936/936
f 5/930/930 2/936/936 6/937/937
f 10/932/932 14/933/933 9/931/931
f 9/931/931 14/933/933 13/934/934
f 9/931/931 13/934/934 1/935/935
f 444/939/939 157/940/940 65/938/938
f 65/938/938 157/940/940 1/943/943
f 1/943/943 157/940/940 2/942/942
f 2/942/942 157/940/940 158/941/941
f 75/944/944 65/945/945 13/947/947
f 13/947/947 65/945/945 1/946/946
f 157/948/948 153/949/949 158/951/951
f 158/951/951 153/949/949 154/950/950
f 440/953/953 440/954/954 444/952/952
f 444/952/952 440/954/954 157/956/956
f 157/956/956 440/954/954 153/955/955
f 154/957/957 153/958/958 441/960/960
f 441/960/960 153/958/958 440/959/959
f 348/961/961 347/962/962 346/988/988
f 346/988/988 347/962/962 345/963/963
f 346/988/988 345/963/963 423/964/964
f 441/965/965 442/986/986 423/964/964
f 423/964/964 442/986/986 424/987/987
f 423/964/964 424/987/987 346/988/988
f 440/966/966 440/967/967 441/965/965
f 441/965/965 440/967/967 442/986/986
f 440/968/968 443/983/983 440/967/967
f 440/967/967 443/983/983 443/984/984
f 440/967/967 443/984/984 442/986/986
f 442/986/986 443/984/984 443/985/985
f 443/983/983 440/968/968 499/982/982
f 499/982/982 440/968/968 496/969/969
f 499/982/982 496/969/969 496/970/970
f 496/971/971 497/972/972 496/970/970
f 496/970/970 497/972/972 498/979/979
f 496/970/970 498/979/979 499/981/981
f 499/981/981 498/979/979 499/980/980
f 498/979/979 497/972/972 560/978/978
f 560/978/978 497/972/972 559/973/973
f 560/978/978 559/973/973 593/974/974
f 606/975/975 607/976/976 593/974/974
f 593/974/974 607/976/976 594/977/977
f 593/974/974 594/977/977 560/978/978
f 499/981/981 499/982/982 496/970/970
f 7/989/989 69/990/990 3/998/998
f 3/998/998 69/990/990 159/997/997
f 159/997/997 69/990/990 351/991/991
f 159/997/997 351/991/991 348/992/992
f 348/992/992 346/993/993 159/997/997
f 159/997/997 346/993/993 155/996/996
f 155/996/996 346/993/993 424/994/994
f 155/996/996 424/994/994 442/995/995
f 69/1000/1000 7/1001/1001 70/999/999
f 70/999/999 7/1001/1001 8/1002/1002
f 69/1003/1003 70/1004/1004 351/1007/1007
f 351/1007/1007 70/1004/1004 352/1005/1005
f 351/1007/1007 352/1005/1005 351/1006/1006
f 357/1015/1015 351/1008/1008 357/1014/1014
f 357/1014/1014 351/1008/1008 351/1009/1009
f 357/1014/1014 351/1009/1009 451/1013/1013
f 451/1013/1013 351/1009/1009 447/1010/1010
f 451/1013/1013 447/1010/1010 535/1012/1012
f 535/1012/1012 447/1010/1010 531/1011/1011
f 73/1017/1017 357/1018/1018 74/1016/1016
f 74/1016/1016 357/1018/1018 358/1020/1020
f 358/1020/1020 357/1018/1018 357/1019/1019
f 74/1022/1022 12/1023/1023 73/1021/1021
f 73/1021/1021 12/1023/1023 11/1024/1024
f 23/1025/1025 81/1026/1026 19/1034/1034
f 19/1034/1034 81/1026/1026 173/1033/1033
f 173/1033/1033 81/1026/1026 361/1027/1027
f 173/1033/1033 361/1027/1027 169/1032/1032
f 169/1032/1032 361/1027/1027 357/1028/1028
f 169/1032/1032 357/1028/1028 73/1029/1029
f 11/1030/1030 15/1031/1031 73/1029/1029
f 73/1029/1029 15/1031/1031 169/1032/1032
f 81/1036/1036 23/1037/1037 82/1035/1035
f 82/1035/1035 23/1037/1037 24/1038/1038
f 81/1039/1039 82/1040/1040 361/1043/1043
f 361/1043/1043 82/1040/1040 362/1041/1041
f 361/1043/1043 362/1041/1041 361/1042/1042
f 367/1051/1051 361/1044/1044 367/1050/1050
f 367/1050/1050 361/1044/1044 361/1045/1045
f 367/1050/1050 361/1045/1045 461/1049/1049
f 461/1049/1049 361/1045/1045 457/1046/1046
f 461/1049/1049 457/1046/1046 541/1048/1048
f 541/1048/1048 457/1046/1046 537/1047/1047
f 85/1053/1053 367/1054/1054 86/1052/1052
f 86/1052/1052 367/1054/1054 368/1056/1056
f 368/1056/1056 367/1054/1054 367/1055/1055
f 86/1058/1058 28/1059/1059 85/1057/1057
f 85/1057/1057 28/1059/1059 27/1060/1060
f 39/1061/1061 93/1062/1062 35/1070/1070
f 35/1070/1070 93/1062/1062 187/1069/1069
f 187/1069/1069 93/1062/1062 371/1063/1063
f 187/1069/1069 371/1063/1063 183/1068/1068
f 183/1068/1068 371/1063/1063 367/1064/1064
f 183/1068/1068 367/1064/1064 85/1065/1065
f 27/1066/1066 31/1067/1067 85/1065/1065
f 85/1065/1065 31/1067/1067 183/1068/1068
f 93/1072/1072 39/1073/1073 94/1071/1071
f 94/1071/1071 39/1073/1073 40/1074/1074
f 93/1075/1075 94/1076/1076 371/1079/1079
f 371/1079/1079 94/1076/1076 372/1077/1077
f 371/1079/1079 372/1077/1077 371/1078/1078
f 377/1087/1087 371/1080/1080 377/1086/1086
f 377/1086/1086 371/1080/1080 371/1081/1081
f 377/1086/1086 371/1081/1081 471/1085/1085
f 471/1085/1085 371/1081/1081 467/1082/1082
f 471/1085/1085 467/1082/1082 547/1084/1084
f 547/1084/1084 467/1082/1082 543/1083/1083
f 97/1089/1089 377/1090/1090 98/1088/1088
f 98/1088/1088 377/1090/1090 378/1092/1092
f 378/1092/1092 377/1090/1090 377/1091/1091
f 98/1094/1094 44/1095/1095 97/1093/1093
f 97/1093/1093 44/1095/1095 43/1096/1096
f 55/1097/1097 105/1098/1098 51/1106/1106
f 51/1106/1106 105/1098/1098 201/1105/1105
f 201/1105/1105 105/1098/1098 381/1099/1099
f 201/1105/1105 381/1099/1099 197/1104/1104
f 197/1104/1104 381/1099/1099 377/1100/1100
f 197/1104/1104 377/1100/1100 97/1101/1101
f 43/1102/1102 47/1103/1103 97/1101/1101
f 97/1101/1101 47/1103/1103 197/1104/1104
f 105/1108/1108 55/1109/1109 106/1107/1107
f 106/1107/1107 55/1109/1109 56/1110/1110
f 105/1111/1111 106/1112/1112 381/1115/1115
f 381/1115/1115 106/1112/1112 382/1113/1113
f 381/1115/1115 382/1113/1113 381/1114/1114
f 387/1123/1123 381/1116/1116 387/1122/1122
f 387/1122/1122 381/1116/1116 381/1117/1117
f 387/1122/1122 381/1117/1117 481/1121/1121
f 481/1121/1121 381/1117/1117 477/1118/1118
f 481/1121/1121 477/1118/1118 553/1120/1120
f 553/1120/1120 477/1118/1118 549/1119/1119
f 109/1125/1125 387/1126/1126 110/1124/1124
f 110/1124/1124 387/1126/1126 388/1128/1128
f 388/1128/1128 387/1126/1126 387/1127/1127
f 110/1130/1130 60/1131/1131 109/1129/1129
f 109/1129/1129 60/1131/1131 59/1132/1132
f 59/1134/1134 63/1135/1135 109/1133/1133
f 109/1133/1133 63/1135/1135 211/1136/1136
f 109/1133/1133 211/1136/1136 387/1139/1139
f 387/1139/1139 211/1136/1136 391/1138/1138
f 391/1138/1138 211/1136/1136 215/1137/1137
f 215/1141/1141 391/1149/1149 391/1140/1140
f 391/1140/1140 391/1149/1149 436/1150/1150
f 391/1140/1140 436/1150/1150 436/1151/1151
f 215/1141/1141 216/1142/1142 391/1149/1149
f 391/1149/1149 216/1142/1142 392/1148/1148
f 392/1148/1148 216/1142/1142 415/1147/1147
f 415/1147/1147 216/1142/1142 487/1143/1143
f 415/1147/1147 487/1143/1143 486/1146/1146
f 486/1146/1146 487/1143/1143 582/1145/1145
f 582/1145/1145 487/1143/1143 617/1144/1144
f 436/1151/1151 391/1152/1152 391/1140/1140
f 391/1154/1154 436/1155/1155 395/1153/1153
f 395/1153/1153 436/1155/1155 438/1156/1156
f 395/1153/1153 438/1156/1156 491/1157/1157
f 395/1153/1153 491/1157/1157 421/1192/1192
f 421/1192/1192 491/1157/1157 558/1158/1158
f 421/1192/1192 558/1158/1158 528/1191/1191
f 528/1191/1191 558/1158/1158 604/1159/1159
f 528/1191/1191 604/1159/1159 592/1190/1190
f 592/1190/1190 604/1159/1159 653/1160/1160
f 592/1190/1190 653/1160/1160 646/1189/1189
f 646/1189/1189 653/1160/1160 689/1161/1161
f 646/1189/1189 689/1161/1161 684/1188/1188
f 684/1188/1188 689/1161/1161 835/1162/1162
f 684/1188/1188 835/1162/1162 815/1187/1187
f 815/1187/1187 835/1162/1162 973/1163/1163
f 815/1187/1187 973/1163/1163 966/1186/1186
f 966/1186/1186 973/1163/1163 1098/1164/1164
f 966/1186/1186 1098/1164/1164 1103/1185/1185
f 1103/1185/1185 1098/1164/1164 1773/1165/1165
f 1103/1185/1185 1773/1165/1165 1778/1184/1184
f 1778/1184/1184 1773/1165/1165 1899/1183/1183
f 1899/1183/1183 1773/1165/1165 1887/1166/1166
f 1899/1183/1183 1887/1166/1166 2059/1182/1182
f 2059/1182/1182 1887/1166/1166 2046/1167/1167
f 2059/1182/1182 2046/1167/1167 2192/1181/1181
f 2192/1181/1181 2046/1167/1167 2187/1168/1168
f 2192/1181/1181 2187/1168/1168 2248/1180/1180
f 2248/1180/1180 2187/1168/1168 2220/1169/1169
f 2248/1180/1180 2220/1169/1169 2301/1179/1179
f 2301/1179/1179 2220/1169/1169 2289/1170/1170
f 2301/1179/1179 2289/1170/1170 2442/1178/1178
f 2442/1178/1178 2289/1170/1170 2331/1171/1171
f 2442/1178/1178 2331/1171/1171 2552/1177/1177
f 2552/1177/1177 2331/1171/1171 2507/1172/1172
f 2552/1177/1177 2507/1172/1172 2616/1176/1176
f 2616/1176/1176 2507/1172/1172 2511/1173/1173
f 2616/1176/1176 2511/1173/1173 2612/1175/1175
f 2612/1175/1175 2511/1173/1173 2509/1174/1174
f 394/1210/1210 395/1193/1193 420/1209/1209
f 420/1209/1209 395/1193/1193 421/1194/1194
f 420/1209/1209 421/1194/1194 527/1208/1208
f 527/1208/1208 421/1194/1194 528/1195/1195
f 527/1208/1208 528/1195/1195 591/1207/1207
f 591/1207/1207 528/1195/1195 592/1196/1196
f 591/1207/1207 592/1196/1196 645/1206/1206
f 645/1206/1206 592/1196/1196 646/1197/1197
f 645/1206/1206 646/1197/1197 683/1205/1205
f 683/1205/1205 646/1197/1197 684/1198/1198
f 683/1205/1205 684/1198/1198 814/1204/1204
f 814/1204/1204 684/1198/1198 815/1199/1199
f 814/1204/1204 815/1199/1199 965/1203/1203
f 965/1203/1203 815/1199/1199 966/1200/1200
f 965/1203/1203 966/1200/1200 1102/1202/1202
f 1102/1202/1202 966/1200/1200 1103/1201/1201
f 435/1250/1250 390/1211/1211 437/1249/1249
f 437/1249/1249 390/1211/1211 394/1212/1212
f 437/1249/1249 394/1212/1212 490/1248/1248
f 490/1248/1248 394/1212/1212 420/1213/1213
f 490/1248/1248 420/1213/1213 557/1247/1247
f 557/1247/1247 420/1213/1213 527/1214/1214
f 557/1247/1247 527/1214/1214 603/1246/1246
f 603/1246/1246 527/1214/1214 591/1215/1215
f 603/1246/1246 591/1215/1215 652/1245/1245
f 652/1245/1245 591/1215/1215 645/1216/1216
f 652/1245/1245 645/1216/1216 688/1244/1244
f 688/1244/1244 645/1216/1216 683/1217/1217
f 688/1244/1244 683/1217/1217 834/1243/1243
f 834/1243/1243 683/1217/1217 814/1218/1218
f 834/1243/1243 814/1218/1218 972/1242/1242
f 972/1242/1242 814/1218/1218 965/1219/1219
f 972/1242/1242 965/1219/1219 1097/1241/1241
f 1097/1241/1241 965/1219/1219 1102/1220/1220
f 1097/1241/1241 1102/1220/1220 1777/1221/1221
f 1097/1241/1241 1777/1221/1221 1772/1240/1240
f 1772/1240/1240 1777/1221/1221 1898/1222/1222
f 1772/1240/1240 1898/1222/1222 1886/1239/1239
f 1886/1239/1239 1898/1222/1222 2058/1223/1223
f 1886/1239/1239 2058/1223/1223 2045/1238/1238
f 2045/1238/1238 2058/1223/1223 2191/1224/1224
f 2045/1238/1238 2191/1224/1224 2186/1237/1237
f 2186/1237/1237 2191/1224/1224 2247/1225/1225
f 2186/1237/1237 2247/1225/1225 2219/1236/1236
f 2219/1236/1236 2247/1225/1225 2300/1226/1226
f 2219/1236/1236 2300/1226/1226 2288/1235/1235
f 2288/1235/1235 2300/1226/1226 2441/1227/1227
f 2288/1235/1235 2441/1227/1227 2330/1234/1234
f 2330/1234/1234 2441/1227/1227 2551/1228/1228
f 2330/1234/1234 2551/1228/1228 2506/1233/1233
f 2506/1233/1233 2551/1228/1228 2615/1229/1229
f 2506/1233/1233 2615/1229/1229 2510/1232/1232
f 2510/1232/1232 2615/1229/1229 2508/1231/1231
f 2508/1231/1231 2615/1229/1229 2611/1230/1230
f 437/1251/1251 437/1252/1252 435/1254/1254
f 435/1254/1254 437/1252/1252 435/1253/1253
f 1097/1255/1255 1097/1256/1256 972/1272/1272
f 972/1272/1272 1097/1256/1256 972/1257/1257
f 972/1272/1272 972/1257/1257 834/1258/1258
f 972/1272/1272 834/1258/1258 834/1271/1271
f 834/1271/1271 834/1258/1258 688/1259/1259
f 834/1271/1271 688/1259/1259 688/1270/1270
f 688/1270/1270 688/1259/1259 652/1260/1260
f 688/1270/1270 652/1260/1260 652/1269/1269
f 652/1269/1269 652/1260/1260 603/1261/1261
f 652/1269/1269 603/1261/1261 603/1268/1268
f 603/1268/1268 603/1261/1261 557/1262/1262
f 603/1268/1268 557/1262/1262 557/1267/1267
f 557/1267/1267 557/1262/1262 490/1263/1263
f 557/1267/1267 490/1263/1263 490/1266/1266
f 490/1266/1266 490/1263/1263 437/1265/1265
f 437/1265/1265 490/1263/1263 437/1264/1264
f 1772/1273/1273 1772/1274/1274 1097/1276/1276
f 1097/1276/1276 1772/1274/1274 1097/1275/1275
f 2510/1277/1277 2510/1278/1278 2506/1294/1294
f 2506/1294/1294 2510/1278/1278 2506/1279/1279
f 2506/1294/1294 2506/1279/1279 2330/1280/1280
f 2506/1294/1294 2330/1280/1280 2330/1293/1293
f 2330/1293/1293 2330/1280/1280 2288/1281/1281
f 2330/1293/1293 2288/1281/1281 2288/1292/1292
f 2288/1292/1292 2288/1281/1281 2219/1282/1282
f 2288/1292/1292 2219/1282/1282 2219/1291/1291
f 2219/1291/1291 2219/1282/1282 2186/1283/1283
f 2219/1291/1291 2186/1283/1283 2186/1290/1290
f 2186/1290/1290 2186/1283/1283 2045/1284/1284
f 2186/1290/1290 2045/1284/1284 2045/1289/1289
f 2045/1289/1289 2045/1284/1284 1886/1285/1285
f 2045/1289/1289 1886/1285/1285 1886/1288/1288
f 1886/1288/1288 1886/1285/1285 1772/1287/1287
f 1772/1287/1287 1886/1285/1285 1772/1286/1286
f 2508/1295/1295 2508/1296/1296 2510/1298/1298
f 2510/1298/1298 2508/1296/1296 2510/1297/1297
f 2508/1300/1300 2611/1303/1303 2611/1299/1299
f 2611/1299/1299 2611/1303/1303 2812/1304/1304
f 2611/1299/1299 2812/1304/1304 2811/1305/1305
f 2508/1300/1300 2508/1301/1301 2611/1303/1303
f 2611/1303/1303 2508/1301/1301 2611/1302/1302
f 2500/1306/1306 2545/1310/1310 2811/1305/1305
f 2811/1305/1305 2545/1310/1310 2610/1311/1311
f 2811/1305/1305 2610/1311/1311 2611/1299/1299
f 2277/1307/1307 2304/1308/1308 2500/1306/1306
f 2500/1306/1306 2304/1308/1308 2501/1309/1309
f 2500/1306/1306 2501/1309/1309 2545/1310/1310
f 2611/1313/1313 2610/1314/1314 2615/1312/1312
f 2615/1312/1312 2610/1314/1314 2614/1315/1315
f 1776/1333/1333 1777/1316/1316 1897/1332/1332
f 1897/1332/1332 1777/1316/1316 1898/1317/1317
f 1897/1332/1332 1898/1317/1317 2057/1331/1331
f 2057/1331/1331 1898/1317/1317 2058/1318/1318
f 2057/1331/1331 2058/1318/1318 2190/1330/1330
f 2190/1330/1330 2058/1318/1318 2191/1319/1319
f 2190/1330/1330 2191/1319/1319 2246/1329/1329
f 2246/1329/1329 2191/1319/1319 2247/1320/1320
f 2246/1329/1329 2247/1320/1320 2299/1328/1328
f 2299/1328/1328 2247/1320/1320 2300/1321/1321
f 2299/1328/1328 2300/1321/1321 2440/1327/1327
f 2440/1327/1327 2300/1321/1321 2441/1322/1322
f 2440/1327/1327 2441/1322/1322 2550/1326/1326
f 2550/1326/1326 2441/1322/1322 2551/1323/1323
f 2550/1326/1326 2551/1323/1323 2614/1325/1325
f 2614/1325/1325 2551/1323/1323 2615/1324/1324
f 1777/1335/1335 1776/1336/1336 1102/1334/1334
f 1102/1334/1334 1776/1336/1336 1101/1337/1337
f 1776/1339/1339 1774/1340/1340 1101/1338/1338
f 1101/1338/1338 1774/1340/1340 1099/1347/1347
f 1099/1347/1347 1774/1340/1340 1095/1346/1346
f 1095/1346/1346 1774/1340/1340 1770/1341/1341
f 1095/1346/1346 1770/1341/1341 1093/1345/1345
f 1093/1345/1345 1770/1341/1341 1768/1342/1342
f 1093/1345/1345 1768/1342/1342 1091/1344/1344
f 1091/1344/1344 1768/1342/1342 1766/1343/1343
f 1774/1370/1370 1776/1348/1348 1888/1371/1371
f 1888/1371/1371 1776/1348/1348 1897/1349/1349
f 1888/1371/1371 1897/1349/1349 2056/1374/1374
f 2056/1374/1374 1897/1349/1349 2057/1350/1350
f 2056/1374/1374 2057/1350/1350 2189/1377/1377
f 2189/1377/1377 2057/1350/1350 2190/1351/1351
f 2189/1377/1377 2190/1351/1351 2245/1380/1380
f 2245/1380/1380 2190/1351/1351 2246/1352/1352
f 2245/1380/1380 2246/1352/1352 2293/1383/1383
f 2293/1383/1383 2246/1352/1352 2299/1353/1353
f 2293/1383/1383 2299/1353/1353 2401/1386/1386
f 2401/1386/1386 2299/1353/1353 2440/1354/1354
f 2401/1386/1386 2440/1354/1354 2528/1389/1389
f 2528/1389/1389 2440/1354/1354 2550/1355/1355
f 2528/1389/1389 2550/1355/1355 2547/1357/1357
f 2547/1357/1357 2550/1355/1355 2614/1356/1356
f 2547/1357/1357 2504/1358/1358 2528/1389/1389
f 2528/1389/1389 2504/1358/1358 2439/1390/1390
f 2528/1389/1389 2439/1390/1390 2401/1386/1386
f 2401/1386/1386 2439/1390/1390 2308/1387/1387
f 2401/1386/1386 2308/1387/1387 2293/1383/1383
f 2293/1383/1383 2308/1387/1387 2282/1384/1384
f 2293/1383/1383 2282/1384/1384 2245/1380/1380
f 2245/1380/1380 2282/1384/1384 2215/1381/1381
f 2245/1380/1380 2215/1381/1381 2189/1377/1377
f 2189/1377/1377 2215/1381/1381 2181/1378/1378
f 2189/1377/1377 2181/1378/1378 2056/1374/1374
f 2056/1374/1374 2181/1378/1378 2025/1375/1375
f 2056/1374/1374 2025/1375/1375 1888/1371/1371
f 1888/1371/1371 2025/1375/1375 1885/1372/1372
f 1888/1371/1371 1885/1372/1372 1774/1370/1370
f 1774/1370/1370 1885/1372/1372 1770/1369/1369
f 1770/1369/1369 1885/1372/1372 1884/1373/1373
f 1770/1369/1369 1884/1373/1373 1768/1368/1368
f 1768/1368/1368 1884/1373/1373 1766/1367/1367
f 1766/1367/1367 1884/1373/1373 1883/1366/1366
f 1883/1366/1366 1884/1373/1373 1988/1376/1376
f 1883/1366/1366 1988/1376/1376 2014/1365/1365
f 2014/1365/1365 1988/1376/1376 2118/1379/1379
f 2014/1365/1365 2118/1379/1379 2117/1364/1364
f 2117/1364/1364 2118/1379/1379 2209/1382/1382
f 2117/1364/1364 2209/1382/1382 2202/1363/1363
f 2202/1363/1363 2209/1382/1382 2244/1385/1385
f 2202/1363/1363 2244/1385/1385 2223/1362/1362
f 2223/1362/1362 2244/1385/1385 2287/1388/1388
f 2223/1362/1362 2287/1388/1388 2267/1361/1361
f 2267/1361/1361 2287/1388/1388 2298/1391/1391
f 2267/1361/1361 2298/1391/1391 2279/1360/1360
f 2279/1360/1360 2298/1391/1391 2306/1359/1359
f 2306/1359/1359 2298/1391/1391 2439/1390/1390
f 2306/1359/1359 2439/1390/1390 2504/1358/1358
f 1988/1376/1376 1884/1373/1373 1885/1372/1372
f 1988/1376/1376 1885/1372/1372 2025/1375/1375
f 2118/1379/1379 1988/1376/1376 2025/1375/1375
f 2118/1379/1379 2025/1375/1375 2181/1378/1378
f 2209/1382/1382 2118/1379/1379 2181/1378/1378
f 2209/1382/1382 2181/1378/1378 2215/1381/1381
f 2244/1385/1385 2209/1382/1382 2215/1381/1381
f 2244/1385/1385 2215/1381/1381 2282/1384/1384
f 2287/1388/1388 2244/1385/1385 2282/1384/1384
f 2287/1388/1388 2282/1384/1384 2308/1387/1387
f 2298/1391/1391 2287/1388/1388 2308/1387/1387
f 2298/1391/1391 2308/1387/1387 2439/1390/1390
f 2614/1392/1392 2610/1393/1393 2547/1401/1401
f 2547/1401/1401 2610/1393/1393 2545/1394/1394
f 2547/1401/1401 2545/1394/1394 2504/1400/1400
f 2504/1400/1400 2545/1394/1394 2501/1395/1395
f 2504/1400/1400 2501/1395/1395 2306/1399/1399
f 2306/1399/1399 2501/1395/1395 2304/1396/1396
f 2306/1399/1399 2304/1396/1396 2279/1398/1398
f 2279/1398/1398 2304/1396/1396 2277/1397/1397
f 2500/1402/1402 2811/1403/1403 2498/1405/1405
f 2498/1405/1405 2811/1403/1403 2807/1404/1404
f 2498/1407/1407 2807/1408/1408 2904/1406/1406
f 2904/1406/1406 2807/1408/1408 2999/1411/1411
f 2999/1411/1411 2807/1408/1408 3000/1410/1410
f 3000/1410/1410 2807/1408/1408 2808/1409/1409
f 2893/1412/1412 2904/1413/1413 2979/1415/1415
f 2979/1415/1415 2904/1413/1413 2999/1414/1414
f 2487/1416/1416 2893/1417/1417 2796/1421/1421
f 2796/1421/1421 2893/1417/1417 2979/1418/1418
f 2796/1421/1421 2979/1418/1418 2980/1419/1419
f 2980/1419/1419 2797/1420/1420 2796/1421/1421
f 2485/1422/1422 2487/1423/1423 2792/1425/1425
f 2792/1425/1425 2487/1423/1423 2796/1424/1424
f 2485/1427/1427 2792/1428/1428 2890/1426/1426
f 2890/1426/1426 2792/1428/1428 2975/1431/1431
f 2975/1431/1431 2792/1428/1428 2976/1430/1430
f 2976/1430/1430 2792/1428/1428 2793/1429/1429
f 2879/1432/1432 2890/1433/1433 2955/1435/1435
f 2955/1435/1435 2890/1433/1433 2975/1434/1434
f 2474/1436/1436 2879/1437/1437 2781/1441/1441
f 2781/1441/1441 2879/1437/1437 2955/1438/1438
f 2781/1441/1441 2955/1438/1438 2956/1439/1439
f 2956/1439/1439 2782/1440/1440 2781/1441/1441
f 2472/1442/1442 2474/1443/1443 2777/1445/1445
f 2777/1445/1445 2474/1443/1443 2781/1444/1444
f 2472/1447/1447 2777/1448/1448 2876/1446/1446
f 2876/1446/1446 2777/1448/1448 2951/1451/1451
f 2951/1451/1451 2777/1448/1448 2952/1450/1450
f 2952/1450/1450 2777/1448/1448 2778/1449/1449
f 2865/1452/1452 2876/1453/1453 2931/1455/1455
f 2931/1455/1455 2876/1453/1453 2951/1454/1454
f 2461/1456/1456 2865/1457/1457 2766/1461/1461
f 2766/1461/1461 2865/1457/1457 2931/1458/1458
f 2766/1461/1461 2931/1458/1458 2932/1459/1459
f 2932/1459/1459 2767/1460/1460 2766/1461/1461
f 2459/1462/1462 2461/1463/1463 2762/1465/1465
f 2762/1465/1465 2461/1463/1463 2766/1464/1464
f 2459/1467/1467 2762/1468/1468 2862/1466/1466
f 2862/1466/1466 2762/1468/1468 2927/1471/1471
f 2927/1471/1471 2762/1468/1468 2928/1470/1470
f 2928/1470/1470 2762/1468/1468 2763/1469/1469
f 2851/1472/1472 2862/1473/1473 2907/1475/1475
f 2907/1475/1475 2862/1473/1473 2927/1474/1474
f 2448/1476/1476 2851/1477/1477 2751/1481/1481
f 2751/1481/1481 2851/1477/1477 2907/1478/1478
f 2751/1481/1481 2907/1478/1478 2908/1479/1479
f 2908/1479/1479 2752/1480/1480 2751/1481/1481
f 2444/1482/1482 2448/1483/1483 2444/1486/1486
f 2444/1486/1486 2448/1483/1483 2751/1484/1484
f 2444/1486/1486 2751/1484/1484 2747/1485/1485
f 2268/1488/1488 2290/1489/1489 2269/1487/1487
f 2269/1487/1487 2290/1489/1489 2291/1514/1514
f 2291/1514/1514 2290/1489/1489 2309/1490/1490
f 2291/1514/1514 2309/1490/1490 2310/1513/1513
f 2310/1513/1513 2309/1490/1490 2407/1491/1491
f 2310/1513/1513 2407/1491/1491 2408/1512/1512
f 2408/1512/1512 2407/1491/1491 2406/1493/1493
f 2408/1512/1512 2406/1493/1493 2409/1510/1510
f 2409/1510/1510 2406/1493/1493 2409/1509/1509
f 2409/1509/1509 2406/1493/1493 2406/1494/1494
f 2409/1509/1509 2406/1494/1494 2447/1508/1508
f 2447/1508/1508 2406/1494/1494 2444/1495/1495
f 2447/1508/1508 2444/1495/1495 2444/1496/1496
f 2407/1491/1491 2406/1492/1492 2406/1493/1493
f 2444/1497/1497 2445/1498/1498 2444/1496/1496
f 2444/1496/1496 2445/1498/1498 2446/1505/1505
f 2444/1496/1496 2446/1505/1505 2447/1507/1507
f 2447/1507/1507 2446/1505/1505 2447/1506/1506
f 2446/1505/1505 2445/1498/1498 2514/1504/1504
f 2514/1504/1504 2445/1498/1498 2513/1499/1499
f 2514/1504/1504 2513/1499/1499 2555/1503/1503
f 2555/1503/1503 2513/1499/1499 2554/1500/1500
f 2555/1503/1503 2554/1500/1500 2557/1502/1502
f 2557/1502/1502 2554/1500/1500 2556/1501/1501
f 2447/1507/1507 2447/1508/1508 2444/1496/1496
f 2409/1510/1510 2409/1511/1511 2408/1512/1512
f 1683/1516/1516 1693/1517/1517 1684/1515/1515
f 1684/1515/1515 1693/1517/1517 1751/1522/1522
f 1751/1522/1522 1693/1517/1517 2172/1518/1518
f 1751/1522/1522 2172/1518/1518 1997/1521/1521
f 1997/1521/1521 2172/1518/1518 2269/1520/1520
f 2269/1520/1520 2172/1518/1518 2268/1519/1519
f 1684/1524/1524 1682/1525/1525 1683/1523/1523
f 1683/1523/1523 1682/1525/1525 1681/1526/1526
f 1628/1528/1528 1621/1529/1529 1681/1527/1527
f 1681/1527/1527 1621/1529/1529 1690/1530/1530
f 1681/1527/1527 1690/1530/1530 1693/1531/1531
f 1693/1531/1531 1683/1532/1532 1681/1527/1527
f 1630/1534/1534 1213/1535/1535 1629/1533/1533
f 1629/1533/1533 1213/1535/1535 1212/1536/1536
f 1629/1533/1533 1212/1536/1536 1628/1542/1542
f 1628/1542/1542 1212/1536/1536 1211/1539/1539
f 1628/1542/1542 1211/1539/1539 1627/1541/1541
f 1627/1541/1541 1211/1539/1539 1210/1540/1540
f 1212/1536/1536 1157/1537/1537 1211/1539/1539
f 1211/1539/1539 1157/1537/1537 1156/1538/1538
f 1628/1542/1542 1681/1543/1543 1629/1533/1533
f 1629/1533/1533 1681/1543/1543 1682/1544/1544
f 1629/1546/1546 1625/1547/1547 1630/1545/1545
f 1630/1545/1545 1625/1547/1547 1622/1548/1548
f 1630/1545/1545 1622/1548/1548 1623/1549/1549
f 1623/1549/1549 1626/1550/1550 1630/1545/1545
f 1630/1545/1545 1626/1550/1550 1632/1551/1551
f 1213/1552/1552 1630/1553/1553 1215/1555/1555
f 1215/1555/1555 1630/1553/1553 1632/1554/1554
f 1212/1556/1556 1213/1557/1557 1206/1561/1561
f 1206/1561/1561 1213/1557/1557 1207/1560/1560
f 1207/1560/1560 1213/1557/1557 1209/1559/1559
f 1209/1559/1559 1213/1557/1557 1215/1558/1558
f 1212/1563/1563 1206/1564/1564 1157/1562/1562
f 1157/1562/1562 1206/1564/1564 1140/1566/1566
f 1157/1562/1562 1140/1566/1566 1078/1567/1567
f 1206/1564/1564 1136/1565/1565 1140/1566/1566
f 1078/1567/1567 1159/1568/1568 1157/1562/1562
f 1159/1569/1569 1158/1570/1570 1157/1572/1572
f 1157/1572/1572 1158/1570/1570 1156/1571/1571
f 1159/1574/1574 1078/1575/1575 1158/1573/1573
f 1158/1573/1573 1078/1575/1575 1077/1580/1580
f 1077/1580/1580 1078/1575/1575 852/1576/1576
f 1077/1580/1580 852/1576/1576 851/1579/1579
f 851/1579/1579 852/1576/1576 607/1577/1577
f 851/1579/1579 607/1577/1577 606/1578/1578
f 1211/1581/1581 1156/1582/1582 1205/1587/1587
f 1205/1587/1587 1156/1582/1582 1139/1585/1585
f 1205/1587/1587 1139/1585/1585 1135/1586/1586
f 1158/1583/1583 1077/1584/1584 1156/1582/1582
f 1156/1582/1582 1077/1584/1584 1139/1585/1585
f 1211/1589/1589 1205/1590/1590 1210/1588/1588
f 1210/1588/1588 1205/1590/1590 1204/1591/1591
f 1210/1588/1588 1204/1591/1591 1208/1592/1592
f 1208/1592/1592 1214/1593/1593 1210/1588/1588
f 1627/1594/1594 1210/1595/1595 1631/1597/1597
f 1631/1597/1597 1210/1595/1595 1214/1596/1596
f 1628/1598/1598 1627/1599/1599 1621/1603/1603
f 1621/1603/1603 1627/1599/1599 1620/1602/1602
f 1620/1602/1602 1627/1599/1599 1624/1601/1601
f 1624/1601/1601 1627/1599/1599 1631/1600/1600
f 1702/1605/1605 2249/1611/1611 2133/1604/1604
f 2133/1604/1604 2249/1611/1611 2168/1614/1614
f 2133/1604/1604 2168/1614/1614 2134/1615/1615
f 1703/1606/1606 1689/1607/1607 1702/1605/1605
f 1702/1605/1605 1689/1607/1607 1620/1610/1610
f 1702/1605/1605 1620/1610/1610 2249/1611/1611
f 1690/1608/1608 1621/1609/1609 1689/1607/1607
f 1689/1607/1607 1621/1609/1609 1620/1610/1610
f 2249/1611/1611 2250/1612/1612 2168/1614/1614
f 2168/1614/1614 2250/1612/1612 2169/1613/1613
f 1706/1629/1629 1702/1616/1616 1837/1624/1624
f 1837/1624/1624 1702/1616/1616 2133/1617/1617
f 1837/1624/1624 2133/1617/1617 1889/1623/1623
f 1889/1623/1623 2133/1617/1617 2137/1618/1618
f 1889/1623/1623 2137/1618/1618 1947/1622/1622
f 1947/1622/1622 2137/1618/1618 1991/1621/1621
f 1991/1621/1621 2137/1618/1618 2019/1620/1620
f 2019/1620/1620 2137/1618/1618 1995/1619/1619
f 1837/1624/1624 1798/1625/1625 1706/1629/1629
f 1706/1629/1629 1798/1625/1625 1745/1626/1626
f 1706/1629/1629 1745/1626/1626 1739/1627/1627
f 1739/1627/1627 1749/1628/1628 1706/1629/1629
f 1707/1631/1631 1703/1632/1632 1706/1630/1630
f 1706/1630/1630 1703/1632/1632 1702/1633/1633
f 1706/1635/1635 1749/1636/1636 1707/1634/1634
f 1707/1634/1634 1749/1636/1636 1750/1637/1637
f 1750/1639/1639 1694/1650/1650 1707/1638/1638
f 1707/1638/1638 1694/1650/1650 1689/1651/1651
f 1707/1638/1638 1689/1651/1651 1703/1652/1652
f 1750/1639/1639 1802/1640/1640 1694/1650/1650
f 1694/1650/1650 1802/1640/1640 1869/1649/1649
f 1869/1649/1649 1802/1640/1640 1838/1641/1641
f 1869/1649/1649 1838/1641/1641 1890/1642/1642
f 1890/1642/1642 1951/1643/1643 1869/1649/1649
f 1869/1649/1649 1951/1643/1643 2173/1648/1648
f 2173/1648/1648 1951/1643/1643 1996/1644/1644
f 2173/1648/1648 1996/1644/1644 2138/1645/1645
f 2134/1646/1646 2168/1647/1647 2138/1645/1645
f 2138/1645/1645 2168/1647/1647 2173/1648/1648
f 1690/1654/1654 1689/1655/1655 1693/1653/1653
f 1693/1653/1653 1689/1655/1655 1694/1656/1656
f 1693/1653/1653 1694/1656/1656 1695/1657/1657
f 2172/1658/1658 1693/1659/1659 2174/1662/1662
f 2174/1662/1662 1693/1659/1659 1695/1660/1660
f 2174/1662/1662 1695/1660/1660 1870/1661/1661
f 2169/1663/1663 2172/1664/1664 2168/1667/1667
f 2168/1667/1667 2172/1664/1664 2173/1666/1666
f 2173/1666/1666 2172/1664/1664 2174/1665/1665
f 2268/1676/1676 2172/1668/1668 2257/1671/1671
f 2257/1671/1671 2172/1668/1668 2169/1669/1669
f 2257/1671/1671 2169/1669/1669 2250/1670/1670
f 2268/1676/1676 2257/1671/1671 2290/1675/1675
f 2290/1675/1675 2257/1671/1671 2403/1672/1672
f 2290/1675/1675 2403/1672/1672 2309/1674/1674
f 2309/1674/1674 2403/1672/1672 2407/1673/1673
f 2403/1677/1677 2402/1678/1678 2407/1680/1680
f 2407/1680/1680 2402/1678/1678 2406/1679/1679
f 2256/1681/1681 2402/1682/1682 2257/1684/1684
f 2257/1684/1684 2402/1682/1682 2403/1683/1683
f 2406/1686/1686 2406/1687/1687 2260/1685/1685
f 2260/1685/1685 2406/1687/1687 2256/1689/1689
f 2256/1689/1689 2406/1687/1687 2402/1688/1688
f 2260/1691/1691 2256/1692/1692 2253/1690/1690
f 2253/1690/1690 2256/1692/1692 2249/1695/1695
f 2249/1695/1695 2256/1692/1692 2250/1694/1694
f 2250/1694/1694 2256/1692/1692 2257/1693/1693
f 1624/1696/1696 2253/1697/1697 1620/1699/1699
f 1620/1699/1699 2253/1697/1697 2249/1698/1698
f 2174/1700/1700 1870/1701/1701 2173/1703/1703
f 2173/1703/1703 1870/1701/1701 1869/1702/1702
f 1870/1704/1704 1695/1705/1705 1869/1707/1707
f 1869/1707/1707 1695/1705/1705 1694/1706/1706
f 2137/1709/1709 2133/1710/1710 2138/1708/1708
f 2138/1708/1708 2133/1710/1710 2134/1711/1711
f 2138/1713/1713 1996/1714/1714 2137/1712/1712
f 2137/1712/1712 1996/1714/1714 1995/1715/1715
f 1921/1717/1717 1890/1745/1745 1866/1716/1716
f 1866/1746/1746 1890/1731/1731 1838/1732/1732
f 1866/1747/1747 1838/1732/1732 1823/1728/1728
f 1823/1728/1728 1838/1732/1732 1802/1733/1733
f 1823/1728/1728 1802/1733/1733 1782/1727/1727
f 1782/1727/1727 1802/1733/1733 1750/1734/1734
f 1782/1727/1727 1750/1734/1734 1749/1735/1735
f 1890/1748/1748 1921/1717/1717 1951/1730/1730
f 1951/1730/1730 1921/1717/1717 1979/1718/1718
f 1951/1730/1730 1979/1718/1718 1996/1729/1729
f 1996/1729/1729 1979/1718/1718 1995/1744/1744
f 1995/1744/1744 1979/1718/1718 2020/1719/1719
f 1995/1744/1744 2020/1719/1719 2019/1743/1743
f 2019/1743/1743 2020/1719/1719 1992/1720/1720
f 2019/1743/1743 1992/1720/1720 1991/1742/1742
f 1991/1742/1742 1992/1720/1720 1948/1721/1721
f 1991/1742/1742 1948/1721/1721 1947/1741/1741
f 1947/1741/1741 1948/1721/1721 1900/1722/1722
f 1947/1741/1741 1900/1722/1722 1889/1740/1740
f 1889/1740/1740 1900/1722/1722 1837/1739/1739
f 1837/1739/1739 1900/1722/1722 1832/1723/1723
f 1837/1739/1739 1832/1723/1723 1798/1738/1738
f 1798/1738/1738 1832/1723/1723 1799/1724/1724
f 1798/1738/1738 1799/1724/1724 1745/1737/1737
f 1745/1737/1737 1799/1724/1724 1746/1725/1725
f 1745/1737/1737 1746/1725/1725 1739/1736/1736
f 1739/1736/1736 1746/1725/1725 1740/1726/1726
f 1739/1736/1736 1740/1726/1726 1749/1735/1735
f 1749/1735/1735 1740/1726/1726 1782/1727/1727
f 1813/1762/1762 1867/1776/1776 1866/1763/1763
f 1866/1777/1777 1867/1749/1749 1935/1750/1750
f 1866/1778/1778 1935/1750/1750 1921/1775/1775
f 1921/1775/1775 1935/1750/1750 1999/1751/1751
f 1921/1775/1775 1999/1751/1751 1979/1774/1774
f 1979/1774/1774 1999/1751/1751 2049/1752/1752
f 1979/1774/1774 2049/1752/1752 2020/1773/1773
f 2020/1773/1773 2049/1752/1752 2047/1753/1753
f 2020/1773/1773 2047/1753/1753 1992/1772/1772
f 1992/1772/1772 2047/1753/1753 1989/1754/1754
f 1992/1772/1772 1989/1754/1754 1948/1771/1771
f 1948/1771/1771 1989/1754/1754 1933/1755/1755
f 1948/1771/1771 1933/1755/1755 1900/1770/1770
f 1900/1770/1770 1933/1755/1755 1862/1756/1756
f 1900/1770/1770 1862/1756/1756 1832/1769/1769
f 1832/1769/1769 1862/1756/1756 1811/1757/1757
f 1832/1769/1769 1811/1757/1757 1799/1768/1768
f 1799/1768/1768 1811/1757/1757 1743/1758/1758
f 1799/1768/1768 1743/1758/1758 1746/1767/1767
f 1746/1767/1767 1743/1758/1758 1725/1759/1759
f 1746/1767/1767 1725/1759/1759 1740/1766/1766
f 1740/1766/1766 1725/1759/1759 1727/1760/1760
f 1740/1766/1766 1727/1760/1760 1782/1765/1765
f 1782/1765/1765 1727/1760/1760 1753/1761/1761
f 1782/1765/1765 1753/1761/1761 1823/1764/1764
f 1823/1764/1764 1753/1761/1761 1813/1762/1762
f 1823/1764/1764 1813/1762/1762 1866/1763/1763
f 628/1779/1779 1208/1780/1780 624/1782/1782
f 624/1782/1782 1208/1780/1780 1204/1781/1781
f 634/1783/1783 628/1784/1784 630/1788/1788
f 630/1788/1788 628/1784/1784 624/1785/1785
f 630/1788/1788 624/1785/1785 625/1786/1786
f 625/1786/1786 631/1787/1787 630/1788/1788
f 496/1789/1789 634/1790/1790 496/1793/1793
f 496/1793/1793 634/1790/1790 630/1791/1791
f 496/1793/1793 630/1791/1791 492/1792/1792
f 493/1795/1795 497/1796/1796 492/1794/1794
f 492/1794/1794 497/1796/1796 496/1797/1797
f 492/1798/1798 630/1799/1799 493/1801/1801
f 493/1801/1801 630/1799/1799 631/1800/1800
f 851/1803/1803 631/1809/1809 697/1802/1802
f 697/1802/1802 631/1809/1809 625/1810/1810
f 697/1802/1802 625/1810/1810 693/1811/1811
f 851/1803/1803 606/1804/1804 631/1809/1809
f 631/1809/1809 606/1804/1804 593/1805/1805
f 631/1809/1809 593/1805/1805 493/1808/1808
f 493/1808/1808 593/1805/1805 559/1806/1806
f 493/1808/1808 559/1806/1806 497/1807/1807
f 697/1812/1812 696/1813/1813 851/1816/1816
f 851/1816/1816 696/1813/1813 850/1814/1814
f 851/1816/1816 850/1814/1814 851/1815/1815
f 697/1818/1818 693/1819/1819 696/1817/1817
f 696/1817/1817 693/1819/1819 692/1820/1820
f 1076/1822/1822 1105/1823/1823 1138/1821/1821
f 1138/1821/1821 1105/1823/1823 1072/1824/1824
f 1138/1821/1821 1072/1824/1824 1038/1825/1825
f 1038/1825/1825 999/1826/1826 1138/1821/1821
f 1138/1821/1821 999/1826/1826 1134/1834/1834
f 1134/1834/1834 999/1826/1826 692/1833/1833
f 692/1833/1833 999/1826/1826 956/1827/1827
f 692/1833/1833 956/1827/1827 696/1832/1832
f 696/1832/1832 956/1827/1827 899/1828/1828
f 696/1832/1832 899/1828/1828 846/1829/1829
f 846/1829/1829 836/1830/1830 696/1832/1832
f 696/1832/1832 836/1830/1830 850/1831/1831
f 1139/1836/1836 1077/1837/1837 1138/1835/1835
f 1138/1835/1835 1077/1837/1837 1076/1839/1839
f 1076/1839/1839 1077/1837/1837 1077/1838/1838
f 1138/1841/1841 1134/1842/1842 1139/1840/1840
f 1139/1840/1840 1134/1842/1842 1135/1843/1843
f 692/1845/1845 1204/1849/1849 1134/1844/1844
f 1134/1844/1844 1204/1849/1849 1205/1850/1850
f 1134/1844/1844 1205/1850/1850 1135/1851/1851
f 693/1846/1846 625/1847/1847 692/1845/1845
f 692/1845/1845 625/1847/1847 624/1848/1848
f 692/1845/1845 624/1848/1848 1204/1849/1849
f 1024/1853/1853 1001/1881/1881 977/1852/1852
f 977/1882/1882 1001/1867/1867 958/1868/1868
f 977/1883/1883 958/1868/1868 930/1864/1864
f 930/1864/1864 958/1868/1868 903/1869/1869
f 930/1864/1864 903/1869/1869 872/1863/1863
f 872/1863/1863 903/1869/1869 851/1870/1870
f 872/1863/1863 851/1870/1870 850/1871/1871
f 1001/1884/1884 1024/1853/1853 1042/1866/1866
f 1042/1866/1866 1024/1853/1853 1061/1854/1854
f 1042/1866/1866 1061/1854/1854 1077/1865/1865
f 1077/1865/1865 1061/1854/1854 1076/1880/1880
f 1076/1880/1880 1061/1854/1854 1107/1855/1855
f 1076/1880/1880 1107/1855/1855 1105/1879/1879
f 1105/1879/1879 1107/1855/1855 1074/1856/1856
f 1105/1879/1879 1074/1856/1856 1072/1878/1878
f 1072/1878/1878 1074/1856/1856 1040/1857/1857
f 1072/1878/1878 1040/1857/1857 1038/1877/1877
f 1038/1877/1877 1040/1857/1857 1006/1858/1858
f 1038/1877/1877 1006/1858/1858 999/1876/1876
f 999/1876/1876 1006/1858/1858 942/1859/1859
f 999/1876/1876 942/1859/1859 956/1875/1875
f 956/1875/1875 942/1859/1859 899/1874/1874
f 899/1874/1874 942/1859/1859 901/1860/1860
f 899/1874/1874 901/1860/1860 846/1873/1873
f 846/1873/1873 901/1860/1860 848/1861/1861
f 846/1873/1873 848/1861/1861 836/1872/1872
f 836/1872/1872 848/1861/1861 838/1862/1862
f 836/1872/1872 838/1862/1862 850/1871/1871
f 850/1871/1871 838/1862/1862 872/1863/1863
f 912/1898/1898 979/1912/1912 977/1899/1899
f 977/1913/1913 979/1885/1885 1034/1886/1886
f 977/1914/1914 1034/1886/1886 1024/1911/1911
f 1024/1911/1911 1034/1886/1886 1080/1887/1887
f 1024/1911/1911 1080/1887/1887 1061/1910/1910
f 1061/1910/1910 1080/1887/1887 1120/1888/1888
f 1061/1910/1910 1120/1888/1888 1107/1909/1909
f 1107/1909/1909 1120/1888/1888 1118/1889/1889
f 1107/1909/1909 1118/1889/1889 1074/1908/1908
f 1074/1908/1908 1118/1889/1889 1070/1890/1890
f 1074/1908/1908 1070/1890/1890 1040/1907/1907
f 1040/1907/1907 1070/1890/1890 1032/1891/1891
f 1040/1907/1907 1032/1891/1891 1006/1906/1906
f 1006/1906/1906 1032/1891/1891 975/1892/1892
f 1006/1906/1906 975/1892/1892 942/1905/1905
f 942/1905/1905 975/1892/1892 910/1893/1893
f 942/1905/1905 910/1893/1893 901/1904/1904
f 901/1904/1904 910/1893/1893 844/1894/1894
f 901/1904/1904 844/1894/1894 848/1903/1903
f 848/1903/1903 844/1894/1894 803/1895/1895
f 848/1903/1903 803/1895/1895 838/1902/1902
f 838/1902/1902 803/1895/1895 805/1896/1896
f 838/1902/1902 805/1896/1896 872/1901/1901
f 872/1901/1901 805/1896/1896 854/1897/1897
f 872/1901/1901 854/1897/1897 930/1900/1900
f 930/1900/1900 854/1897/1897 912/1898/1898
f 930/1900/1900 912/1898/1898 977/1899/1899
f 1077/1916/1916 851/1918/1918 1077/1915/1915
f 1077/1915/1915 851/1918/1918 903/1919/1919
f 1077/1915/1915 903/1919/1919 1042/1922/1922
f 1042/1922/1922 903/1919/1919 1001/1921/1921
f 1001/1921/1921 903/1919/1919 958/1920/1920
f 1077/1916/1916 851/1917/1917 851/1918/1918
f 607/1932/1932 852/1923/1923 632/1927/1927
f 632/1927/1927 852/1923/1923 698/1924/1924
f 632/1927/1927 698/1924/1924 626/1926/1926
f 626/1926/1926 698/1924/1924 694/1925/1925
f 607/1932/1932 632/1927/1927 594/1931/1931
f 594/1931/1931 632/1927/1927 494/1928/1928
f 594/1931/1931 494/1928/1928 560/1930/1930
f 560/1930/1930 494/1928/1928 498/1929/1929
f 698/1934/1934 852/1935/1935 699/1933/1933
f 699/1933/1933 852/1935/1935 853/1937/1937
f 853/1937/1937 852/1935/1935 852/1936/1936
f 699/1939/1939 695/1940/1940 698/1938/1938
f 698/1938/1938 695/1940/1940 694/1941/1941
f 1137/1943/1943 627/1947/1947 695/1942/1942
f 695/1942/1942 627/1947/1947 626/1948/1948
f 695/1942/1942 626/1948/1948 694/1949/1949
f 1136/1944/1944 1206/1945/1945 1137/1943/1943
f 1137/1943/1943 1206/1945/1945 1207/1946/1946
f 1137/1943/1943 1207/1946/1946 627/1947/1947
f 1141/1963/1963 1137/1950/1950 1000/1958/1958
f 1000/1958/1958 1137/1950/1950 695/1951/1951
f 1000/1958/1958 695/1951/1951 957/1957/1957
f 957/1957/1957 695/1951/1951 699/1952/1952
f 957/1957/1957 699/1952/1952 900/1956/1956
f 900/1956/1956 699/1952/1952 847/1955/1955
f 847/1955/1955 699/1952/1952 837/1954/1954
f 837/1954/1954 699/1952/1952 853/1953/1953
f 1000/1958/1958 1039/1959/1959 1141/1963/1963
f 1141/1963/1963 1039/1959/1959 1073/1960/1960
f 1141/1963/1963 1073/1960/1960 1106/1961/1961
f 1106/1961/1961 1079/1962/1962 1141/1963/1963
f 1140/1965/1965 1136/1966/1966 1141/1964/1964
f 1141/1964/1964 1136/1966/1966 1137/1967/1967
f 1140/1968/1968 1141/1969/1969 1078/1972/1972
f 1078/1972/1972 1141/1969/1969 1079/1970/1970
f 1078/1972/1972 1079/1970/1970 1078/1971/1971
f 852/1980/1980 1078/1973/1973 852/1979/1979
f 852/1979/1979 1078/1973/1973 1078/1974/1974
f 852/1979/1979 1078/1974/1974 904/1978/1978
f 904/1978/1978 1078/1974/1974 1043/1975/1975
f 904/1978/1978 1043/1975/1975 1002/1976/1976
f 1002/1976/1976 959/1977/1977 904/1978/1978
f 931/1982/1982 959/2010/2010 978/1981/1981
f 978/2011/2011 959/1996/1996 1002/1997/1997
f 978/2012/2012 1002/1997/1997 1025/1993/1993
f 1025/1993/1993 1002/1997/1997 1043/1998/1998
f 1025/1993/1993 1043/1998/1998 1062/1992/1992
f 1062/1992/1992 1043/1998/1998 1078/1999/1999
f 1062/1992/1992 1078/1999/1999 1079/2000/2000
f 959/2013/2013 931/1982/1982 904/1995/1995
f 904/1995/1995 931/1982/1982 873/1983/1983
f 904/1995/1995 873/1983/1983 852/1994/1994
f 852/1994/1994 873/1983/1983 853/2009/2009
f 853/2009/2009 873/1983/1983 839/1984/1984
f 853/2009/2009 839/1984/1984 837/2008/2008
f 837/2008/2008 839/1984/1984 849/1985/1985
f 837/2008/2008 849/1985/1985 847/2007/2007
f 847/2007/2007 849/1985/1985 902/1986/1986
f 847/2007/2007 902/1986/1986 900/2006/2006
f 900/2006/2006 902/1986/1986 943/1987/1987
f 900/2006/2006 943/1987/1987 957/2005/2005
f 957/2005/2005 943/1987/1987 1000/2004/2004
f 1000/2004/2004 943/1987/1987 1007/1988/1988
f 1000/2004/2004 1007/1988/1988 1039/2003/2003
f 1039/2003/2003 1007/1988/1988 1041/1989/1989
f 1039/2003/2003 1041/1989/1989 1073/2002/2002
f 1073/2002/2002 1041/1989/1989 1075/1990/1990
f 1073/2002/2002 1075/1990/1990 1106/2001/2001
f 1106/2001/2001 1075/1990/1990 1108/1991/1991
f 1106/2001/2001 1108/1991/1991 1079/2000/2000
f 1079/2000/2000 1108/1991/1991 1062/1992/1992
f 1035/2027/2027 980/2041/2041 978/2028/2028
f 978/2042/2042 980/2014/2014 913/2015/2015
f 978/2043/2043 913/2015/2015 931/2040/2040
f 931/2040/2040 913/2015/2015 855/2016/2016
f 931/2040/2040 855/2016/2016 873/2039/2039
f 873/2039/2039 855/2016/2016 806/2017/2017
f 873/2039/2039 806/2017/2017 839/2038/2038
f 839/2038/2038 806/2017/2017 804/2018/2018
f 839/2038/2038 804/2018/2018 849/2037/2037
f 849/2037/2037 804/2018/2018 845/2019/2019
f 849/2037/2037 845/2019/2019 902/2036/2036
f 902/2036/2036 845/2019/2019 911/2020/2020
f 902/2036/2036 911/2020/2020 943/2035/2035
f 943/2035/2035 911/2020/2020 976/2021/2021
f 943/2035/2035 976/2021/2021 1007/2034/2034
f 1007/2034/2034 976/2021/2021 1033/2022/2022
f 1007/2034/2034 1033/2022/2022 1041/2033/2033
f 1041/2033/2033 1033/2022/2022 1071/2023/2023
f 1041/2033/2033 1071/2023/2023 1075/2032/2032
f 1075/2032/2032 1071/2023/2023 1119/2024/2024
f 1075/2032/2032 1119/2024/2024 1108/2031/2031
f 1108/2031/2031 1119/2024/2024 1121/2025/2025
f 1108/2031/2031 1121/2025/2025 1062/2030/2030
f 1062/2030/2030 1121/2025/2025 1081/2026/2026
f 1062/2030/2030 1081/2026/2026 1025/2029/2029
f 1025/2029/2029 1081/2026/2026 1035/2027/2027
f 1025/2029/2029 1035/2027/2027 978/2028/2028
f 944/2045/2045 1632/2098/2098 1903/2044/2044
f 1903/2044/2044 1632/2098/2098 1754/2211/2211
f 1903/2044/2044 1754/2211/2211 1814/2212/2212
f 914/2046/2046 884/2049/2049 944/2045/2045
f 944/2045/2045 884/2049/2049 883/2050/2050
f 944/2045/2045 883/2050/2050 980/2220/2220
f 980/2220/2220 883/2050/2050 913/2233/2233
f 913/2233/2233 883/2050/2050 840/2051/2051
f 913/2233/2233 840/2051/2051 855/2232/2232
f 855/2232/2232 840/2051/2051 758/2052/2052
f 855/2232/2232 758/2052/2052 806/2231/2231
f 806/2231/2231 758/2052/2052 685/2053/2053
f 806/2231/2231 685/2053/2053 804/2230/2230
f 804/2230/2230 685/2053/2053 629/2095/2095
f 804/2230/2230 629/2095/2095 845/2229/2229
f 845/2229/2229 629/2095/2095 911/2228/2228
f 911/2228/2228 629/2095/2095 976/2227/2227
f 976/2227/2227 629/2095/2095 1209/2096/2096
f 976/2227/2227 1209/2096/2096 1033/2226/2226
f 1033/2226/2226 1209/2096/2096 1071/2225/2225
f 1071/2225/2225 1209/2096/2096 1119/2224/2224
f 1119/2224/2224 1209/2096/2096 1215/2097/2097
f 1119/2224/2224 1215/2097/2097 1121/2223/2223
f 1121/2223/2223 1215/2097/2097 1081/2222/2222
f 1081/2222/2222 1215/2097/2097 944/2045/2045
f 1081/2222/2222 944/2045/2045 1035/2221/2221
f 1035/2221/2221 944/2045/2045 980/2220/2220
f 914/2046/2046 885/2047/2047 884/2049/2049
f 884/2049/2049 885/2047/2047 856/2048/2048
f 685/2053/2053 654/2054/2054 629/2095/2095
f 629/2095/2095 654/2054/2054 635/2094/2094
f 635/2094/2094 654/2054/2054 608/2055/2055
f 635/2094/2094 608/2055/2055 499/2093/2093
f 499/2093/2093 608/2055/2055 586/2056/2056
f 499/2093/2093 586/2056/2056 499/2092/2092
f 499/2092/2092 586/2056/2056 443/2091/2091
f 443/2091/2091 586/2056/2056 443/2090/2090
f 443/2090/2090 586/2056/2056 445/2089/2089
f 445/2089/2089 586/2056/2056 561/2057/2057
f 445/2089/2089 561/2057/2057 562/2058/2058
f 445/2089/2089 562/2058/2058 399/2247/2247
f 399/2247/2247 562/2058/2058 587/2059/2059
f 399/2247/2247 587/2059/2059 501/2246/2246
f 501/2246/2246 587/2059/2059 564/2245/2245
f 564/2245/2245 587/2059/2059 615/2060/2060
f 564/2245/2245 615/2060/2060 566/2244/2244
f 566/2244/2244 615/2060/2060 657/2061/2061
f 566/2244/2244 657/2061/2061 707/2066/2066
f 707/2066/2066 657/2061/2061 686/2062/2062
f 707/2066/2066 686/2062/2062 705/2065/2065
f 705/2065/2065 686/2062/2062 750/2064/2064
f 750/2064/2064 686/2062/2062 767/2063/2063
f 722/2067/2067 617/2072/2072 707/2066/2066
f 707/2066/2066 617/2072/2072 574/2272/2272
f 707/2066/2066 574/2272/2272 572/2273/2273
f 638/2068/2068 622/2069/2069 722/2067/2067
f 722/2067/2067 622/2069/2069 620/2070/2070
f 722/2067/2067 620/2070/2070 619/2071/2071
f 619/2071/2071 617/2072/2072 722/2067/2067
f 487/2073/2073 483/2074/2074 617/2072/2072
f 617/2072/2072 483/2074/2074 523/2285/2285
f 617/2072/2072 523/2285/2285 578/2286/2286
f 112/2075/2075 336/2283/2283 483/2074/2074
f 483/2074/2074 336/2283/2283 413/2284/2284
f 483/2074/2074 413/2284/2284 523/2285/2285
f 102/2076/2076 128/2280/2280 112/2075/2075
f 112/2075/2075 128/2280/2280 208/2281/2281
f 112/2075/2075 208/2281/2281 264/2282/2282
f 475/2077/2077 328/2276/2276 102/2076/2076
f 102/2076/2076 328/2276/2276 262/2277/2277
f 102/2076/2076 262/2277/2277 204/2278/2278
f 473/2078/2078 576/2287/2287 475/2077/2077
f 475/2077/2077 576/2287/2287 519/2288/2288
f 475/2077/2077 519/2288/2288 411/2289/2289
f 100/2079/2079 326/2269/2269 473/2078/2078
f 473/2078/2078 326/2269/2269 409/2270/2270
f 473/2078/2078 409/2270/2270 517/2271/2271
f 90/2080/2080 124/2266/2266 100/2079/2079
f 100/2079/2079 124/2266/2266 194/2267/2267
f 100/2079/2079 194/2267/2267 260/2268/2268
f 465/2081/2081 318/2262/2262 90/2080/2080
f 90/2080/2080 318/2262/2262 258/2263/2263
f 90/2080/2080 258/2263/2263 190/2264/2264
f 463/2082/2082 572/2273/2273 465/2081/2081
f 465/2081/2081 572/2273/2273 513/2274/2274
f 465/2081/2081 513/2274/2274 407/2275/2275
f 88/2083/2083 316/2255/2255 463/2082/2082
f 463/2082/2082 316/2255/2255 405/2256/2256
f 463/2082/2082 405/2256/2256 511/2257/2257
f 78/2084/2084 120/2252/2252 88/2083/2083
f 88/2083/2083 120/2252/2252 180/2253/2253
f 88/2083/2083 180/2253/2253 256/2254/2254
f 455/2085/2085 308/2248/2248 78/2084/2084
f 78/2084/2084 308/2248/2248 254/2249/2249
f 78/2084/2084 254/2249/2249 176/2250/2250
f 453/2086/2086 707/2066/2066 455/2085/2085
f 455/2085/2085 707/2066/2066 568/2259/2259
f 455/2085/2085 568/2259/2259 507/2260/2260
f 76/2087/2087 306/2241/2241 453/2086/2086
f 453/2086/2086 306/2241/2241 401/2242/2242
f 453/2086/2086 401/2242/2242 505/2243/2243
f 66/2088/2088 116/2238/2238 76/2087/2087
f 76/2087/2087 116/2238/2238 166/2239/2239
f 76/2087/2087 166/2239/2239 252/2240/2240
f 445/2089/2089 298/2234/2234 66/2088/2088
f 66/2088/2088 298/2234/2234 250/2235/2235
f 66/2088/2088 250/2235/2235 162/2236/2236
f 1215/2097/2097 1632/2098/2098 944/2045/2045
f 1626/2099/2099 1726/2209/2209 1632/2098/2098
f 1632/2098/2098 1726/2209/2209 1728/2210/2210
f 1632/2098/2098 1728/2210/2210 1754/2211/2211
f 2255/2100/2100 1863/2206/2206 1626/2099/2099
f 1626/2099/2099 1863/2206/2206 1812/2207/2207
f 1626/2099/2099 1812/2207/2207 1744/2208/2208
f 2261/2101/2101 2213/2141/2141 2255/2100/2100
f 2255/2100/2100 2213/2141/2141 2183/2142/2142
f 2255/2100/2100 2183/2142/2142 2048/2217/2217
f 2048/2217/2217 2183/2142/2142 2050/2216/2216
f 2050/2216/2216 2183/2142/2142 2086/2143/2143
f 2050/2216/2216 2086/2143/2143 2000/2215/2215
f 2000/2215/2215 2086/2143/2143 2021/2144/2144
f 2000/2215/2215 2021/2144/2144 1936/2214/2214
f 1936/2214/2214 2021/2144/2144 1964/2145/2145
f 1936/2214/2214 1964/2145/2145 1868/2213/2213
f 1868/2213/2213 1964/2145/2145 1903/2044/2044
f 1868/2213/2213 1903/2044/2044 1814/2212/2212
f 2213/2141/2141 2261/2101/2101 2270/2140/2140
f 2270/2140/2140 2261/2101/2101 2409/2102/2102
f 2270/2140/2140 2409/2102/2102 2295/2139/2139
f 2295/2139/2139 2409/2102/2102 2409/2103/2103
f 2295/2139/2139 2409/2103/2103 2447/2104/2104
f 2447/2104/2104 2447/2105/2105 2295/2139/2139
f 2295/2139/2139 2447/2105/2105 2449/2106/2106
f 2295/2139/2139 2449/2106/2106 2311/2138/2138
f 2311/2138/2138 2449/2106/2106 2313/2137/2137
f 2313/2137/2137 2449/2106/2106 2530/2193/2193
f 2313/2137/2137 2530/2193/2193 2296/2136/2136
f 2296/2136/2136 2530/2193/2193 2411/2194/2194
f 2296/2136/2136 2411/2194/2194 2315/2195/2195
f 2530/2193/2193 2449/2106/2106 2632/2192/2192
f 2632/2192/2192 2449/2106/2106 2853/2107/2107
f 2632/2192/2192 2853/2107/2107 2700/2205/2205
f 2700/2205/2205 2853/2107/2107 2756/2204/2204
f 2756/2204/2204 2853/2107/2107 2836/2203/2203
f 2836/2203/2203 2853/2107/2107 2838/2202/2202
f 2838/2202/2202 2853/2107/2107 2864/2108/2108
f 2838/2202/2202 2864/2108/2108 2761/2201/2201
f 2761/2201/2201 2864/2108/2108 2702/2200/2200
f 2702/2200/2200 2864/2108/2108 2639/2199/2199
f 2639/2199/2199 2864/2108/2108 2460/2109/2109
f 2639/2199/2199 2460/2109/2109 2532/2198/2198
f 2532/2198/2198 2460/2109/2109 2416/2197/2197
f 2416/2197/2197 2460/2109/2109 2148/2129/2129
f 2416/2197/2197 2148/2129/2129 2317/2196/2196
f 2317/2196/2196 2148/2129/2129 2214/2134/2134
f 2317/2196/2196 2214/2134/2134 2276/2135/2135
f 2460/2109/2109 2462/2110/2110 2148/2129/2129
f 2148/2129/2129 2462/2110/2110 2319/2181/2181
f 2148/2129/2129 2319/2181/2181 2321/2182/2182
f 2867/2111/2111 2641/2178/2178 2462/2110/2110
f 2462/2110/2110 2641/2178/2178 2534/2179/2179
f 2462/2110/2110 2534/2179/2179 2418/2180/2180
f 2878/2112/2112 2842/2188/2188 2867/2111/2111
f 2867/2111/2111 2842/2188/2188 2840/2189/2189
f 2867/2111/2111 2840/2189/2189 2771/2190/2190
f 2473/2113/2113 2648/2185/2185 2878/2112/2112
f 2878/2112/2112 2648/2185/2185 2706/2186/2186
f 2878/2112/2112 2706/2186/2186 2776/2187/2187
f 2475/2114/2114 2323/2167/2167 2473/2113/2113
f 2473/2113/2113 2323/2167/2167 2321/2182/2182
f 2473/2113/2113 2321/2182/2182 2423/2183/2183
f 2881/2115/2115 2650/2164/2164 2475/2114/2114
f 2475/2114/2114 2650/2164/2164 2538/2165/2165
f 2475/2114/2114 2538/2165/2165 2425/2166/2166
f 2892/2116/2116 2846/2174/2174 2881/2115/2115
f 2881/2115/2115 2846/2174/2174 2844/2175/2175
f 2881/2115/2115 2844/2175/2175 2786/2176/2176
f 2486/2117/2117 2657/2171/2171 2892/2116/2116
f 2892/2116/2116 2657/2171/2171 2710/2172/2172
f 2892/2116/2116 2710/2172/2172 2791/2173/2173
f 2488/2118/2118 2327/2153/2153 2486/2117/2117
f 2486/2117/2117 2327/2153/2153 2325/2168/2168
f 2486/2117/2117 2325/2168/2168 2430/2169/2169
f 2895/2119/2119 2659/2150/2150 2488/2118/2118
f 2488/2118/2118 2659/2150/2150 2542/2151/2151
f 2488/2118/2118 2542/2151/2151 2432/2152/2152
f 2906/2120/2120 2850/2160/2160 2895/2119/2119
f 2895/2119/2119 2850/2160/2160 2848/2161/2161
f 2895/2119/2119 2848/2161/2161 2801/2162/2162
f 2499/2121/2121 2666/2157/2157 2906/2120/2120
f 2906/2120/2120 2666/2157/2157 2714/2158/2158
f 2906/2120/2120 2714/2158/2158 2806/2159/2159
f 2503/2122/2122 2278/2123/2123 2499/2121/2121
f 2499/2121/2121 2278/2123/2123 2437/2155/2155
f 2499/2121/2121 2437/2155/2155 2544/2156/2156
f 2280/2124/2124 2163/2128/2128 2278/2123/2123
f 2278/2123/2123 2163/2128/2128 2148/2129/2129
f 2278/2123/2123 2148/2129/2129 2325/2168/2168
f 2325/2168/2168 2148/2129/2129 2323/2167/2167
f 2323/2167/2167 2148/2129/2129 2321/2182/2182
f 2280/2124/2124 2281/2125/2125 2163/2128/2128
f 2163/2128/2128 2281/2125/2125 2266/2126/2126
f 2163/2128/2128 2266/2126/2126 2262/2127/2127
f 2214/2134/2134 2148/2129/2129 2184/2133/2133
f 2184/2133/2133 2148/2129/2129 2146/2130/2130
f 2184/2133/2133 2146/2130/2130 2114/2131/2131
f 2114/2131/2131 2091/2132/2132 2184/2133/2133
f 2317/2196/2196 2276/2135/2135 2315/2195/2195
f 2315/2195/2195 2276/2135/2135 2296/2136/2136
f 1964/2145/2145 1966/2146/2146 1903/2044/2044
f 1903/2044/2044 1966/2146/2146 1937/2149/2149
f 1937/2149/2149 1966/2146/2146 1967/2148/2148
f 1967/2148/2148 1966/2146/2146 2001/2147/2147
f 2432/2152/2152 2327/2153/2153 2488/2118/2118
f 2325/2168/2168 2327/2153/2153 2278/2123/2123
f 2278/2123/2123 2327/2153/2153 2329/2154/2154
f 2278/2123/2123 2329/2154/2154 2437/2155/2155
f 2544/2156/2156 2666/2157/2157 2499/2121/2121
f 2806/2159/2159 2850/2160/2160 2906/2120/2120
f 2801/2162/2162 2712/2163/2163 2895/2119/2119
f 2895/2119/2119 2712/2163/2163 2659/2150/2150
f 2425/2166/2166 2323/2167/2167 2475/2114/2114
f 2430/2169/2169 2540/2170/2170 2486/2117/2117
f 2486/2117/2117 2540/2170/2170 2657/2171/2171
f 2791/2173/2173 2846/2174/2174 2892/2116/2116
f 2786/2176/2176 2708/2177/2177 2881/2115/2115
f 2881/2115/2115 2708/2177/2177 2650/2164/2164
f 2418/2180/2180 2319/2181/2181 2462/2110/2110
f 2423/2183/2183 2536/2184/2184 2473/2113/2113
f 2473/2113/2113 2536/2184/2184 2648/2185/2185
f 2776/2187/2187 2842/2188/2188 2878/2112/2112
f 2771/2190/2190 2704/2191/2191 2867/2111/2111
f 2867/2111/2111 2704/2191/2191 2641/2178/2178
f 1744/2208/2208 1726/2209/2209 1626/2099/2099
f 2048/2217/2217 1990/2218/2218 2255/2100/2100
f 2255/2100/2100 1990/2218/2218 1934/2219/2219
f 2255/2100/2100 1934/2219/2219 1863/2206/2206
f 162/2236/2236 114/2237/2237 66/2088/2088
f 66/2088/2088 114/2237/2237 116/2238/2238
f 252/2240/2240 306/2241/2241 76/2087/2087
f 453/2086/2086 505/2243/2243 707/2066/2066
f 707/2066/2066 505/2243/2243 566/2244/2244
f 399/2247/2247 298/2234/2234 445/2089/2089
f 176/2250/2250 118/2251/2251 78/2084/2084
f 78/2084/2084 118/2251/2251 120/2252/2252
f 256/2254/2254 316/2255/2255 88/2083/2083
f 511/2257/2257 570/2258/2258 463/2082/2082
f 463/2082/2082 570/2258/2258 572/2273/2273
f 572/2273/2273 570/2258/2258 707/2066/2066
f 707/2066/2066 570/2258/2258 568/2259/2259
f 507/2260/2260 403/2261/2261 455/2085/2085
f 455/2085/2085 403/2261/2261 308/2248/2248
f 190/2264/2264 122/2265/2265 90/2080/2080
f 90/2080/2080 122/2265/2265 124/2266/2266
f 260/2268/2268 326/2269/2269 100/2079/2079
f 517/2271/2271 574/2272/2272 473/2078/2078
f 473/2078/2078 574/2272/2272 576/2287/2287
f 407/2275/2275 318/2262/2262 465/2081/2081
f 204/2278/2278 126/2279/2279 102/2076/2076
f 102/2076/2076 126/2279/2279 128/2280/2280
f 264/2282/2282 336/2283/2283 112/2075/2075
f 578/2286/2286 576/2287/2287 617/2072/2072
f 617/2072/2072 576/2287/2287 574/2272/2272
f 411/2289/2289 328/2276/2276 475/2077/2077
f 944/2291/2291 1903/2292/2292 945/2290/2290
f 945/2290/2290 1903/2292/2292 1904/2293/2293
f 857/2294/2294 856/2295/2295 886/2301/2301
f 886/2301/2301 856/2295/2295 885/2296/2296
f 886/2301/2301 885/2296/2296 914/2297/2297
f 944/2298/2298 945/2299/2299 914/2297/2297
f 914/2297/2297 945/2299/2299 915/2300/2300
f 914/2297/2297 915/2300/2300 886/2301/2301
f 686/2338/2338 749/2331/2331 767/2302/2302
f 767/2302/2302 749/2331/2331 810/2332/2332
f 767/2302/2302 810/2332/2332 798/2320/2320
f 798/2320/2320 810/2332/2332 820/2319/2319
f 820/2319/2319 810/2332/2332 856/2317/2317
f 820/2319/2319 856/2317/2317 857/2318/2318
f 749/2331/2331 686/2339/2339 667/2330/2330
f 667/2340/2340 686/2303/2303 657/2304/2304
f 667/2341/2341 657/2304/2304 641/2329/2329
f 641/2329/2329 657/2304/2304 615/2305/2305
f 641/2329/2329 615/2305/2305 601/2328/2328
f 601/2328/2328 615/2305/2305 587/2306/2306
f 601/2328/2328 587/2306/2306 580/2327/2327
f 580/2327/2327 587/2306/2306 562/2307/2307
f 580/2327/2327 562/2307/2307 556/2326/2326
f 556/2326/2326 562/2307/2307 561/2308/2308
f 556/2326/2326 561/2308/2308 579/2325/2325
f 579/2325/2325 561/2308/2308 586/2309/2309
f 579/2325/2325 586/2309/2309 598/2324/2324
f 598/2324/2324 586/2309/2309 608/2310/2310
f 598/2324/2324 608/2310/2310 639/2323/2323
f 639/2323/2323 608/2310/2310 654/2311/2311
f 639/2323/2323 654/2311/2311 663/2322/2322
f 663/2322/2322 654/2311/2311 685/2312/2312
f 663/2322/2322 685/2312/2312 747/2337/2337
f 747/2337/2337 685/2312/2312 758/2313/2313
f 747/2337/2337 758/2313/2313 807/2336/2336
f 807/2336/2336 758/2313/2313 840/2314/2314
f 807/2336/2336 840/2314/2314 874/2335/2335
f 874/2335/2335 840/2314/2314 883/2315/2315
f 874/2335/2335 883/2315/2315 905/2334/2334
f 905/2334/2334 883/2315/2315 884/2316/2316
f 905/2334/2334 884/2316/2316 875/2333/2333
f 875/2333/2333 884/2316/2316 856/2317/2317
f 875/2333/2333 856/2317/2317 810/2332/2332
f 798/2320/2320 768/2321/2321 767/2302/2302
f 639/2357/2357 663/2342/2342 664/2358/2358
f 664/2358/2358 663/2342/2342 747/2343/2343
f 664/2358/2358 747/2343/2343 700/2371/2371
f 700/2371/2371 747/2343/2343 807/2344/2344
f 700/2371/2371 807/2344/2344 779/2370/2370
f 779/2370/2370 807/2344/2344 874/2345/2345
f 779/2370/2370 874/2345/2345 808/2369/2369
f 808/2369/2369 874/2345/2345 905/2346/2346
f 808/2369/2369 905/2346/2346 809/2368/2368
f 809/2368/2368 905/2346/2346 875/2347/2347
f 809/2368/2368 875/2347/2347 783/2367/2367
f 783/2367/2367 875/2347/2347 810/2348/2348
f 783/2367/2367 810/2348/2348 702/2366/2366
f 702/2366/2366 810/2348/2348 749/2349/2349
f 702/2366/2366 749/2349/2349 666/2365/2365
f 666/2365/2365 749/2349/2349 667/2350/2350
f 666/2365/2365 667/2350/2350 641/2351/2351
f 666/2365/2365 641/2351/2351 651/2364/2364
f 651/2364/2364 641/2351/2351 601/2352/2352
f 651/2364/2364 601/2352/2352 614/2363/2363
f 614/2363/2363 601/2352/2352 580/2353/2353
f 614/2363/2363 580/2353/2353 600/2362/2362
f 600/2362/2362 580/2353/2353 556/2354/2354
f 600/2362/2362 556/2354/2354 599/2361/2361
f 599/2361/2361 556/2354/2354 579/2355/2355
f 599/2361/2361 579/2355/2355 609/2360/2360
f 609/2360/2360 579/2355/2355 598/2356/2356
f 609/2360/2360 598/2356/2356 649/2359/2359
f 649/2359/2359 598/2356/2356 639/2357/2357
f 649/2359/2359 639/2357/2357 664/2358/2358
f 649/2385/2385 664/2372/2372 665/2386/2386
f 665/2386/2386 664/2372/2372 700/2373/2373
f 665/2386/2386 700/2373/2373 701/2398/2398
f 701/2398/2398 700/2373/2373 779/2374/2374
f 701/2398/2398 779/2374/2374 759/2397/2397
f 759/2397/2397 779/2374/2374 808/2375/2375
f 759/2397/2397 808/2375/2375 780/2396/2396
f 780/2396/2396 808/2375/2375 809/2376/2376
f 780/2396/2396 809/2376/2376 782/2395/2395
f 782/2395/2395 809/2376/2376 783/2377/2377
f 782/2395/2395 783/2377/2377 748/2394/2394
f 748/2394/2394 783/2377/2377 702/2378/2378
f 748/2394/2394 702/2378/2378 678/2393/2393
f 678/2393/2393 702/2378/2378 666/2399/2399
f 678/2393/2393 666/2400/2400 659/2392/2392
f 659/2401/2401 666/2379/2379 651/2380/2380
f 659/2402/2402 651/2380/2380 640/2391/2391
f 640/2391/2391 651/2380/2380 614/2381/2381
f 640/2391/2391 614/2381/2381 613/2390/2390
f 613/2390/2390 614/2381/2381 600/2382/2382
f 613/2390/2390 600/2382/2382 611/2389/2389
f 611/2389/2389 600/2382/2382 599/2383/2383
f 611/2389/2389 599/2383/2383 621/2388/2388
f 621/2388/2388 599/2383/2383 609/2384/2384
f 621/2388/2388 609/2384/2384 650/2387/2387
f 650/2387/2387 609/2384/2384 649/2385/2385
f 650/2387/2387 649/2385/2385 665/2386/2386
f 701/2404/2404 675/2419/2419 665/2403/2403
f 665/2403/2403 675/2419/2419 655/2420/2420
f 665/2403/2403 655/2420/2420 650/2415/2415
f 650/2415/2415 655/2420/2420 636/2421/2421
f 650/2415/2415 636/2421/2421 621/2414/2414
f 621/2414/2414 636/2421/2421 610/2429/2429
f 621/2414/2414 610/2430/2430 611/2413/2413
f 611/2431/2431 610/2422/2422 612/2423/2423
f 611/2432/2432 612/2423/2423 613/2412/2412
f 613/2412/2412 612/2423/2423 637/2424/2424
f 613/2412/2412 637/2424/2424 640/2411/2411
f 640/2411/2411 637/2424/2424 656/2425/2425
f 640/2411/2411 656/2425/2425 659/2410/2410
f 659/2410/2410 656/2425/2425 676/2426/2426
f 659/2410/2410 676/2426/2426 678/2409/2409
f 678/2409/2409 676/2426/2426 730/2427/2427
f 678/2409/2409 730/2427/2427 748/2408/2408
f 748/2408/2408 730/2427/2427 761/2428/2428
f 748/2408/2408 761/2428/2428 782/2407/2407
f 782/2407/2407 761/2428/2428 781/2416/2416
f 782/2407/2407 781/2416/2416 780/2406/2406
f 780/2406/2406 781/2416/2416 760/2417/2417
f 780/2406/2406 760/2417/2417 759/2405/2405
f 759/2405/2405 760/2417/2417 727/2418/2418
f 759/2405/2405 727/2418/2418 701/2404/2404
f 701/2404/2404 727/2418/2418 675/2419/2419
f 781/2433/2433 761/2434/2434 760/2445/2445
f 760/2445/2445 761/2434/2434 727/2444/2444
f 727/2444/2444 761/2434/2434 730/2435/2435
f 727/2444/2444 730/2435/2435 675/2443/2443
f 675/2443/2443 730/2435/2435 676/2436/2436
f 675/2443/2443 676/2436/2436 655/2442/2442
f 655/2442/2442 676/2436/2436 656/2437/2437
f 655/2442/2442 656/2437/2437 636/2441/2441
f 636/2441/2441 656/2437/2437 637/2438/2438
f 636/2441/2441 637/2438/2438 610/2440/2440
f 610/2440/2440 637/2438/2438 612/2439/2439
f 708/2446/2446 707/2447/2447 706/2453/2453
f 706/2453/2453 707/2447/2447 705/2448/2448
f 706/2453/2453 705/2448/2448 750/2449/2449
f 767/2450/2450 768/2451/2451 750/2449/2449
f 750/2449/2449 768/2451/2451 751/2452/2452
f 750/2449/2449 751/2452/2452 706/2453/2453
f 721/2454/2454 720/2455/2455 708/2459/2459
f 708/2459/2459 720/2455/2455 707/2458/2458
f 707/2458/2458 720/2455/2455 722/2457/2457
f 722/2457/2457 720/2455/2455 723/2456/2456
f 833/2460/2460 832/2461/2461 778/2467/2467
f 778/2467/2467 832/2461/2461 777/2462/2462
f 778/2467/2467 777/2462/2462 744/2466/2466
f 744/2466/2466 777/2462/2462 743/2463/2463
f 744/2466/2466 743/2463/2463 721/2465/2465
f 721/2465/2465 743/2463/2463 720/2464/2464
f 833/2469/2469 962/2470/2470 832/2468/2468
f 832/2468/2468 962/2470/2470 961/2471/2471
f 2042/2473/2473 1858/2500/2500 1894/2472/2472
f 1894/2472/2472 1858/2500/2500 1760/2501/2501
f 1894/2472/2472 1760/2501/2501 1879/2555/2555
f 1879/2555/2555 1760/2501/2501 1842/2554/2554
f 1842/2554/2554 1760/2501/2501 1830/2553/2553
f 1830/2553/2553 1760/2501/2501 1699/2502/2502
f 1830/2553/2553 1699/2502/2502 1714/2552/2552
f 1714/2552/2552 1699/2502/2502 1611/2503/2503
f 1714/2552/2552 1611/2503/2503 1649/2551/2551
f 1649/2551/2551 1611/2503/2503 1535/2504/2504
f 1649/2551/2551 1535/2504/2504 1539/2550/2550
f 1539/2550/2550 1535/2504/2504 1489/2505/2505
f 1539/2550/2550 1489/2505/2505 1495/2549/2549
f 1495/2549/2549 1489/2505/2505 1415/2506/2506
f 1495/2549/2549 1415/2506/2506 1413/2548/2548
f 1413/2548/2548 1415/2506/2506 1338/2547/2547
f 1338/2547/2547 1415/2506/2506 1347/2507/2507
f 1338/2547/2547 1347/2507/2507 1294/2546/2546
f 1294/2546/2546 1347/2507/2507 1300/2508/2508
f 1294/2546/2546 1300/2508/2508 1189/2545/2545
f 1189/2545/2545 1300/2508/2508 1218/2509/2509
f 1189/2545/2545 1218/2509/2509 1131/2544/2544
f 1131/2544/2544 1218/2509/2509 1149/2510/2510
f 1131/2544/2544 1149/2510/2510 1020/2543/2543
f 1020/2543/2543 1149/2510/2510 1087/2511/2511
f 1020/2543/2543 1087/2511/2511 1004/2542/2542
f 1004/2542/2542 1087/2511/2511 987/2541/2541
f 987/2541/2541 1087/2511/2511 961/2540/2540
f 961/2540/2540 1087/2511/2511 995/2512/2512
f 961/2540/2540 995/2512/2512 832/2539/2539
f 832/2539/2539 995/2512/2512 777/2538/2538
f 777/2538/2538 995/2512/2512 923/2513/2513
f 777/2538/2538 923/2513/2513 743/2537/2537
f 743/2537/2537 923/2513/2513 864/2514/2514
f 743/2537/2537 864/2514/2514 841/2515/2515
f 2042/2473/2473 2103/2474/2474 1858/2500/2500
f 1858/2500/2500 2103/2474/2474 1942/2499/2499
f 1942/2499/2499 2103/2474/2474 2131/2475/2475
f 1942/2499/2499 2131/2475/2475 2009/2498/2498
f 2009/2498/2498 2131/2475/2475 2022/2497/2497
f 2022/2497/2497 2131/2475/2475 2161/2476/2476
f 2022/2497/2497 2161/2476/2476 2164/2477/2477
f 2082/2478/2478 1882/2494/2494 2164/2477/2477
f 2164/2477/2477 1882/2494/2494 1945/2495/2495
f 2164/2477/2477 1945/2495/2495 2010/2496/2496
f 2082/2478/2478 1975/2479/2479 1882/2494/2494
f 1882/2494/2494 1975/2479/2479 1785/2493/2493
f 1785/2493/2493 1975/2479/2479 1912/2480/2480
f 1785/2493/2493 1912/2480/2480 1861/2481/2481
f 1785/2493/2493 1861/2481/2481 1701/2492/2492
f 1701/2492/2492 1861/2481/2481 1845/2482/2482
f 1701/2492/2492 1845/2482/2482 1767/2486/2486
f 1767/2486/2486 1845/2482/2482 1809/2485/2485
f 1809/2485/2485 1845/2482/2482 1828/2484/2484
f 1828/2484/2484 1845/2482/2482 1846/2483/2483
f 1434/2487/2487 1498/2489/2489 1767/2486/2486
f 1767/2486/2486 1498/2489/2489 1538/2490/2490
f 1767/2486/2486 1538/2490/2490 1619/2491/2491
f 1434/2487/2487 1432/2488/2488 1498/2489/2489
f 1619/2491/2491 1701/2492/2492 1767/2486/2486
f 2010/2496/2496 2022/2497/2497 2164/2477/2477
f 865/2516/2516 723/2535/2535 841/2515/2515
f 841/2515/2515 723/2535/2535 720/2536/2536
f 841/2515/2515 720/2536/2536 743/2537/2537
f 865/2516/2516 926/2517/2517 723/2535/2535
f 723/2535/2535 926/2517/2517 990/2518/2518
f 723/2535/2535 990/2518/2518 794/2534/2534
f 794/2534/2534 990/2518/2518 897/2533/2533
f 897/2533/2533 990/2518/2518 1065/2519/2519
f 897/2533/2533 1065/2519/2519 953/2532/2532
f 953/2532/2532 1065/2519/2519 998/2531/2531
f 998/2531/2531 1065/2519/2519 1152/2520/2520
f 998/2531/2531 1152/2520/2520 1011/2530/2530
f 1011/2530/2530 1152/2520/2520 1092/2526/2526
f 1011/2530/2530 1092/2526/2526 1052/2527/2527
f 1152/2520/2520 1226/2521/2521 1092/2526/2526
f 1092/2526/2526 1226/2521/2521 1298/2522/2522
f 1092/2526/2526 1298/2522/2522 1345/2523/2523
f 1400/2524/2524 1402/2525/2525 1345/2523/2523
f 1345/2523/2523 1402/2525/2525 1092/2526/2526
f 1052/2527/2527 1030/2528/2528 1011/2530/2530
f 1011/2530/2530 1030/2528/2528 1012/2529/2529
f 1895/2557/2557 2043/2558/2558 1894/2556/2556
f 1894/2556/2556 2043/2558/2558 2042/2559/2559
f 1894/2561/2561 1879/2562/2562 1895/2560/2560
f 1895/2560/2560 1879/2562/2562 1854/2566/2566
f 1854/2566/2566 1879/2562/2562 1842/2563/2563
f 1854/2566/2566 1842/2563/2563 1831/2565/2565
f 1831/2565/2565 1842/2563/2563 1830/2564/2564
f 1895/2568/2568 1854/2569/2569 2043/2567/2567
f 2043/2567/2567 1854/2569/2569 2041/2575/2575
f 2041/2575/2575 1854/2569/2569 1831/2570/2570
f 2041/2575/2575 1831/2570/2570 2040/2574/2574
f 2040/2574/2574 1831/2570/2570 1806/2571/2571
f 2040/2574/2574 1806/2571/2571 2039/2573/2573
f 2039/2573/2573 1806/2571/2571 1741/2572/2572
f 2040/2584/2584 2039/2576/2576 2079/2585/2585
f 2079/2585/2585 2039/2576/2576 2102/2577/2577
f 2079/2585/2585 2102/2577/2577 2116/2587/2587
f 2116/2587/2587 2102/2577/2577 2130/2578/2578
f 2116/2587/2587 2130/2578/2578 2132/2580/2580
f 2132/2580/2580 2130/2578/2578 2162/2579/2579
f 2132/2580/2580 2104/2581/2581 2116/2587/2587
f 2116/2587/2587 2104/2581/2581 2080/2588/2588
f 2116/2587/2587 2080/2588/2588 2079/2585/2585
f 2079/2585/2585 2080/2588/2588 2063/2586/2586
f 2079/2585/2585 2063/2586/2586 2040/2584/2584
f 2040/2584/2584 2063/2586/2586 2041/2583/2583
f 2041/2583/2583 2063/2586/2586 2043/2582/2582
f 2104/2581/2581 2043/2582/2582 2080/2588/2588
f 2080/2588/2588 2043/2582/2582 2063/2586/2586
f 2162/2590/2590 2130/2591/2591 2149/2589/2589
f 2149/2589/2589 2130/2591/2591 2124/2596/2596
f 2124/2596/2596 2130/2591/2591 2102/2592/2592
f 2124/2596/2596 2102/2592/2592 2096/2595/2595
f 2096/2595/2595 2102/2592/2592 2039/2593/2593
f 2096/2595/2595 2039/2593/2593 2033/2594/2594
f 2162/2602/2602 2149/2597/2597 2161/2601/2601
f 2161/2601/2601 2149/2597/2597 2148/2598/2598
f 2161/2601/2601 2148/2598/2598 2163/2599/2599
f 2163/2599/2599 2164/2600/2600 2161/2601/2601
f 2092/2603/2603 2091/2604/2604 2115/2610/2610
f 2115/2610/2610 2091/2604/2604 2114/2605/2605
f 2115/2610/2610 2114/2605/2605 2146/2606/2606
f 2148/2607/2607 2149/2608/2608 2146/2606/2606
f 2146/2606/2606 2149/2608/2608 2147/2609/2609
f 2146/2606/2606 2147/2609/2609 2115/2610/2610
f 1966/2612/2612 1981/2644/2644 2001/2611/2611
f 2001/2611/2611 1981/2644/2644 2054/2645/2645
f 2001/2611/2611 2054/2645/2645 2030/2629/2629
f 2030/2629/2629 2054/2645/2645 2061/2628/2628
f 2061/2628/2628 2054/2645/2645 2091/2626/2626
f 2061/2628/2628 2091/2626/2626 2092/2627/2627
f 1981/2644/2644 1966/2612/2612 1965/2643/2643
f 1965/2643/2643 1966/2612/2612 1964/2613/2613
f 1965/2643/2643 1964/2613/2613 1980/2642/2642
f 1980/2642/2642 1964/2613/2613 2021/2614/2614
f 1980/2642/2642 2021/2614/2614 2051/2641/2641
f 2051/2641/2641 2021/2614/2614 2086/2615/2615
f 2051/2641/2641 2086/2615/2615 2110/2640/2640
f 2110/2640/2640 2086/2615/2615 2183/2616/2616
f 2110/2640/2640 2183/2616/2616 2196/2639/2639
f 2196/2639/2639 2183/2616/2616 2213/2617/2617
f 2196/2639/2639 2213/2617/2617 2225/2638/2638
f 2225/2638/2638 2213/2617/2617 2270/2618/2618
f 2225/2638/2638 2270/2618/2618 2283/2637/2637
f 2283/2637/2637 2270/2618/2618 2295/2619/2619
f 2283/2637/2637 2295/2619/2619 2302/2636/2636
f 2302/2636/2636 2295/2619/2619 2311/2620/2620
f 2302/2636/2636 2311/2620/2620 2312/2635/2635
f 2312/2635/2635 2311/2620/2620 2313/2621/2621
f 2312/2635/2635 2313/2621/2621 2303/2634/2634
f 2303/2634/2634 2313/2621/2621 2296/2622/2622
f 2303/2634/2634 2296/2622/2622 2286/2633/2633
f 2286/2633/2633 2296/2622/2622 2276/2623/2623
f 2286/2633/2633 2276/2623/2623 2227/2632/2632
f 2227/2632/2632 2276/2623/2623 2214/2647/2647
f 2227/2632/2632 2214/2648/2648 2200/2631/2631
f 2200/2649/2649 2214/2624/2624 2184/2625/2625
f 2200/2650/2650 2184/2625/2625 2113/2646/2646
f 2113/2646/2646 2184/2625/2625 2091/2626/2626
f 2113/2646/2646 2091/2626/2626 2054/2645/2645
f 2030/2629/2629 2002/2630/2630 2001/2611/2611
f 2227/2666/2666 2200/2651/2651 2199/2674/2674
f 2199/2674/2674 2200/2651/2651 2113/2652/2652
f 2199/2674/2674 2113/2652/2652 2143/2673/2673
f 2143/2673/2673 2113/2652/2652 2054/2653/2653
f 2143/2673/2673 2054/2653/2653 2070/2672/2672
f 2070/2672/2672 2054/2653/2653 1981/2654/2654
f 2070/2672/2672 1981/2654/2654 2053/2671/2671
f 2053/2671/2671 1981/2654/2654 1965/2655/2655
f 2053/2671/2671 1965/2655/2655 2052/2670/2670
f 2052/2670/2670 1965/2655/2655 1980/2656/2656
f 2052/2670/2670 1980/2656/2656 2064/2669/2669
f 2064/2669/2669 1980/2656/2656 2051/2657/2657
f 2064/2669/2669 2051/2657/2657 2141/2668/2668
f 2141/2668/2668 2051/2657/2657 2110/2658/2658
f 2141/2668/2668 2110/2658/2658 2197/2667/2667
f 2197/2667/2667 2110/2658/2658 2196/2659/2659
f 2197/2667/2667 2196/2659/2659 2225/2660/2660
f 2197/2667/2667 2225/2660/2660 2216/2680/2680
f 2216/2680/2680 2225/2660/2660 2283/2661/2661
f 2216/2680/2680 2283/2661/2661 2271/2679/2679
f 2271/2679/2679 2283/2661/2661 2302/2662/2662
f 2271/2679/2679 2302/2662/2662 2284/2678/2678
f 2284/2678/2678 2302/2662/2662 2312/2663/2663
f 2284/2678/2678 2312/2663/2663 2285/2677/2677
f 2285/2677/2677 2312/2663/2663 2303/2664/2664
f 2285/2677/2677 2303/2664/2664 2275/2676/2676
f 2275/2676/2676 2303/2664/2664 2286/2665/2665
f 2275/2676/2676 2286/2665/2665 2218/2675/2675
f 2218/2675/2675 2286/2665/2665 2227/2666/2666
f 2218/2675/2675 2227/2666/2666 2199/2674/2674
f 2141/2694/2694 2197/2681/2681 2198/2695/2695
f 2198/2695/2695 2197/2681/2681 2216/2682/2682
f 2198/2695/2695 2216/2682/2682 2217/2707/2707
f 2217/2707/2707 2216/2682/2682 2271/2683/2683
f 2217/2707/2707 2271/2683/2683 2263/2706/2706
f 2263/2706/2706 2271/2683/2683 2284/2684/2684
f 2263/2706/2706 2284/2684/2684 2272/2705/2705
f 2272/2705/2705 2284/2684/2684 2285/2685/2685
f 2272/2705/2705 2285/2685/2685 2274/2704/2704
f 2274/2704/2704 2285/2685/2685 2275/2686/2686
f 2274/2704/2704 2275/2686/2686 2226/2703/2703
f 2226/2703/2703 2275/2686/2686 2218/2687/2687
f 2226/2703/2703 2218/2687/2687 2210/2702/2702
f 2210/2702/2702 2218/2687/2687 2199/2708/2708
f 2210/2702/2702 2199/2709/2709 2188/2701/2701
f 2188/2710/2710 2199/2688/2688 2143/2689/2689
f 2188/2711/2711 2143/2689/2689 2111/2700/2700
f 2111/2700/2700 2143/2689/2689 2070/2690/2690
f 2111/2700/2700 2070/2690/2690 2068/2699/2699
f 2068/2699/2699 2070/2690/2690 2053/2691/2691
f 2068/2699/2699 2053/2691/2691 2066/2698/2698
f 2066/2698/2698 2053/2691/2691 2052/2692/2692
f 2066/2698/2698 2052/2692/2692 2087/2697/2697
f 2087/2697/2697 2052/2692/2692 2064/2693/2693
f 2087/2697/2697 2064/2693/2693 2142/2696/2696
f 2142/2696/2696 2064/2693/2693 2141/2694/2694
f 2142/2696/2696 2141/2694/2694 2198/2695/2695
f 2217/2713/2713 2207/2728/2728 2198/2712/2712
f 2198/2712/2712 2207/2728/2728 2177/2729/2729
f 2198/2712/2712 2177/2729/2729 2142/2724/2724
f 2142/2724/2724 2177/2729/2729 2107/2730/2730
f 2142/2724/2724 2107/2730/2730 2087/2723/2723
f 2087/2723/2723 2107/2730/2730 2065/2738/2738
f 2087/2723/2723 2065/2739/2739 2066/2722/2722
f 2066/2740/2740 2065/2731/2731 2067/2732/2732
f 2066/2741/2741 2067/2732/2732 2068/2721/2721
f 2068/2721/2721 2067/2732/2732 2108/2733/2733
f 2068/2721/2721 2108/2733/2733 2111/2720/2720
f 2111/2720/2720 2108/2733/2733 2178/2734/2734
f 2111/2720/2720 2178/2734/2734 2188/2719/2719
f 2188/2719/2719 2178/2734/2734 2208/2735/2735
f 2188/2719/2719 2208/2735/2735 2210/2718/2718
f 2210/2718/2718 2208/2735/2735 2222/2736/2736
f 2210/2718/2718 2222/2736/2736 2226/2717/2717
f 2226/2717/2717 2222/2736/2736 2265/2737/2737
f 2226/2717/2717 2265/2737/2737 2274/2716/2716
f 2274/2716/2716 2265/2737/2737 2273/2725/2725
f 2274/2716/2716 2273/2725/2725 2272/2715/2715
f 2272/2715/2715 2273/2725/2725 2264/2726/2726
f 2272/2715/2715 2264/2726/2726 2263/2714/2714
f 2263/2714/2714 2264/2726/2726 2221/2727/2727
f 2263/2714/2714 2221/2727/2727 2217/2713/2713
f 2217/2713/2713 2221/2727/2727 2207/2728/2728
f 2273/2742/2742 2265/2743/2743 2264/2754/2754
f 2264/2754/2754 2265/2743/2743 2221/2753/2753
f 2221/2753/2753 2265/2743/2743 2222/2744/2744
f 2221/2753/2753 2222/2744/2744 2207/2752/2752
f 2207/2752/2752 2222/2744/2744 2208/2745/2745
f 2207/2752/2752 2208/2745/2745 2177/2751/2751
f 2177/2751/2751 2208/2745/2745 2178/2746/2746
f 2177/2751/2751 2178/2746/2746 2107/2750/2750
f 2107/2750/2750 2178/2746/2746 2108/2747/2747
f 2107/2750/2750 2108/2747/2747 2065/2749/2749
f 2065/2749/2749 2108/2747/2747 2067/2748/2748
f 1904/2755/2755 1903/2756/2756 1938/2762/2762
f 1938/2762/2762 1903/2756/2756 1937/2757/2757
f 1938/2762/2762 1937/2757/2757 1967/2758/2758
f 2001/2759/2759 2002/2760/2760 1967/2758/2758
f 1967/2758/2758 2002/2760/2760 1968/2761/2761
f 1967/2758/2758 1968/2761/2761 1938/2762/2762
f 1908/2763/2763 1907/2764/2764 1955/2771/2771
f 1955/2771/2771 1907/2764/2764 1922/2772/2772
f 1955/2771/2771 1922/2772/2772 1969/2773/2773
f 1969/2773/2773 1922/2772/2772 1954/2775/2775
f 1969/2773/2773 1954/2775/2775 2002/2769/2769
f 1907/2764/2764 1906/2765/2765 1922/2772/2772
f 1922/2772/2772 1906/2765/2765 1905/2774/2774
f 1922/2772/2772 1905/2774/2774 1954/2775/2775
f 1954/2775/2775 1905/2774/2774 1938/2767/2767
f 1954/2775/2775 1938/2767/2767 1968/2768/2768
f 1906/2765/2765 1904/2766/2766 1905/2774/2774
f 1905/2774/2774 1904/2766/2766 1938/2767/2767
f 1968/2768/2768 2002/2769/2769 1954/2775/2775
f 2002/2769/2769 1982/2770/2770 1969/2773/2773
f 1969/2773/2773 1982/2770/2770 1955/2771/2771
f 1904/2777/2777 1906/2778/2778 945/2776/2776
f 945/2776/2776 1906/2778/2778 947/2783/2783
f 947/2783/2783 1906/2778/2778 1907/2779/2779
f 947/2783/2783 1907/2779/2779 948/2782/2782
f 948/2782/2782 1907/2779/2779 1908/2780/2780
f 948/2782/2782 1908/2780/2780 949/2781/2781
f 915/2792/2792 945/2784/2784 946/2793/2793
f 946/2793/2793 945/2784/2784 947/2785/2785
f 946/2793/2793 947/2785/2785 932/2795/2795
f 932/2795/2795 947/2785/2785 948/2786/2786
f 932/2795/2795 948/2786/2786 907/2788/2788
f 907/2788/2788 948/2786/2786 949/2787/2787
f 907/2788/2788 876/2789/2789 932/2795/2795
f 932/2795/2795 876/2789/2789 887/2796/2796
f 932/2795/2795 887/2796/2796 946/2793/2793
f 946/2793/2793 887/2796/2796 906/2794/2794
f 946/2793/2793 906/2794/2794 915/2792/2792
f 915/2792/2792 906/2794/2794 886/2791/2791
f 886/2791/2791 906/2794/2794 857/2790/2790
f 876/2789/2789 857/2790/2790 887/2796/2796
f 887/2796/2796 857/2790/2790 906/2794/2794
f 949/2797/2797 916/2798/2798 907/2808/2808
f 907/2808/2808 916/2798/2798 858/2809/2809
f 907/2808/2808 858/2809/2809 822/2810/2810
f 822/2810/2810 858/2809/2809 769/2802/2802
f 822/2810/2810 769/2802/2802 768/2803/2803
f 916/2798/2798 877/2799/2799 858/2809/2809
f 858/2809/2809 877/2799/2799 799/2801/2801
f 858/2809/2809 799/2801/2801 769/2802/2802
f 877/2799/2799 823/2800/2800 799/2801/2801
f 768/2803/2803 798/2804/2804 822/2810/2810
f 822/2810/2810 798/2804/2804 820/2805/2805
f 822/2810/2810 820/2805/2805 876/2807/2807
f 876/2807/2807 820/2805/2805 857/2806/2806
f 876/2807/2807 907/2808/2808 822/2810/2810
f 1939/2812/2812 1874/2834/2834 1908/2811/2811
f 1908/2811/2811 1874/2834/2834 982/2831/2831
f 1908/2811/2811 982/2831/2831 949/2830/2830
f 949/2830/2830 982/2831/2831 916/2829/2829
f 916/2829/2829 982/2831/2831 877/2828/2828
f 877/2828/2828 982/2831/2831 823/2827/2827
f 823/2827/2827 982/2831/2831 986/2832/2832
f 823/2827/2827 986/2832/2832 829/2826/2826
f 829/2826/2826 986/2832/2832 1109/2825/2825
f 1109/2825/2825 986/2832/2832 1160/2824/2824
f 1160/2824/2824 986/2832/2832 1262/2823/2823
f 1262/2823/2823 986/2832/2832 1317/2822/2822
f 1317/2822/2822 986/2832/2832 1369/2821/2821
f 1369/2821/2821 986/2832/2832 1878/2833/2833
f 1369/2821/2821 1878/2833/2833 1467/2820/2820
f 1467/2820/2820 1878/2833/2833 1522/2819/2819
f 1522/2819/2819 1878/2833/2833 1583/2818/2818
f 1583/2818/2818 1878/2833/2833 1674/2817/2817
f 1674/2817/2817 1878/2833/2833 1741/2816/2816
f 1741/2816/2816 1878/2833/2833 2039/2815/2815
f 2039/2815/2815 1878/2833/2833 2033/2814/2814
f 2033/2814/2814 1878/2833/2833 1874/2834/2834
f 2033/2814/2814 1874/2834/2834 1983/2813/2813
f 1983/2813/2813 1874/2834/2834 1939/2812/2812
f 2033/2835/2835 1983/2836/2836 2062/2846/2846
f 2062/2846/2846 1983/2836/2836 2003/2847/2847
f 2062/2846/2846 2003/2847/2847 2032/2848/2848
f 2032/2848/2848 2003/2847/2847 1982/2840/2840
f 2032/2848/2848 1982/2840/2840 2002/2841/2841
f 1983/2836/2836 1939/2837/2837 2003/2847/2847
f 2003/2847/2847 1939/2837/2837 1955/2839/2839
f 2003/2847/2847 1955/2839/2839 1982/2840/2840
f 1939/2837/2837 1908/2838/2838 1955/2839/2839
f 2002/2841/2841 2030/2842/2842 2032/2848/2848
f 2032/2848/2848 2030/2842/2842 2061/2843/2843
f 2032/2848/2848 2061/2843/2843 2094/2845/2845
f 2094/2845/2845 2061/2843/2843 2092/2844/2844
f 2094/2845/2845 2062/2846/2846 2032/2848/2848
f 2033/2849/2849 2062/2850/2850 2096/2857/2857
f 2096/2857/2857 2062/2850/2850 2095/2858/2858
f 2096/2857/2857 2095/2858/2858 2123/2859/2859
f 2123/2859/2859 2095/2858/2858 2122/2861/2861
f 2123/2859/2859 2122/2861/2861 2149/2855/2855
f 2062/2850/2850 2094/2851/2851 2095/2858/2858
f 2095/2858/2858 2094/2851/2851 2093/2860/2860
f 2095/2858/2858 2093/2860/2860 2122/2861/2861
f 2122/2861/2861 2093/2860/2860 2115/2853/2853
f 2122/2861/2861 2115/2853/2853 2147/2854/2854
f 2094/2851/2851 2092/2852/2852 2093/2860/2860
f 2093/2860/2860 2092/2852/2852 2115/2853/2853
f 2147/2854/2854 2149/2855/2855 2122/2861/2861
f 2149/2855/2855 2124/2856/2856 2123/2859/2859
f 2123/2859/2859 2124/2856/2856 2096/2857/2857
f 721/2862/2862 708/2863/2863 740/2869/2869
f 740/2869/2869 708/2863/2863 736/2864/2864
f 740/2869/2869 736/2864/2864 774/2868/2868
f 774/2868/2868 736/2864/2864 770/2865/2865
f 774/2868/2868 770/2865/2865 829/2867/2867
f 829/2867/2867 770/2865/2865 823/2866/2866
f 721/2870/2870 740/2871/2871 741/2880/2880
f 741/2880/2880 740/2871/2871 774/2872/2872
f 741/2880/2880 774/2872/2872 775/2879/2879
f 775/2879/2879 774/2872/2872 829/2873/2873
f 775/2879/2879 829/2873/2873 830/2874/2874
f 775/2879/2879 830/2874/2874 776/2881/2881
f 776/2881/2881 830/2874/2874 831/2875/2875
f 776/2881/2881 831/2875/2875 778/2877/2877
f 778/2877/2877 831/2875/2875 833/2876/2876
f 778/2877/2877 744/2878/2878 776/2881/2881
f 776/2881/2881 744/2878/2878 742/2882/2882
f 776/2881/2881 742/2882/2882 775/2879/2879
f 775/2879/2879 742/2882/2882 741/2880/2880
f 744/2878/2878 721/2870/2870 742/2882/2882
f 742/2882/2882 721/2870/2870 741/2880/2880
f 1109/2884/2884 1047/2885/2885 829/2883/2883
f 829/2883/2883 1047/2885/2885 830/2891/2891
f 830/2891/2891 1047/2885/2885 1021/2886/2886
f 830/2891/2891 1021/2886/2886 831/2890/2890
f 831/2890/2890 1021/2886/2886 993/2887/2887
f 831/2890/2890 993/2887/2887 833/2889/2889
f 833/2889/2889 993/2887/2887 962/2888/2888
f 1020/2893/2893 1004/2894/2894 1021/2892/2892
f 1021/2892/2892 1004/2894/2894 993/2898/2898
f 993/2898/2898 1004/2894/2894 987/2895/2895
f 993/2898/2898 987/2895/2895 962/2897/2897
f 962/2897/2897 987/2895/2895 961/2896/2896
f 1831/2899/2899 1830/2900/2900 1806/2923/2923
f 1806/2923/2923 1830/2900/2900 1741/2922/2922
f 1741/2922/2922 1830/2900/2900 1714/2901/2901
f 1741/2922/2922 1714/2901/2901 1674/2921/2921
f 1674/2921/2921 1714/2901/2901 1649/2902/2902
f 1674/2921/2921 1649/2902/2902 1583/2920/2920
f 1583/2920/2920 1649/2902/2902 1539/2903/2903
f 1583/2920/2920 1539/2903/2903 1522/2919/2919
f 1522/2919/2919 1539/2903/2903 1495/2904/2904
f 1522/2919/2919 1495/2904/2904 1467/2918/2918
f 1467/2918/2918 1495/2904/2904 1413/2905/2905
f 1467/2918/2918 1413/2905/2905 1369/2917/2917
f 1369/2917/2917 1413/2905/2905 1338/2906/2906
f 1369/2917/2917 1338/2906/2906 1317/2916/2916
f 1317/2916/2916 1338/2906/2906 1294/2907/2907
f 1317/2916/2916 1294/2907/2907 1262/2915/2915
f 1262/2915/2915 1294/2907/2907 1189/2908/2908
f 1262/2915/2915 1189/2908/2908 1160/2914/2914
f 1160/2914/2914 1189/2908/2908 1131/2909/2909
f 1160/2914/2914 1131/2909/2909 1109/2913/2913
f 1109/2913/2913 1131/2909/2909 1020/2910/2910
f 1109/2913/2913 1020/2910/2910 1047/2912/2912
f 1047/2912/2912 1020/2910/2910 1021/2911/2911
f 768/2924/2924 769/2925/2925 755/2934/2934
f 755/2934/2934 769/2925/2925 799/2926/2926
f 755/2934/2934 799/2926/2926 756/2933/2933
f 756/2933/2933 799/2926/2926 770/2928/2928
f 756/2933/2933 770/2928/2928 736/2929/2929
f 799/2926/2926 823/2927/2927 770/2928/2928
f 756/2933/2933 736/2929/2929 735/2935/2935
f 735/2935/2935 736/2929/2929 708/2930/2930
f 735/2935/2935 708/2930/2930 706/2931/2931
f 735/2935/2935 706/2931/2931 734/2936/2936
f 734/2936/2936 706/2931/2931 751/2932/2932
f 734/2936/2936 751/2932/2932 768/2924/2924
f 734/2936/2936 768/2924/2924 755/2934/2934
f 734/2936/2936 755/2934/2934 756/2933/2933
f 735/2935/2935 734/2936/2936 756/2933/2933
f 986/2937/2937 982/2938/2938 985/2940/2940
f 985/2940/2940 982/2938/2938 981/2939/2939
f 1878/2941/2941 986/2942/2942 1877/2944/2944
f 1877/2944/2944 986/2942/2942 985/2943/2943
f 1874/2945/2945 1878/2946/2946 1873/2948/2948
f 1873/2948/2948 1878/2946/2946 1877/2947/2947
f 982/2949/2949 1874/2950/2950 981/2952/2952
f 981/2952/2952 1874/2950/2950 1873/2951/2951
f 981/2954/2954 1873/2955/2955 985/2953/2953
f 985/2953/2953 1873/2955/2955 1877/2956/2956
f 2162/2957/2957 2161/2958/2958 2132/2964/2964
f 2132/2964/2964 2161/2958/2958 2131/2959/2959
f 2132/2964/2964 2131/2959/2959 2104/2963/2963
f 2104/2963/2963 2131/2959/2959 2103/2960/2960
f 2104/2963/2963 2103/2960/2960 2043/2962/2962
f 2043/2962/2962 2103/2960/2960 2042/2961/2961
f 2292/2966/2966 2400/2967/2967 2262/2965/2965
f 2262/2965/2965 2400/2967/2967 2081/2970/2970
f 2262/2965/2965 2081/2970/2970 2163/2973/2973
f 2163/2973/2973 2081/2970/2970 2082/2971/2971
f 2163/2973/2973 2082/2971/2971 2164/2972/2972
f 2400/2967/2967 2512/2968/2968 2081/2970/2970
f 2081/2970/2970 2512/2968/2968 2553/2969/2969
f 2617/2974/2974 2618/2975/2975 2548/2987/2987
f 2548/2987/2987 2618/2975/2975 2527/2989/2989
f 2548/2987/2987 2527/2989/2989 2505/2986/2986
f 2505/2986/2986 2527/2989/2989 2438/2990/2990
f 2505/2986/2986 2438/2990/2990 2307/2985/2985
f 2307/2985/2985 2438/2990/2990 2297/2988/2988
f 2307/2985/2985 2297/2988/2988 2281/2983/2983
f 2281/2983/2983 2297/2988/2988 2266/2982/2982
f 2266/2982/2982 2297/2988/2988 2292/2980/2980
f 2266/2982/2982 2292/2980/2980 2262/2981/2981
f 2618/2975/2975 2549/2976/2976 2527/2989/2989
f 2527/2989/2989 2549/2976/2976 2553/2977/2977
f 2527/2989/2989 2553/2977/2977 2512/2978/2978
f 2527/2989/2989 2512/2978/2978 2438/2990/2990
f 2438/2990/2990 2512/2978/2978 2400/2979/2979
f 2438/2990/2990 2400/2979/2979 2297/2988/2988
f 2297/2988/2988 2400/2979/2979 2292/2980/2980
f 2281/2983/2983 2280/2984/2984 2307/2985/2985
f 2617/3013/3013 2616/2991/2991 2618/3012/3012
f 2618/3012/3012 2616/2991/2991 2552/2992/2992
f 2618/3012/3012 2552/2992/2992 2549/3011/3011
f 2549/3011/3011 2552/2992/2992 2553/3010/3010
f 2553/3010/3010 2552/2992/2992 2442/2993/2993
f 2553/3010/3010 2442/2993/2993 2443/3009/3009
f 2443/3009/3009 2442/2993/2993 2301/2994/2994
f 2443/3009/3009 2301/2994/2994 2294/3008/3008
f 2294/3008/3008 2301/2994/2994 2248/2995/2995
f 2294/3008/3008 2248/2995/2995 2224/3007/3007
f 2224/3007/3007 2248/2995/2995 2192/2996/2996
f 2224/3007/3007 2192/2996/2996 2182/3006/3006
f 2182/3006/3006 2192/2996/2996 2059/2997/2997
f 2182/3006/3006 2059/2997/2997 2016/3005/3005
f 2016/3005/3005 2059/2997/2997 1899/2998/2998
f 2016/3005/3005 1899/2998/2998 1850/3004/3004
f 1850/3004/3004 1899/2998/2998 1778/2999/2999
f 1850/3004/3004 1778/2999/2999 1829/3002/3002
f 1829/3002/3002 1778/2999/2999 1810/3001/3001
f 1810/3001/3001 1778/2999/2999 1779/3000/3000
f 1829/3002/3002 1851/3003/3003 1850/3004/3004
f 1887/3035/3035 1773/3014/3014 1778/3017/3017
f 1778/3017/3017 1773/3014/3014 1440/3015/3015
f 1778/3017/3017 1440/3015/3015 1443/3016/3016
f 1778/3017/3017 1899/3018/3018 1887/3035/3035
f 1887/3035/3035 1899/3018/3018 2046/3034/3034
f 2046/3034/3034 1899/3018/3018 2059/3019/3019
f 2046/3034/3034 2059/3019/3019 2187/3033/3033
f 2187/3033/3033 2059/3019/3019 2192/3020/3020
f 2187/3033/3033 2192/3020/3020 2220/3032/3032
f 2220/3032/3032 2192/3020/3020 2248/3021/3021
f 2220/3032/3032 2248/3021/3021 2289/3031/3031
f 2289/3031/3031 2248/3021/3021 2301/3022/3022
f 2289/3031/3031 2301/3022/3022 2331/3030/3030
f 2331/3030/3030 2301/3022/3022 2442/3023/3023
f 2331/3030/3030 2442/3023/3023 2507/3029/3029
f 2507/3029/3029 2442/3023/3023 2552/3024/3024
f 2507/3029/3029 2552/3024/3024 2511/3028/3028
f 2511/3028/3028 2552/3024/3024 2616/3025/3025
f 2511/3028/3028 2616/3025/3025 2509/3027/3027
f 2509/3027/3027 2616/3025/3025 2612/3026/3026
f 1773/3037/3037 1773/3038/3038 1440/3036/3036
f 1440/3036/3036 1773/3038/3038 1408/3041/3041
f 1440/3036/3036 1408/3041/3041 1409/3042/3042
f 1773/3038/3038 1098/3039/3039 1408/3041/3041
f 1408/3041/3041 1098/3039/3039 1098/3040/3040
f 1409/3042/3042 1441/3043/3043 1440/3036/3036
f 1431/3044/3044 1432/3045/3045 1433/3057/3057
f 1433/3057/3057 1432/3045/3045 1434/3046/3046
f 1433/3057/3057 1434/3046/3046 1435/3056/3056
f 1435/3056/3056 1434/3046/3046 1436/3047/3047
f 1435/3056/3056 1436/3047/3047 1437/3055/3055
f 1437/3055/3055 1436/3047/3047 1439/3048/3048
f 1437/3055/3055 1439/3048/3048 1438/3054/3054
f 1438/3054/3054 1439/3048/3048 1442/3049/3049
f 1438/3054/3054 1442/3049/3049 1441/3053/3053
f 1441/3053/3053 1442/3049/3049 1444/3050/3050
f 1441/3053/3053 1444/3050/3050 1440/3052/3052
f 1440/3052/3052 1444/3050/3050 1443/3051/3051
f 1399/3098/3098 1400/3058/3058 1352/3125/3125
f 1352/3125/3125 1400/3058/3058 1345/3059/3059
f 1352/3125/3125 1345/3059/3059 1302/3124/3124
f 1302/3124/3124 1345/3059/3059 1298/3060/3060
f 1302/3124/3124 1298/3060/3060 1225/3123/3123
f 1225/3123/3123 1298/3060/3060 1226/3061/3061
f 1225/3123/3123 1226/3061/3061 1151/3122/3122
f 1151/3122/3122 1226/3061/3061 1152/3062/3062
f 1151/3122/3122 1152/3062/3062 1088/3121/3121
f 1088/3121/3121 1152/3062/3062 1065/3063/3063
f 1088/3121/3121 1065/3063/3063 996/3120/3120
f 996/3120/3120 1065/3063/3063 990/3064/3064
f 996/3120/3120 990/3064/3064 925/3119/3119
f 925/3119/3119 990/3064/3064 926/3065/3065
f 925/3119/3119 926/3065/3065 866/3118/3118
f 866/3118/3118 926/3065/3065 865/3135/3135
f 866/3118/3118 865/3136/3136 842/3117/3117
f 842/3137/3137 865/3066/3066 841/3067/3067
f 842/3138/3138 841/3067/3067 863/3116/3116
f 863/3116/3116 841/3067/3067 864/3068/3068
f 863/3116/3116 864/3068/3068 924/3115/3115
f 924/3115/3115 864/3068/3068 923/3069/3069
f 924/3115/3115 923/3069/3069 994/3114/3114
f 994/3114/3114 923/3069/3069 995/3070/3070
f 994/3114/3114 995/3070/3070 1086/3113/3113
f 1086/3113/3113 995/3070/3070 1087/3071/3071
f 1086/3113/3113 1087/3071/3071 1148/3112/3112
f 1148/3112/3112 1087/3071/3071 1149/3072/3072
f 1148/3112/3112 1149/3072/3072 1217/3111/3111
f 1217/3111/3111 1149/3072/3072 1218/3073/3073
f 1217/3111/3111 1218/3073/3073 1299/3110/3110
f 1299/3110/3110 1218/3073/3073 1300/3074/3074
f 1299/3110/3110 1300/3074/3074 1346/3109/3109
f 1346/3109/3109 1300/3074/3074 1347/3075/3075
f 1346/3109/3109 1347/3075/3075 1414/3108/3108
f 1414/3108/3108 1347/3075/3075 1415/3076/3076
f 1414/3108/3108 1415/3076/3076 1489/3077/3077
f 1414/3108/3108 1489/3077/3077 1488/3107/3107
f 1488/3107/3107 1489/3077/3077 1535/3078/3078
f 1488/3107/3107 1535/3078/3078 1534/3106/3106
f 1534/3106/3106 1535/3078/3078 1611/3079/3079
f 1534/3106/3106 1611/3079/3079 1610/3105/3105
f 1610/3105/3105 1611/3079/3079 1699/3080/3080
f 1610/3105/3105 1699/3080/3080 1698/3104/3104
f 1698/3104/3104 1699/3080/3080 1760/3081/3081
f 1698/3104/3104 1760/3081/3081 1759/3103/3103
f 1759/3103/3103 1760/3081/3081 1858/3082/3082
f 1759/3103/3103 1858/3082/3082 1857/3102/3102
f 1857/3102/3102 1858/3082/3082 1942/3083/3083
f 1857/3102/3102 1942/3083/3083 1943/3101/3101
f 1943/3101/3101 1942/3083/3083 2009/3084/3084
f 1943/3101/3101 2009/3084/3084 2008/3100/3100
f 2008/3100/3100 2009/3084/3084 2022/3085/3085
f 2008/3100/3100 2022/3085/3085 2044/3099/3099
f 2044/3099/3099 2022/3085/3085 2010/3086/3086
f 2044/3099/3099 2010/3086/3086 2011/3134/3134
f 2011/3134/3134 2010/3086/3086 1945/3087/3087
f 2011/3134/3134 1945/3087/3087 1944/3133/3133
f 1944/3133/3133 1945/3087/3087 1882/3088/3088
f 1944/3133/3133 1882/3088/3088 1859/3132/3132
f 1859/3132/3132 1882/3088/3088 1785/3089/3089
f 1859/3132/3132 1785/3089/3089 1761/3131/3131
f 1761/3131/3131 1785/3089/3089 1701/3090/3090
f 1761/3131/3131 1701/3090/3090 1700/3130/3130
f 1700/3130/3130 1701/3090/3090 1619/3091/3091
f 1700/3130/3130 1619/3091/3091 1618/3129/3129
f 1618/3129/3129 1619/3091/3091 1538/3092/3092
f 1618/3129/3129 1538/3092/3092 1537/3128/3128
f 1537/3128/3128 1538/3092/3092 1498/3093/3093
f 1537/3128/3128 1498/3093/3093 1494/3127/3127
f 1494/3127/3127 1498/3093/3093 1432/3094/3094
f 1494/3127/3127 1432/3094/3094 1431/3095/3095
f 1494/3127/3127 1431/3095/3095 1427/3126/3126
f 1427/3126/3126 1431/3095/3095 1426/3096/3096
f 1427/3126/3126 1426/3096/3096 1426/3097/3097
f 1426/3097/3097 1399/3098/3098 1427/3126/3126
f 1427/3126/3126 1399/3098/3098 1352/3125/3125
f 2008/3174/3174 2044/3139/3139 1734/3175/3175
f 1734/3175/3175 2044/3139/3139 2011/3140/3140
f 1734/3175/3175 2011/3140/3140 1731/3205/3205
f 1731/3205/3205 2011/3140/3140 1944/3141/3141
f 1731/3205/3205 1944/3141/3141 1717/3204/3204
f 1717/3204/3204 1944/3141/3141 1859/3142/3142
f 1717/3204/3204 1859/3142/3142 1677/3203/3203
f 1677/3203/3203 1859/3142/3142 1761/3143/3143
f 1677/3203/3203 1761/3143/3143 1636/3202/3202
f 1636/3202/3202 1761/3143/3143 1700/3144/3144
f 1636/3202/3202 1700/3144/3144 1559/3201/3201
f 1559/3201/3201 1700/3144/3144 1618/3145/3145
f 1559/3201/3201 1618/3145/3145 1520/3200/3200
f 1520/3200/3200 1618/3145/3145 1537/3146/3146
f 1520/3200/3200 1537/3146/3146 1494/3147/3147
f 1520/3200/3200 1494/3147/3147 1475/3199/3199
f 1475/3199/3199 1494/3147/3147 1427/3148/3148
f 1475/3199/3199 1427/3148/3148 1392/3198/3198
f 1392/3198/3198 1427/3148/3148 1352/3149/3149
f 1392/3198/3198 1352/3149/3149 1343/3197/3197
f 1343/3197/3197 1352/3149/3149 1302/3150/3150
f 1343/3197/3197 1302/3150/3150 1305/3196/3196
f 1305/3196/3196 1302/3150/3150 1225/3151/3151
f 1305/3196/3196 1225/3151/3151 1250/3195/3195
f 1250/3195/3195 1225/3151/3151 1151/3152/3152
f 1250/3195/3195 1151/3152/3152 1181/3194/3194
f 1181/3194/3194 1151/3152/3152 1088/3153/3153
f 1181/3194/3194 1088/3153/3153 996/3154/3154
f 1181/3194/3194 996/3154/3154 1144/3193/3193
f 1144/3193/3193 996/3154/3154 925/3155/3155
f 1144/3193/3193 925/3155/3155 1125/3192/3192
f 1125/3192/3192 925/3155/3155 866/3156/3156
f 1125/3192/3192 866/3156/3156 1113/3191/3191
f 1113/3191/3191 866/3156/3156 842/3157/3157
f 1113/3191/3191 842/3157/3157 1111/3190/3190
f 1111/3190/3190 842/3157/3157 863/3158/3158
f 1111/3190/3190 863/3158/3158 1123/3189/3189
f 1123/3189/3189 863/3158/3158 924/3159/3159
f 1123/3189/3189 924/3159/3159 1142/3188/3188
f 1142/3188/3188 924/3159/3159 994/3160/3160
f 1142/3188/3188 994/3160/3160 1178/3187/3187
f 1178/3187/3187 994/3160/3160 1086/3161/3161
f 1178/3187/3187 1086/3161/3161 1148/3162/3162
f 1178/3187/3187 1148/3162/3162 1245/3186/3186
f 1245/3186/3186 1148/3162/3162 1217/3163/3163
f 1245/3186/3186 1217/3163/3163 1303/3185/3185
f 1303/3185/3185 1217/3163/3163 1299/3164/3164
f 1303/3185/3185 1299/3164/3164 1339/3184/3184
f 1339/3184/3184 1299/3164/3164 1346/3165/3165
f 1339/3184/3184 1346/3165/3165 1390/3183/3183
f 1390/3183/3183 1346/3165/3165 1414/3166/3166
f 1390/3183/3183 1414/3166/3166 1468/3182/3182
f 1468/3182/3182 1414/3166/3166 1488/3167/3167
f 1468/3182/3182 1488/3167/3167 1515/3181/3181
f 1515/3181/3181 1488/3167/3167 1534/3168/3168
f 1515/3181/3181 1534/3168/3168 1610/3169/3169
f 1515/3181/3181 1610/3169/3169 1557/3180/3180
f 1557/3180/3180 1610/3169/3169 1698/3170/3170
f 1557/3180/3180 1698/3170/3170 1633/3179/3179
f 1633/3179/3179 1698/3170/3170 1759/3171/3171
f 1633/3179/3179 1759/3171/3171 1675/3178/3178
f 1675/3178/3178 1759/3171/3171 1857/3172/3172
f 1675/3178/3178 1857/3172/3172 1715/3177/3177
f 1715/3177/3177 1857/3172/3172 1943/3173/3173
f 1715/3177/3177 1943/3173/3173 1729/3176/3176
f 1729/3176/3176 1943/3173/3173 2008/3174/3174
f 1729/3176/3176 2008/3174/3174 1734/3175/3175
f 1730/3207/3207 1734/3237/3237 1735/3206/3206
f 1735/3206/3206 1734/3237/3237 1731/3238/3238
f 1735/3206/3206 1731/3238/3238 1732/3236/3236
f 1732/3236/3236 1731/3238/3238 1717/3239/3239
f 1732/3236/3236 1717/3239/3239 1718/3235/3235
f 1718/3235/3235 1717/3239/3239 1677/3240/3240
f 1718/3235/3235 1677/3240/3240 1678/3234/3234
f 1678/3234/3234 1677/3240/3240 1636/3241/3241
f 1678/3234/3234 1636/3241/3241 1637/3233/3233
f 1637/3233/3233 1636/3241/3241 1559/3242/3242
f 1637/3233/3233 1559/3242/3242 1560/3232/3232
f 1560/3232/3232 1559/3242/3242 1520/3243/3243
f 1560/3232/3232 1520/3243/3243 1521/3231/3231
f 1521/3231/3231 1520/3243/3243 1475/3244/3244
f 1521/3231/3231 1475/3244/3244 1476/3230/3230
f 1476/3230/3230 1475/3244/3244 1392/3245/3245
f 1476/3230/3230 1392/3245/3245 1393/3229/3229
f 1393/3229/3229 1392/3245/3245 1343/3246/3246
f 1393/3229/3229 1343/3246/3246 1344/3228/3228
f 1344/3228/3228 1343/3246/3246 1305/3247/3247
f 1344/3228/3228 1305/3247/3247 1306/3227/3227
f 1306/3227/3227 1305/3247/3247 1250/3248/3248
f 1306/3227/3227 1250/3248/3248 1251/3226/3226
f 1251/3226/3226 1250/3248/3248 1181/3249/3249
f 1251/3226/3226 1181/3249/3249 1182/3225/3225
f 1182/3225/3225 1181/3249/3249 1144/3250/3250
f 1182/3225/3225 1144/3250/3250 1145/3224/3224
f 1145/3224/3224 1144/3250/3250 1125/3251/3251
f 1145/3224/3224 1125/3251/3251 1126/3223/3223
f 1126/3223/3223 1125/3251/3251 1113/3268/3268
f 1126/3223/3223 1113/3269/3269 1114/3222/3222
f 1114/3270/3270 1113/3252/3252 1111/3253/3253
f 1114/3271/3271 1111/3253/3253 1112/3221/3221
f 1112/3221/3221 1111/3253/3253 1123/3254/3254
f 1112/3221/3221 1123/3254/3254 1124/3220/3220
f 1124/3220/3220 1123/3254/3254 1142/3255/3255
f 1124/3220/3220 1142/3255/3255 1143/3219/3219
f 1143/3219/3219 1142/3255/3255 1178/3256/3256
f 1143/3219/3219 1178/3256/3256 1179/3218/3218
f 1179/3218/3218 1178/3256/3256 1245/3257/3257
f 1179/3218/3218 1245/3257/3257 1246/3217/3217
f 1246/3217/3217 1245/3257/3257 1303/3258/3258
f 1246/3217/3217 1303/3258/3258 1304/3216/3216
f 1304/3216/3216 1303/3258/3258 1339/3259/3259
f 1304/3216/3216 1339/3259/3259 1340/3215/3215
f 1340/3215/3215 1339/3259/3259 1390/3260/3260
f 1340/3215/3215 1390/3260/3260 1391/3214/3214
f 1391/3214/3214 1390/3260/3260 1468/3261/3261
f 1391/3214/3214 1468/3261/3261 1469/3213/3213
f 1469/3213/3213 1468/3261/3261 1515/3262/3262
f 1469/3213/3213 1515/3262/3262 1516/3212/3212
f 1516/3212/3212 1515/3262/3262 1557/3263/3263
f 1516/3212/3212 1557/3263/3263 1558/3211/3211
f 1558/3211/3211 1557/3263/3263 1633/3264/3264
f 1558/3211/3211 1633/3264/3264 1634/3210/3210
f 1634/3210/3210 1633/3264/3264 1675/3265/3265
f 1634/3210/3210 1675/3265/3265 1676/3209/3209
f 1676/3209/3209 1675/3265/3265 1715/3266/3266
f 1676/3209/3209 1715/3266/3266 1716/3208/3208
f 1716/3208/3208 1715/3266/3266 1729/3267/3267
f 1716/3208/3208 1729/3267/3267 1730/3207/3207
f 1730/3207/3207 1729/3267/3267 1734/3237/3237
f 1730/3302/3302 1735/3272/3272 1615/3303/3303
f 1615/3303/3303 1735/3272/3272 1732/3273/3273
f 1615/3303/3303 1732/3273/3273 1609/3328/3328
f 1609/3328/3328 1732/3273/3273 1718/3274/3274
f 1609/3328/3328 1718/3274/3274 1587/3327/3327
f 1587/3327/3327 1718/3274/3274 1678/3275/3275
f 1587/3327/3327 1678/3275/3275 1548/3326/3326
f 1548/3326/3326 1678/3275/3275 1637/3276/3276
f 1548/3326/3326 1637/3276/3276 1527/3325/3325
f 1527/3325/3325 1637/3276/3276 1560/3277/3277
f 1527/3325/3325 1560/3277/3277 1493/3324/3324
f 1493/3324/3324 1560/3277/3277 1521/3278/3278
f 1493/3324/3324 1521/3278/3278 1476/3279/3279
f 1493/3324/3324 1476/3279/3279 1461/3323/3323
f 1461/3323/3323 1476/3279/3279 1393/3280/3280
f 1461/3323/3323 1393/3280/3280 1378/3322/3322
f 1378/3322/3322 1393/3280/3280 1344/3281/3281
f 1378/3322/3322 1344/3281/3281 1351/3321/3321
f 1351/3321/3321 1344/3281/3281 1306/3282/3282
f 1351/3321/3321 1306/3282/3282 1316/3320/3320
f 1316/3320/3320 1306/3282/3282 1251/3283/3283
f 1316/3320/3320 1251/3283/3283 1291/3319/3319
f 1291/3319/3319 1251/3283/3283 1182/3284/3284
f 1291/3319/3319 1182/3284/3284 1145/3285/3285
f 1291/3319/3319 1145/3285/3285 1267/3318/3318
f 1267/3318/3318 1145/3285/3285 1126/3286/3286
f 1267/3318/3318 1126/3286/3286 1230/3317/3317
f 1230/3317/3317 1126/3286/3286 1114/3287/3287
f 1230/3317/3317 1114/3287/3287 1222/3316/3316
f 1222/3316/3316 1114/3287/3287 1112/3288/3288
f 1222/3316/3316 1112/3288/3288 1228/3315/3315
f 1228/3315/3315 1112/3288/3288 1124/3289/3289
f 1228/3315/3315 1124/3289/3289 1265/3314/3314
f 1265/3314/3314 1124/3289/3289 1143/3290/3290
f 1265/3314/3314 1143/3290/3290 1289/3313/3313
f 1289/3313/3313 1143/3290/3290 1179/3291/3291
f 1289/3313/3313 1179/3291/3291 1246/3292/3292
f 1289/3313/3313 1246/3292/3292 1314/3312/3312
f 1314/3312/3312 1246/3292/3292 1304/3293/3293
f 1314/3312/3312 1304/3293/3293 1349/3311/3311
f 1349/3311/3311 1304/3293/3293 1340/3294/3294
f 1349/3311/3311 1340/3294/3294 1376/3310/3310
f 1376/3310/3310 1340/3294/3294 1391/3295/3295
f 1376/3310/3310 1391/3295/3295 1459/3309/3309
f 1459/3309/3309 1391/3295/3295 1469/3296/3296
f 1459/3309/3309 1469/3296/3296 1491/3308/3308
f 1491/3308/3308 1469/3296/3296 1516/3297/3297
f 1491/3308/3308 1516/3297/3297 1558/3298/3298
f 1491/3308/3308 1558/3298/3298 1525/3307/3307
f 1525/3307/3307 1558/3298/3298 1634/3299/3299
f 1525/3307/3307 1634/3299/3299 1546/3306/3306
f 1546/3306/3306 1634/3299/3299 1676/3300/3300
f 1546/3306/3306 1676/3300/3300 1585/3305/3305
f 1585/3305/3305 1676/3300/3300 1716/3301/3301
f 1585/3305/3305 1716/3301/3301 1607/3304/3304
f 1607/3304/3304 1716/3301/3301 1730/3302/3302
f 1607/3304/3304 1730/3302/3302 1615/3303/3303
f 1609/3330/3330 1608/3380/3380 1615/3329/3329
f 1615/3329/3329 1608/3380/3380 1614/3355/3355
f 1615/3329/3329 1614/3355/3355 1607/3354/3354
f 1607/3354/3354 1614/3355/3355 1606/3356/3356
f 1607/3354/3354 1606/3356/3356 1585/3353/3353
f 1585/3353/3353 1606/3356/3356 1584/3357/3357
f 1585/3353/3353 1584/3357/3357 1546/3352/3352
f 1546/3352/3352 1584/3357/3357 1545/3358/3358
f 1546/3352/3352 1545/3358/3358 1525/3351/3351
f 1525/3351/3351 1545/3358/3358 1524/3359/3359
f 1525/3351/3351 1524/3359/3359 1491/3350/3350
f 1491/3350/3350 1524/3359/3359 1490/3360/3360
f 1491/3350/3350 1490/3360/3360 1459/3349/3349
f 1459/3349/3349 1490/3360/3360 1458/3361/3361
f 1459/3349/3349 1458/3361/3361 1376/3348/3348
f 1376/3348/3348 1458/3361/3361 1375/3362/3362
f 1376/3348/3348 1375/3362/3362 1349/3347/3347
f 1349/3347/3347 1375/3362/3362 1348/3363/3363
f 1349/3347/3347 1348/3363/3363 1314/3346/3346
f 1314/3346/3346 1348/3363/3363 1313/3364/3364
f 1314/3346/3346 1313/3364/3364 1289/3345/3345
f 1289/3345/3345 1313/3364/3364 1288/3365/3365
f 1289/3345/3345 1288/3365/3365 1265/3344/3344
f 1265/3344/3344 1288/3365/3365 1264/3366/3366
f 1265/3344/3344 1264/3366/3366 1228/3343/3343
f 1228/3343/3343 1264/3366/3366 1227/3367/3367
f 1228/3343/3343 1227/3367/3367 1222/3342/3342
f 1222/3342/3342 1227/3367/3367 1221/3381/3381
f 1222/3382/3382 1221/3368/3368 1230/3341/3341
f 1230/3341/3341 1221/3368/3368 1229/3369/3369
f 1230/3341/3341 1229/3369/3369 1267/3340/3340
f 1267/3340/3340 1229/3369/3369 1266/3370/3370
f 1267/3340/3340 1266/3370/3370 1291/3339/3339
f 1291/3339/3339 1266/3370/3370 1290/3371/3371
f 1291/3339/3339 1290/3371/3371 1316/3338/3338
f 1316/3338/3338 1290/3371/3371 1315/3372/3372
f 1316/3338/3338 1315/3372/3372 1351/3337/3337
f 1351/3337/3337 1315/3372/3372 1350/3373/3373
f 1351/3337/3337 1350/3373/3373 1378/3336/3336
f 1378/3336/3336 1350/3373/3373 1377/3374/3374
f 1378/3336/3336 1377/3374/3374 1461/3335/3335
f 1461/3335/3335 1377/3374/3374 1460/3375/3375
f 1461/3335/3335 1460/3375/3375 1493/3334/3334
f 1493/3334/3334 1460/3375/3375 1492/3376/3376
f 1493/3334/3334 1492/3376/3376 1527/3333/3333
f 1527/3333/3333 1492/3376/3376 1526/3377/3377
f 1527/3333/3333 1526/3377/3377 1548/3332/3332
f 1548/3332/3332 1526/3377/3377 1547/3378/3378
f 1548/3332/3332 1547/3378/3378 1587/3331/3331
f 1587/3331/3331 1547/3378/3378 1586/3379/3379
f 1587/3331/3331 1586/3379/3379 1609/3330/3330
f 1609/3330/3330 1586/3379/3379 1608/3380/3380
f 1608/3384/3384 1229/3395/3395 1614/3383/3383
f 1614/3383/3383 1229/3395/3395 1221/3396/3396
f 1614/3383/3383 1221/3396/3396 1606/3408/3408
f 1606/3408/3408 1221/3396/3396 1227/3397/3397
f 1606/3408/3408 1227/3397/3397 1584/3407/3407
f 1584/3407/3407 1227/3397/3397 1264/3398/3398
f 1584/3407/3407 1264/3398/3398 1545/3406/3406
f 1545/3406/3406 1264/3398/3398 1288/3399/3399
f 1545/3406/3406 1288/3399/3399 1524/3405/3405
f 1524/3405/3405 1288/3399/3399 1313/3400/3400
f 1524/3405/3405 1313/3400/3400 1490/3404/3404
f 1490/3404/3404 1313/3400/3400 1348/3401/3401
f 1490/3404/3404 1348/3401/3401 1458/3403/3403
f 1458/3403/3403 1348/3401/3401 1375/3402/3402
f 1229/3395/3395 1608/3384/3384 1266/3394/3394
f 1266/3394/3394 1608/3384/3384 1586/3385/3385
f 1266/3394/3394 1586/3385/3385 1290/3393/3393
f 1290/3393/3393 1586/3385/3385 1547/3386/3386
f 1290/3393/3393 1547/3386/3386 1315/3392/3392
f 1315/3392/3392 1547/3386/3386 1526/3387/3387
f 1315/3392/3392 1526/3387/3387 1350/3391/3391
f 1350/3391/3391 1526/3387/3387 1492/3388/3388
f 1350/3391/3391 1492/3388/3388 1377/3390/3390
f 1377/3390/3390 1492/3388/3388 1460/3389/3389
f 1400/3409/3409 1399/3410/3410 1402/3422/3422
f 1402/3422/3422 1399/3410/3410 1401/3411/3411
f 1402/3422/3422 1401/3411/3411 1403/3412/3412
f 1402/3422/3422 1403/3412/3412 1404/3421/3421
f 1404/3421/3421 1403/3412/3412 1405/3413/3413
f 1404/3421/3421 1405/3413/3413 1407/3420/3420
f 1407/3420/3420 1405/3413/3413 1406/3414/3414
f 1407/3420/3420 1406/3414/3414 1410/3419/3419
f 1410/3419/3419 1406/3414/3414 1409/3415/3415
f 1410/3419/3419 1409/3415/3415 1412/3418/3418
f 1412/3418/3418 1409/3415/3415 1408/3416/3416
f 1412/3418/3418 1408/3416/3416 1411/3417/3417
f 1402/3423/3423 1404/3424/3424 1092/3432/3432
f 1092/3432/3432 1404/3424/3424 1094/3431/3431
f 1094/3431/3431 1404/3424/3424 1096/3430/3430
f 1096/3430/3430 1404/3424/3424 1407/3425/3425
f 1096/3430/3430 1407/3425/3425 1100/3429/3429
f 1100/3429/3429 1407/3425/3425 1410/3426/3426
f 1100/3429/3429 1410/3426/3426 1104/3428/3428
f 1104/3428/3428 1410/3426/3426 1412/3427/3427
f 1104/3433/3433 1053/3434/3434 1100/3446/3446
f 1100/3446/3446 1053/3434/3434 1031/3435/3435
f 1100/3446/3446 1031/3435/3435 1015/3437/3437
f 1015/3437/3437 1031/3435/3435 1017/3436/3436
f 1100/3446/3446 1015/3437/3437 1096/3445/3445
f 1096/3445/3445 1015/3437/3437 1014/3438/3438
f 1096/3445/3445 1014/3438/3438 1094/3444/3444
f 1094/3444/3444 1014/3438/3438 1013/3439/3439
f 1094/3444/3444 1013/3439/3439 1052/3442/3442
f 1052/3442/3442 1013/3439/3439 1030/3441/3441
f 1030/3441/3441 1013/3439/3439 1012/3440/3440
f 1052/3442/3442 1092/3443/3443 1094/3444/3444
f 966/3448/3448 1031/3467/3467 1103/3447/3447
f 1103/3447/3447 1031/3467/3467 1053/3468/3468
f 1103/3447/3447 1053/3468/3468 1104/3469/3469
f 815/3449/3449 871/3464/3464 966/3448/3448
f 966/3448/3448 871/3464/3464 1016/3465/3465
f 966/3448/3448 1016/3465/3465 1031/3467/3467
f 1031/3467/3467 1016/3465/3465 1017/3466/3466
f 871/3464/3464 815/3449/3449 691/3463/3463
f 691/3463/3463 815/3449/3449 684/3450/3450
f 691/3463/3463 684/3450/3450 648/3462/3462
f 648/3462/3462 684/3450/3450 646/3451/3451
f 648/3462/3462 646/3451/3451 597/3461/3461
f 597/3461/3461 646/3451/3451 592/3452/3452
f 597/3461/3461 592/3452/3452 529/3460/3460
f 529/3460/3460 592/3452/3452 528/3453/3453
f 529/3460/3460 528/3453/3453 422/3459/3459
f 422/3459/3459 528/3453/3453 421/3454/3454
f 422/3459/3459 421/3454/3454 418/3458/3458
f 418/3458/3458 421/3454/3454 397/3457/3457
f 397/3457/3457 421/3454/3454 395/3455/3455
f 397/3457/3457 395/3455/3455 396/3456/3456
f 1411/3491/3491 1408/3470/3470 1103/3490/3490
f 1103/3490/3490 1408/3470/3470 1098/3471/3471
f 1103/3490/3490 1098/3471/3471 973/3472/3472
f 1103/3490/3490 973/3472/3472 966/3489/3489
f 966/3489/3489 973/3472/3472 835/3473/3473
f 966/3489/3489 835/3473/3473 815/3488/3488
f 815/3488/3488 835/3473/3473 689/3474/3474
f 815/3488/3488 689/3474/3474 684/3487/3487
f 684/3487/3487 689/3474/3474 653/3475/3475
f 684/3487/3487 653/3475/3475 646/3486/3486
f 646/3486/3486 653/3475/3475 604/3476/3476
f 646/3486/3486 604/3476/3476 592/3485/3485
f 592/3485/3485 604/3476/3476 558/3477/3477
f 592/3485/3485 558/3477/3477 528/3484/3484
f 528/3484/3484 558/3477/3477 491/3478/3478
f 528/3484/3484 491/3478/3478 421/3483/3483
f 421/3483/3483 491/3478/3478 438/3479/3479
f 421/3483/3483 438/3479/3479 395/3482/3482
f 395/3482/3482 438/3479/3479 391/3481/3481
f 391/3481/3481 438/3479/3479 436/3480/3480
f 1411/3492/3492 1103/3493/3493 1412/3495/3495
f 1412/3495/3495 1103/3493/3493 1104/3494/3494
f 395/3496/3496 391/3497/3497 396/3499/3499
f 396/3499/3499 391/3497/3497 392/3498/3498
f 396/3500/3500 392/3501/3501 417/3509/3509
f 417/3509/3509 392/3501/3501 415/3502/3502
f 417/3509/3509 415/3502/3502 489/3508/3508
f 489/3508/3508 415/3502/3502 486/3503/3503
f 489/3508/3508 486/3503/3503 584/3507/3507
f 584/3507/3507 486/3503/3503 582/3504/3504
f 584/3507/3507 582/3504/3504 619/3506/3506
f 619/3506/3506 582/3504/3504 617/3505/3505
f 619/3510/3510 620/3511/3511 584/3523/3523
f 584/3523/3523 620/3511/3511 588/3524/3524
f 584/3523/3523 588/3524/3524 524/3525/3525
f 524/3525/3525 588/3524/3524 554/3515/3515
f 524/3525/3525 554/3515/3515 439/3516/3516
f 620/3511/3511 622/3512/3512 588/3524/3524
f 588/3524/3524 622/3512/3512 595/3514/3514
f 588/3524/3524 595/3514/3514 554/3515/3515
f 622/3512/3512 638/3513/3513 595/3514/3514
f 524/3525/3525 439/3516/3516 433/3526/3526
f 433/3526/3526 439/3516/3516 422/3517/3517
f 433/3526/3526 422/3517/3517 418/3518/3518
f 418/3518/3518 397/3519/3519 433/3526/3526
f 433/3526/3526 397/3519/3519 417/3521/3521
f 433/3526/3526 417/3521/3521 489/3522/3522
f 397/3519/3519 396/3520/3520 417/3521/3521
f 433/3526/3526 489/3522/3522 524/3525/3525
f 524/3525/3525 489/3522/3522 584/3523/3523
f 422/3527/3527 439/3528/3528 793/3535/3535
f 793/3535/3535 439/3528/3528 554/3529/3529
f 793/3535/3535 554/3529/3529 638/3531/3531
f 638/3531/3531 554/3529/3529 595/3530/3530
f 638/3531/3531 722/3532/3532 793/3535/3535
f 793/3535/3535 722/3532/3532 794/3534/3534
f 794/3534/3534 722/3532/3532 723/3533/3533
f 871/3537/3537 870/3556/3556 1016/3536/3536
f 1016/3536/3536 870/3556/3556 941/3557/3557
f 1016/3536/3536 941/3557/3557 1010/3547/3547
f 1010/3547/3547 941/3557/3557 955/3558/3558
f 1010/3547/3547 955/3558/3558 954/3559/3559
f 870/3556/3556 871/3537/3537 797/3555/3555
f 797/3555/3555 871/3537/3537 691/3538/3538
f 797/3555/3555 691/3538/3538 726/3554/3554
f 726/3554/3554 691/3538/3538 648/3539/3539
f 726/3554/3554 648/3539/3539 674/3553/3553
f 674/3553/3553 648/3539/3539 597/3540/3540
f 674/3553/3553 597/3540/3540 661/3552/3552
f 661/3552/3552 597/3540/3540 660/3551/3551
f 660/3551/3551 597/3540/3540 529/3541/3541
f 660/3551/3551 529/3541/3541 668/3550/3550
f 668/3550/3550 529/3541/3541 422/3542/3542
f 668/3550/3550 422/3542/3542 724/3549/3549
f 724/3549/3549 422/3542/3542 793/3543/3543
f 724/3549/3549 793/3543/3543 795/3548/3548
f 795/3548/3548 793/3543/3543 896/3544/3544
f 795/3548/3548 896/3544/3544 867/3561/3561
f 867/3561/3561 896/3544/3544 952/3545/3545
f 867/3561/3561 952/3545/3545 937/3560/3560
f 937/3560/3560 952/3545/3545 997/3546/3546
f 937/3560/3560 997/3546/3546 954/3559/3559
f 954/3559/3559 997/3546/3546 1010/3547/3547
f 1011/3569/3569 1012/3562/3562 1010/3568/3568
f 1010/3568/3568 1012/3562/3562 1013/3563/3563
f 1010/3568/3568 1013/3563/3563 1014/3564/3564
f 1014/3564/3564 1015/3565/3565 1010/3568/3568
f 1010/3568/3568 1015/3565/3565 1017/3566/3566
f 1010/3568/3568 1017/3566/3566 1016/3567/3567
f 793/3579/3579 794/3570/3570 896/3578/3578
f 896/3578/3578 794/3570/3570 897/3571/3571
f 896/3578/3578 897/3571/3571 952/3577/3577
f 952/3577/3577 897/3571/3571 953/3572/3572
f 952/3577/3577 953/3572/3572 997/3576/3576
f 997/3576/3576 953/3572/3572 998/3573/3573
f 997/3576/3576 998/3573/3573 1010/3575/3575
f 1010/3575/3575 998/3573/3573 1011/3574/3574
f 724/3593/3593 795/3580/3580 796/3594/3594
f 796/3594/3594 795/3580/3580 867/3581/3581
f 796/3594/3594 867/3581/3581 868/3606/3606
f 868/3606/3606 867/3581/3581 937/3582/3582
f 868/3606/3606 937/3582/3582 927/3605/3605
f 927/3605/3605 937/3582/3582 954/3583/3583
f 927/3605/3605 954/3583/3583 938/3604/3604
f 938/3604/3604 954/3583/3583 955/3584/3584
f 938/3604/3604 955/3584/3584 940/3603/3603
f 940/3603/3603 955/3584/3584 941/3585/3585
f 940/3603/3603 941/3585/3585 898/3602/3602
f 898/3602/3602 941/3585/3585 870/3586/3586
f 898/3602/3602 870/3586/3586 811/3601/3601
f 811/3601/3601 870/3586/3586 797/3607/3607
f 811/3601/3601 797/3608/3608 757/3600/3600
f 757/3609/3609 797/3587/3587 726/3588/3588
f 757/3610/3610 726/3588/3588 687/3599/3599
f 687/3599/3599 726/3588/3588 674/3589/3589
f 687/3599/3599 674/3589/3589 673/3598/3598
f 673/3598/3598 674/3589/3589 661/3590/3590
f 673/3598/3598 661/3590/3590 671/3597/3597
f 671/3597/3597 661/3590/3590 660/3591/3591
f 671/3597/3597 660/3591/3591 677/3596/3596
f 677/3596/3596 660/3591/3591 668/3592/3592
f 677/3596/3596 668/3592/3592 725/3595/3595
f 725/3595/3595 668/3592/3592 724/3593/3593
f 725/3595/3595 724/3593/3593 796/3594/3594
f 868/3612/3612 801/3627/3627 796/3611/3611
f 796/3611/3611 801/3627/3627 745/3628/3628
f 796/3611/3611 745/3628/3628 725/3623/3623
f 725/3623/3623 745/3628/3628 679/3629/3629
f 725/3623/3623 679/3629/3629 677/3622/3622
f 677/3622/3622 679/3629/3629 670/3637/3637
f 677/3622/3622 670/3638/3638 671/3621/3621
f 671/3639/3639 670/3630/3630 672/3631/3631
f 671/3640/3640 672/3631/3631 673/3620/3620
f 673/3620/3620 672/3631/3631 680/3632/3632
f 673/3620/3620 680/3632/3632 687/3619/3619
f 687/3619/3619 680/3632/3632 746/3633/3633
f 687/3619/3619 746/3633/3633 757/3618/3618
f 757/3618/3618 746/3633/3633 802/3634/3634
f 757/3618/3618 802/3634/3634 811/3617/3617
f 811/3617/3617 802/3634/3634 881/3635/3635
f 811/3617/3617 881/3635/3635 898/3616/3616
f 898/3616/3616 881/3635/3635 929/3636/3636
f 898/3616/3616 929/3636/3636 940/3615/3615
f 940/3615/3615 929/3636/3636 939/3624/3624
f 940/3615/3615 939/3624/3624 938/3614/3614
f 938/3614/3614 939/3624/3624 928/3625/3625
f 938/3614/3614 928/3625/3625 927/3613/3613
f 927/3613/3613 928/3625/3625 880/3626/3626
f 927/3613/3613 880/3626/3626 868/3612/3612
f 868/3612/3612 880/3626/3626 801/3627/3627
f 939/3641/3641 929/3642/3642 928/3653/3653
f 928/3653/3653 929/3642/3642 880/3652/3652
f 880/3652/3652 929/3642/3642 881/3643/3643
f 880/3652/3652 881/3643/3643 801/3651/3651
f 801/3651/3651 881/3643/3643 802/3644/3644
f 801/3651/3651 802/3644/3644 745/3650/3650
f 745/3650/3650 802/3644/3644 746/3645/3645
f 745/3650/3650 746/3645/3645 679/3649/3649
f 679/3649/3649 746/3645/3645 680/3646/3646
f 679/3649/3649 680/3646/3646 670/3648/3648
f 670/3648/3648 680/3646/3646 672/3647/3647
f 438/3654/3654 438/3655/3655 436/3657/3657
f 436/3657/3657 438/3655/3655 436/3656/3656
f 1098/3658/3658 1098/3659/3659 973/3675/3675
f 973/3675/3675 1098/3659/3659 973/3660/3660
f 973/3675/3675 973/3660/3660 835/3661/3661
f 973/3675/3675 835/3661/3661 835/3674/3674
f 835/3674/3674 835/3661/3661 689/3662/3662
f 835/3674/3674 689/3662/3662 689/3673/3673
f 689/3673/3673 689/3662/3662 653/3663/3663
f 689/3673/3673 653/3663/3663 653/3672/3672
f 653/3672/3672 653/3663/3663 604/3664/3664
f 653/3672/3672 604/3664/3664 604/3671/3671
f 604/3671/3671 604/3664/3664 558/3665/3665
f 604/3671/3671 558/3665/3665 558/3670/3670
f 558/3670/3670 558/3665/3665 491/3666/3666
f 558/3670/3670 491/3666/3666 491/3669/3669
f 491/3669/3669 491/3666/3666 438/3668/3668
f 438/3668/3668 491/3666/3666 438/3667/3667
f 1401/3676/3676 1433/3677/3677 1403/3685/3685
f 1403/3685/3685 1433/3677/3677 1435/3678/3678
f 1403/3685/3685 1435/3678/3678 1405/3684/3684
f 1405/3684/3684 1435/3678/3678 1437/3679/3679
f 1405/3684/3684 1437/3679/3679 1406/3683/3683
f 1406/3683/3683 1437/3679/3679 1438/3680/3680
f 1406/3683/3683 1438/3680/3680 1409/3682/3682
f 1409/3682/3682 1438/3680/3680 1441/3681/3681
f 1399/3686/3686 1426/3687/3687 1401/3691/3691
f 1401/3691/3691 1426/3687/3687 1426/3688/3688
f 1401/3691/3691 1426/3688/3688 1433/3690/3690
f 1433/3690/3690 1426/3688/3688 1431/3689/3689
f 1778/3692/3692 1443/3693/3693 1779/3695/3695
f 1779/3695/3695 1443/3693/3693 1444/3694/3694
f 1779/3705/3705 1444/3696/3696 1775/3704/3704
f 1775/3704/3704 1444/3696/3696 1442/3697/3697
f 1775/3704/3704 1442/3697/3697 1771/3703/3703
f 1771/3703/3703 1442/3697/3697 1439/3698/3698
f 1771/3703/3703 1439/3698/3698 1769/3702/3702
f 1769/3702/3702 1439/3698/3698 1436/3699/3699
f 1769/3702/3702 1436/3699/3699 1767/3701/3701
f 1767/3701/3701 1436/3699/3699 1434/3700/3700
f 1767/3706/3706 1809/3707/3707 1769/3719/3719
f 1769/3719/3719 1809/3707/3707 1847/3710/3710
f 1769/3719/3719 1847/3710/3710 1848/3711/3711
f 1809/3707/3707 1828/3708/3708 1847/3710/3710
f 1847/3710/3710 1828/3708/3708 1846/3709/3709
f 1769/3719/3719 1848/3711/3711 1771/3718/3718
f 1771/3718/3718 1848/3711/3711 1849/3712/3712
f 1771/3718/3718 1849/3712/3712 1775/3717/3717
f 1775/3717/3717 1849/3712/3712 1829/3714/3714
f 1775/3717/3717 1829/3714/3714 1810/3715/3715
f 1849/3712/3712 1851/3713/3713 1829/3714/3714
f 1810/3715/3715 1779/3716/3716 1775/3717/3717
f 1850/3727/3727 1851/3720/3720 1844/3726/3726
f 1844/3726/3726 1851/3720/3720 1849/3721/3721
f 1844/3726/3726 1849/3721/3721 1848/3722/3722
f 1848/3722/3722 1847/3723/3723 1844/3726/3726
f 1844/3726/3726 1847/3723/3723 1846/3724/3724
f 1844/3726/3726 1846/3724/3724 1845/3725/3725
f 2443/3729/3729 2201/3752/3752 2553/3728/3728
f 2553/3728/3728 2201/3752/3752 2165/3753/3753
f 2553/3728/3728 2165/3753/3753 2081/3739/3739
f 2081/3739/3739 2165/3753/3753 2083/3740/3740
f 2081/3739/3739 2083/3740/3740 1974/3738/3738
f 1974/3738/3738 2083/3740/3740 2012/3741/3741
f 1974/3738/3738 2012/3741/3741 1911/3737/3737
f 1911/3737/3737 2012/3741/3741 1927/3742/3742
f 1911/3737/3737 1927/3742/3742 1860/3736/3736
f 1860/3736/3736 1927/3742/3742 1913/3743/3743
f 1860/3736/3736 1913/3743/3743 1844/3735/3735
f 1844/3735/3735 1913/3743/3743 1914/3744/3744
f 1844/3735/3735 1914/3744/3744 1932/3745/3745
f 2201/3752/3752 2443/3729/3729 2211/3751/3751
f 2211/3751/3751 2443/3729/3729 2294/3730/3730
f 2211/3751/3751 2294/3730/3730 2212/3750/3750
f 2212/3750/3750 2294/3730/3730 2206/3749/3749
f 2206/3749/3749 2294/3730/3730 2224/3731/3731
f 2206/3749/3749 2224/3731/3731 2167/3748/3748
f 2167/3748/3748 2224/3731/3731 2182/3732/3732
f 2167/3748/3748 2182/3732/3732 2085/3747/3747
f 2085/3747/3747 2182/3732/3732 2016/3733/3733
f 2085/3747/3747 2016/3733/3733 2015/3746/3746
f 2015/3746/3746 2016/3733/3733 1850/3734/3734
f 2015/3746/3746 1850/3734/3734 1932/3745/3745
f 1932/3745/3745 1850/3734/3734 1844/3735/3735
f 1844/3763/3763 1845/3754/3754 1860/3762/3762
f 1860/3762/3762 1845/3754/3754 1861/3755/3755
f 1860/3762/3762 1861/3755/3755 1911/3761/3761
f 1911/3761/3761 1861/3755/3755 1912/3756/3756
f 1911/3761/3761 1912/3756/3756 1974/3760/3760
f 1974/3760/3760 1912/3756/3756 1975/3757/3757
f 1974/3760/3760 1975/3757/3757 2081/3759/3759
f 2081/3759/3759 1975/3757/3757 2082/3758/3758
f 2012/3777/3777 2083/3764/3764 2084/3778/3778
f 2084/3778/3778 2083/3764/3764 2165/3765/3765
f 2084/3778/3778 2165/3765/3765 2166/3790/3790
f 2166/3790/3790 2165/3765/3765 2201/3766/3766
f 2166/3790/3790 2201/3766/3766 2193/3789/3789
f 2193/3789/3789 2201/3766/3766 2211/3767/3767
f 2193/3789/3789 2211/3767/3767 2203/3788/3788
f 2203/3788/3788 2211/3767/3767 2212/3768/3768
f 2203/3788/3788 2212/3768/3768 2205/3787/3787
f 2205/3787/3787 2212/3768/3768 2206/3769/3769
f 2205/3787/3787 2206/3769/3769 2185/3786/3786
f 2185/3786/3786 2206/3769/3769 2167/3770/3770
f 2185/3786/3786 2167/3770/3770 2109/3785/3785
f 2109/3785/3785 2167/3770/3770 2085/3791/3791
f 2109/3785/3785 2085/3792/3792 2055/3784/3784
f 2055/3793/3793 2085/3771/3771 2015/3772/3772
f 2055/3794/3794 2015/3772/3772 1976/3783/3783
f 1976/3783/3783 2015/3772/3772 1932/3773/3773
f 1976/3783/3783 1932/3773/3773 1931/3782/3782
f 1931/3782/3782 1932/3773/3773 1914/3774/3774
f 1931/3782/3782 1914/3774/3774 1929/3781/3781
f 1929/3781/3781 1914/3774/3774 1913/3775/3775
f 1929/3781/3781 1913/3775/3775 1946/3780/3780
f 1946/3780/3780 1913/3775/3775 1927/3776/3776
f 1946/3780/3780 1927/3776/3776 2013/3779/3779
f 2013/3779/3779 1927/3776/3776 2012/3777/3777
f 2013/3779/3779 2012/3777/3777 2084/3778/3778
f 2166/3796/3796 2105/3811/3811 2084/3795/3795
f 2084/3795/3795 2105/3811/3811 2023/3812/3812
f 2084/3795/3795 2023/3812/3812 2013/3807/3807
f 2013/3807/3807 2023/3812/3812 1962/3813/3813
f 2013/3807/3807 1962/3813/3813 1946/3806/3806
f 1946/3806/3806 1962/3813/3813 1928/3821/3821
f 1946/3806/3806 1928/3822/3822 1929/3805/3805
f 1929/3823/3823 1928/3814/3814 1930/3815/3815
f 1929/3824/3824 1930/3815/3815 1931/3804/3804
f 1931/3804/3804 1930/3815/3815 1963/3816/3816
f 1931/3804/3804 1963/3816/3816 1976/3803/3803
f 1976/3803/3803 1963/3816/3816 2024/3817/3817
f 1976/3803/3803 2024/3817/3817 2055/3802/3802
f 2055/3802/3802 2024/3817/3817 2106/3818/3818
f 2055/3802/3802 2106/3818/3818 2109/3801/3801
f 2109/3801/3801 2106/3818/3818 2180/3819/3819
f 2109/3801/3801 2180/3819/3819 2185/3800/3800
f 2185/3800/3800 2180/3819/3819 2195/3820/3820
f 2185/3800/3800 2195/3820/3820 2205/3799/3799
f 2205/3799/3799 2195/3820/3820 2204/3808/3808
f 2205/3799/3799 2204/3808/3808 2203/3798/3798
f 2203/3798/3798 2204/3808/3808 2194/3809/3809
f 2203/3798/3798 2194/3809/3809 2193/3797/3797
f 2193/3797/3797 2194/3809/3809 2179/3810/3810
f 2193/3797/3797 2179/3810/3810 2166/3796/3796
f 2166/3796/3796 2179/3810/3810 2105/3811/3811
f 2204/3825/3825 2195/3826/3826 2194/3837/3837
f 2194/3837/3837 2195/3826/3826 2179/3836/3836
f 2179/3836/3836 2195/3826/3826 2180/3827/3827
f 2179/3836/3836 2180/3827/3827 2105/3835/3835
f 2105/3835/3835 2180/3827/3827 2106/3828/3828
f 2105/3835/3835 2106/3828/3828 2023/3834/3834
f 2023/3834/3834 2106/3828/3828 2024/3829/3829
f 2023/3834/3834 2024/3829/3829 1962/3833/3833
f 1962/3833/3833 2024/3829/3829 1963/3830/3830
f 1962/3833/3833 1963/3830/3830 1928/3832/3832
f 1928/3832/3832 1963/3830/3830 1930/3831/3831
f 2511/3838/3838 2511/3839/3839 2507/3855/3855
f 2507/3855/3855 2511/3839/3839 2507/3840/3840
f 2507/3855/3855 2507/3840/3840 2331/3841/3841
f 2507/3855/3855 2331/3841/3841 2331/3854/3854
f 2331/3854/3854 2331/3841/3841 2289/3842/3842
f 2331/3854/3854 2289/3842/3842 2289/3853/3853
f 2289/3853/3853 2289/3842/3842 2220/3843/3843
f 2289/3853/3853 2220/3843/3843 2220/3852/3852
f 2220/3852/3852 2220/3843/3843 2187/3844/3844
f 2220/3852/3852 2187/3844/3844 2187/3851/3851
f 2187/3851/3851 2187/3844/3844 2046/3845/3845
f 2187/3851/3851 2046/3845/3845 2046/3850/3850
f 2046/3850/3850 2046/3845/3845 1887/3846/3846
f 2046/3850/3850 1887/3846/3846 1887/3849/3849
f 1887/3849/3849 1887/3846/3846 1773/3848/3848
f 1773/3848/3848 1887/3846/3846 1773/3847/3847
f 2509/3856/3856 2509/3857/3857 2511/3859/3859
f 2511/3859/3859 2509/3857/3857 2511/3858/3858
f 2613/3861/3861 2814/3867/3867 2612/3860/3860
f 2612/3860/3860 2814/3867/3867 2813/3868/3868
f 2612/3860/3860 2813/3868/3868 2612/3869/3869
f 2613/3861/3861 2546/3862/3862 2814/3867/3867
f 2814/3867/3867 2546/3862/3862 2503/3866/3866
f 2503/3866/3866 2546/3862/3862 2502/3863/3863
f 2503/3866/3866 2502/3863/3863 2305/3864/3864
f 2305/3864/3864 2278/3865/3865 2503/3866/3866
f 2612/3870/3870 2509/3871/3871 2612/3869/3869
f 2612/3869/3869 2509/3871/3871 2509/3872/3872
f 2612/3869/3869 2509/3872/3872 2612/3860/3860
f 2612/3873/3873 2616/3874/3874 2613/3876/3876
f 2613/3876/3876 2616/3874/3874 2617/3875/3875
f 2280/3877/3877 2278/3878/3878 2307/3886/3886
f 2307/3886/3886 2278/3878/3878 2305/3879/3879
f 2307/3886/3886 2305/3879/3879 2505/3885/3885
f 2505/3885/3885 2305/3879/3879 2502/3880/3880
f 2505/3885/3885 2502/3880/3880 2548/3884/3884
f 2548/3884/3884 2502/3880/3880 2546/3881/3881
f 2548/3884/3884 2546/3881/3881 2617/3883/3883
f 2617/3883/3883 2546/3881/3881 2613/3882/3882
f 2594/3888/3888 2596/3901/3901 2601/3887/3887
f 2601/3887/3887 2596/3901/3901 2597/3902/3902
f 2601/3887/3887 2597/3902/3902 2607/3910/3910
f 2607/3910/3910 2597/3902/3902 2609/3903/3903
f 2607/3910/3910 2609/3903/3903 2612/3908/3908
f 2612/3908/3908 2609/3903/3903 2611/3905/3905
f 2612/3908/3908 2611/3905/3905 2615/3906/3906
f 2596/3901/3901 2594/3888/3888 2584/3900/3900
f 2584/3900/3900 2594/3888/3888 2588/3889/3889
f 2584/3900/3900 2588/3889/3889 2583/3899/3899
f 2583/3899/3899 2588/3889/3889 2581/3890/3890
f 2583/3899/3899 2581/3890/3890 2571/3898/3898
f 2571/3898/3898 2581/3890/3890 2575/3891/3891
f 2571/3898/3898 2575/3891/3891 2570/3897/3897
f 2570/3897/3897 2575/3891/3891 2568/3892/3892
f 2570/3897/3897 2568/3892/3892 2558/3896/3896
f 2558/3896/3896 2568/3892/3892 2562/3893/3893
f 2558/3896/3896 2562/3893/3893 2557/3894/3894
f 2557/3894/3894 2556/3895/3895 2558/3896/3896
f 2609/3903/3903 2611/3904/3904 2611/3905/3905
f 2615/3906/3906 2616/3907/3907 2612/3908/3908
f 2612/3908/3908 2612/3909/3909 2607/3910/3910
f 2888/3918/3918 2594/3911/3911 2794/3916/3916
f 2794/3916/3916 2594/3911/3911 2601/3912/3912
f 2794/3916/3916 2601/3912/3912 2798/3915/3915
f 2798/3915/3915 2601/3912/3912 2898/3913/3913
f 2798/3915/3915 2898/3913/3913 2894/3914/3914
f 2794/3916/3916 2891/3917/3917 2888/3918/3918
f 2888/3920/3920 2889/3921/3921 2594/3919/3919
f 2594/3919/3919 2889/3921/3921 2595/3922/3922
f 2594/3919/3919 2595/3922/3922 2594/3923/3923
f 2588/3931/3931 2594/3924/3924 2588/3930/3930
f 2588/3930/3930 2594/3924/3924 2594/3925/3925
f 2588/3930/3930 2594/3925/3925 2477/3929/3929
f 2477/3929/3929 2594/3925/3925 2483/3926/3926
f 2477/3929/3929 2483/3926/3926 2377/3927/3927
f 2377/3927/3927 2371/3928/3928 2477/3929/3929
f 2884/3932/3932 2588/3933/3933 2885/3936/3936
f 2885/3936/3936 2588/3933/3933 2589/3935/3935
f 2589/3935/3935 2588/3933/3933 2588/3934/3934
f 2884/3938/3938 2783/3940/3940 2588/3937/3937
f 2588/3937/3937 2783/3940/3940 2779/3941/3941
f 2588/3937/3937 2779/3941/3941 2581/3944/3944
f 2581/3944/3944 2779/3941/3941 2874/3943/3943
f 2874/3943/3943 2779/3941/3941 2877/3942/3942
f 2884/3938/3938 2880/3939/3939 2783/3940/3940
f 2874/3946/3946 2875/3947/3947 2581/3945/3945
f 2581/3945/3945 2875/3947/3947 2582/3948/3948
f 2581/3945/3945 2582/3948/3948 2581/3949/3949
f 2575/3957/3957 2581/3950/3950 2575/3956/3956
f 2575/3956/3956 2581/3950/3950 2581/3951/3951
f 2575/3956/3956 2581/3951/3951 2464/3955/3955
f 2464/3955/3955 2581/3951/3951 2470/3952/3952
f 2464/3955/3955 2470/3952/3952 2360/3953/3953
f 2360/3953/3953 2354/3954/3954 2464/3955/3955
f 2870/3958/3958 2575/3959/3959 2871/3962/3962
f 2871/3962/3962 2575/3959/3959 2576/3961/3961
f 2576/3961/3961 2575/3959/3959 2575/3960/3960
f 2870/3964/3964 2768/3966/3966 2575/3963/3963
f 2575/3963/3963 2768/3966/3966 2764/3967/3967
f 2575/3963/3963 2764/3967/3967 2568/3970/3970
f 2568/3970/3970 2764/3967/3967 2860/3969/3969
f 2860/3969/3969 2764/3967/3967 2863/3968/3968
f 2870/3964/3964 2866/3965/3965 2768/3966/3966
f 2860/3972/3972 2861/3973/3973 2568/3971/3971
f 2568/3971/3971 2861/3973/3973 2569/3974/3974
f 2568/3971/3971 2569/3974/3974 2568/3975/3975
f 2568/3976/3976 2568/3977/3977 2562/3983/3983
f 2562/3983/3983 2568/3977/3977 2562/3982/3982
f 2562/3982/3982 2568/3977/3977 2451/3981/3981
f 2451/3981/3981 2568/3977/3977 2457/3978/3978
f 2451/3981/3981 2457/3978/3978 2343/3979/3979
f 2343/3979/3979 2337/3980/3980 2451/3981/3981
f 2856/3984/3984 2562/3985/3985 2857/3988/3988
f 2857/3988/3988 2562/3985/3985 2563/3987/3987
f 2563/3987/3987 2562/3985/3985 2562/3986/3986
f 2557/3997/3997 2562/3989/3989 2753/3992/3992
f 2753/3992/3992 2562/3989/3989 2856/3990/3990
f 2753/3992/3992 2856/3990/3990 2852/3991/3991
f 2753/3992/3992 2749/3993/3993 2557/3997/3997
f 2557/3997/3997 2749/3993/3993 2555/3996/3996
f 2555/3996/3996 2749/3993/3993 2514/3995/3995
f 2514/3995/3995 2749/3993/3993 2446/3994/3994
f 2749/3998/3998 2750/3999/3999 2446/4001/4001
f 2446/4001/4001 2750/3999/3999 2447/4000/4000
f 2754/4002/4002 2750/4003/4003 2753/4005/4005
f 2753/4005/4005 2750/4003/4003 2749/4004/4004
f 2447/4007/4007 2447/4008/4008 2449/4006/4006
f 2449/4006/4006 2447/4008/4008 2754/4010/4010
f 2754/4010/4010 2447/4008/4008 2750/4009/4009
f 2753/4017/4017 2852/4011/4011 2754/4016/4016
f 2754/4016/4016 2852/4011/4011 2909/4012/4012
f 2754/4016/4016 2909/4012/4012 2910/4013/4013
f 2910/4013/4013 2853/4014/4014 2754/4016/4016
f 2754/4016/4016 2853/4014/4014 2449/4015/4015
f 2856/4018/4018 2917/4019/4019 2852/4021/4021
f 2852/4021/4021 2917/4019/4019 2909/4020/4020
f 2918/4022/4022 2917/4023/4023 2857/4025/4025
f 2857/4025/4025 2917/4023/4023 2856/4024/4024
f 2922/4026/4026 2921/4027/4027 2925/4037/4037
f 2925/4037/4037 2921/4027/4027 2929/4028/4028
f 2925/4037/4037 2929/4028/4028 2926/4036/4036
f 2926/4036/4036 2929/4028/4028 2930/4029/4029
f 2926/4036/4036 2930/4029/4029 2910/4030/4030
f 2926/4036/4036 2910/4030/4030 2914/4035/4035
f 2914/4035/4035 2910/4030/4030 2909/4031/4031
f 2914/4035/4035 2909/4031/4031 2913/4034/4034
f 2913/4034/4034 2909/4031/4031 2917/4032/4032
f 2913/4034/4034 2917/4032/4032 2918/4033/4033
f 2922/4039/4039 2861/4040/4040 2921/4038/4038
f 2921/4038/4038 2861/4040/4040 2860/4041/4041
f 2921/4042/4042 2860/4043/4043 2929/4045/4045
f 2929/4045/4045 2860/4043/4043 2863/4044/4044
f 2930/4052/4052 2929/4046/4046 2765/4049/4049
f 2765/4049/4049 2929/4046/4046 2863/4047/4047
f 2765/4049/4049 2863/4047/4047 2764/4048/4048
f 2460/4050/4050 2864/4051/4051 2765/4049/4049
f 2765/4049/4049 2864/4051/4051 2930/4052/4052
f 2864/4053/4053 2853/4054/4054 2930/4056/4056
f 2930/4056/4056 2853/4054/4054 2910/4055/4055
f 2462/4057/4057 2460/4058/4058 2769/4060/4060
f 2769/4060/4060 2460/4058/4058 2765/4059/4059
f 2768/4067/4067 2866/4061/4061 2769/4066/4066
f 2769/4066/4066 2866/4061/4061 2933/4062/4062
f 2769/4066/4066 2933/4062/4062 2934/4063/4063
f 2934/4063/4063 2867/4064/4064 2769/4066/4066
f 2769/4066/4066 2867/4064/4064 2462/4065/4065
f 2870/4068/4068 2941/4069/4069 2866/4071/4071
f 2866/4071/4071 2941/4069/4069 2933/4070/4070
f 2942/4072/4072 2941/4073/4073 2871/4075/4075
f 2871/4075/4075 2941/4073/4073 2870/4074/4074
f 2946/4076/4076 2945/4077/4077 2949/4087/4087
f 2949/4087/4087 2945/4077/4077 2953/4078/4078
f 2949/4087/4087 2953/4078/4078 2950/4086/4086
f 2950/4086/4086 2953/4078/4078 2954/4079/4079
f 2950/4086/4086 2954/4079/4079 2934/4080/4080
f 2950/4086/4086 2934/4080/4080 2938/4085/4085
f 2938/4085/4085 2934/4080/4080 2933/4081/4081
f 2938/4085/4085 2933/4081/4081 2937/4084/4084
f 2937/4084/4084 2933/4081/4081 2941/4082/4082
f 2937/4084/4084 2941/4082/4082 2942/4083/4083
f 2946/4089/4089 2875/4090/4090 2945/4088/4088
f 2945/4088/4088 2875/4090/4090 2874/4091/4091
f 2945/4092/4092 2874/4093/4093 2953/4095/4095
f 2953/4095/4095 2874/4093/4093 2877/4094/4094
f 2954/4102/4102 2953/4096/4096 2780/4099/4099
f 2780/4099/4099 2953/4096/4096 2877/4097/4097
f 2780/4099/4099 2877/4097/4097 2779/4098/4098
f 2473/4100/4100 2878/4101/4101 2780/4099/4099
f 2780/4099/4099 2878/4101/4101 2954/4102/4102
f 2878/4103/4103 2867/4104/4104 2954/4106/4106
f 2954/4106/4106 2867/4104/4104 2934/4105/4105
f 2475/4107/4107 2473/4108/4108 2784/4110/4110
f 2784/4110/4110 2473/4108/4108 2780/4109/4109
f 2783/4117/4117 2880/4111/4111 2784/4116/4116
f 2784/4116/4116 2880/4111/4111 2957/4112/4112
f 2784/4116/4116 2957/4112/4112 2958/4113/4113
f 2958/4113/4113 2881/4114/4114 2784/4116/4116
f 2784/4116/4116 2881/4114/4114 2475/4115/4115
f 2884/4118/4118 2965/4119/4119 2880/4121/4121
f 2880/4121/4121 2965/4119/4119 2957/4120/4120
f 2966/4122/4122 2965/4123/4123 2885/4125/4125
f 2885/4125/4125 2965/4123/4123 2884/4124/4124
f 2970/4126/4126 2969/4127/4127 2973/4137/4137
f 2973/4137/4137 2969/4127/4127 2977/4128/4128
f 2973/4137/4137 2977/4128/4128 2974/4136/4136
f 2974/4136/4136 2977/4128/4128 2978/4129/4129
f 2974/4136/4136 2978/4129/4129 2958/4130/4130
f 2974/4136/4136 2958/4130/4130 2962/4135/4135
f 2962/4135/4135 2958/4130/4130 2957/4131/4131
f 2962/4135/4135 2957/4131/4131 2961/4134/4134
f 2961/4134/4134 2957/4131/4131 2965/4132/4132
f 2961/4134/4134 2965/4132/4132 2966/4133/4133
f 2970/4139/4139 2889/4140/4140 2969/4138/4138
f 2969/4138/4138 2889/4140/4140 2888/4141/4141
f 2969/4142/4142 2888/4143/4143 2977/4145/4145
f 2977/4145/4145 2888/4143/4143 2891/4144/4144
f 2978/4152/4152 2977/4146/4146 2795/4149/4149
f 2795/4149/4149 2977/4146/4146 2891/4147/4147
f 2795/4149/4149 2891/4147/4147 2794/4148/4148
f 2486/4150/4150 2892/4151/4151 2795/4149/4149
f 2795/4149/4149 2892/4151/4151 2978/4152/4152
f 2892/4153/4153 2881/4154/4154 2978/4156/4156
f 2978/4156/4156 2881/4154/4154 2958/4155/4155
f 2488/4157/4157 2486/4158/4158 2799/4160/4160
f 2799/4160/4160 2486/4158/4158 2795/4159/4159
f 2798/4167/4167 2894/4161/4161 2799/4166/4166
f 2799/4166/4166 2894/4161/4161 2981/4162/4162
f 2799/4166/4166 2981/4162/4162 2982/4163/4163
f 2982/4163/4163 2895/4164/4164 2799/4166/4166
f 2799/4166/4166 2895/4164/4164 2488/4165/4165
f 2898/4169/4169 2989/4170/4170 2894/4168/4168
f 2894/4168/4168 2989/4170/4170 2981/4171/4171
f 2994/4172/4172 2993/4173/4173 2997/4183/4183
f 2997/4183/4183 2993/4173/4173 3001/4174/4174
f 2997/4183/4183 3001/4174/4174 2998/4182/4182
f 2998/4182/4182 3001/4174/4174 3002/4175/4175
f 2998/4182/4182 3002/4175/4175 2982/4176/4176
f 2998/4182/4182 2982/4176/4176 2986/4181/4181
f 2986/4181/4181 2982/4176/4176 2981/4177/4177
f 2986/4181/4181 2981/4177/4177 2985/4180/4180
f 2985/4180/4180 2981/4177/4177 2989/4178/4178
f 2985/4180/4180 2989/4178/4178 2990/4179/4179
f 2994/4185/4185 2903/4186/4186 2993/4184/4184
f 2993/4184/4184 2903/4186/4186 2902/4187/4187
f 2905/4189/4189 3001/4190/4190 2902/4188/4188
f 2902/4188/4188 3001/4190/4190 2993/4191/4191
f 2902/4197/4197 2607/4192/4192 2809/4195/4195
f 2809/4195/4195 2607/4192/4192 2612/4193/4193
f 2809/4195/4195 2612/4193/4193 2813/4194/4194
f 2809/4195/4195 2905/4196/4196 2902/4197/4197
f 2902/4202/4202 2903/4198/4198 2607/4201/4201
f 2607/4201/4201 2903/4198/4198 2608/4199/4199
f 2607/4201/4201 2608/4199/4199 2607/4200/4200
f 2602/4204/4204 2385/4215/4215 2899/4203/4203
f 2899/4203/4203 2385/4215/4215 2985/4216/4216
f 2899/4203/4203 2985/4216/4216 2990/4217/4217
f 2602/4204/4204 2491/4205/4205 2385/4215/4215
f 2385/4215/4215 2491/4205/4205 2242/4214/4214
f 2242/4214/4214 2491/4205/4205 2389/4206/4206
f 2242/4214/4214 2389/4206/4206 2395/4207/4207
f 2395/4207/4207 2497/4208/4208 2242/4214/4214
f 2242/4214/4214 2497/4208/4208 2398/4213/4213
f 2398/4213/4213 2497/4208/4208 2608/4209/4209
f 2398/4213/4213 2608/4209/4209 2903/4210/4210
f 2994/4211/4211 2997/4212/4212 2903/4210/4210
f 2903/4210/4210 2997/4212/4212 2398/4213/4213
f 2601/4222/4222 2602/4218/4218 2601/4221/4221
f 2601/4221/4221 2602/4218/4218 2899/4219/4219
f 2601/4221/4221 2899/4219/4219 2898/4220/4220
f 2602/4223/4223 2601/4224/4224 2491/4234/4234
f 2491/4234/4234 2601/4224/4224 2490/4225/4225
f 2491/4234/4234 2490/4225/4225 2389/4233/4233
f 2389/4233/4233 2490/4225/4225 2388/4226/4226
f 2389/4233/4233 2388/4226/4226 2395/4232/4232
f 2395/4232/4232 2388/4226/4226 2394/4227/4227
f 2395/4232/4232 2394/4227/4227 2497/4231/4231
f 2497/4231/4231 2394/4227/4227 2496/4228/4228
f 2497/4231/4231 2496/4228/4228 2608/4230/4230
f 2608/4230/4230 2496/4228/4228 2607/4229/4229
f 2601/4242/4242 2607/4235/4235 2601/4241/4241
f 2601/4241/4241 2607/4235/4235 2607/4236/4236
f 2601/4241/4241 2607/4236/4236 2490/4240/4240
f 2490/4240/4240 2607/4236/4236 2496/4237/4237
f 2490/4240/4240 2496/4237/4237 2394/4238/4238
f 2394/4238/4238 2388/4239/4239 2490/4240/4240
f 2990/4243/4243 2989/4244/4244 2899/4246/4246
f 2899/4246/4246 2989/4244/4244 2898/4245/4245
f 2985/4248/4248 2385/4249/4249 2986/4247/4247
f 2986/4247/4247 2385/4249/4249 2386/4250/4250
f 2986/4252/4252 2832/4259/4259 2998/4251/4251
f 2998/4251/4251 2832/4259/4259 2803/4260/4260
f 2998/4251/4251 2803/4260/4260 2725/4261/4261
f 2386/4253/4253 2662/4256/4256 2986/4252/4252
f 2986/4252/4252 2662/4256/4256 2696/4257/4257
f 2986/4252/4252 2696/4257/4257 2744/4258/4258
f 2243/4254/4254 2493/4267/4267 2386/4253/4253
f 2386/4253/4253 2493/4267/4267 2603/4268/4268
f 2386/4253/4253 2603/4268/4268 2662/4256/4256
f 2399/4255/4255 2434/4265/4265 2243/4254/4254
f 2243/4254/4254 2434/4265/4265 2391/4266/4266
f 2243/4254/4254 2391/4266/4266 2493/4267/4267
f 2998/4251/4251 2677/4262/4262 2399/4255/4255
f 2399/4255/4255 2677/4262/4262 2629/4263/4263
f 2399/4255/4255 2629/4263/4263 2525/4264/4264
f 2744/4258/4258 2832/4259/4259 2986/4252/4252
f 2725/4261/4261 2677/4262/4262 2998/4251/4251
f 2525/4264/4264 2434/4265/4265 2399/4255/4255
f 2998/4270/4270 2399/4271/4271 2997/4269/4269
f 2997/4269/4269 2399/4271/4271 2398/4272/4272
f 2242/4273/4273 2398/4274/4274 2243/4276/4276
f 2243/4276/4276 2398/4274/4274 2399/4275/4275
f 2385/4277/4277 2242/4278/4278 2386/4280/4280
f 2386/4280/4280 2242/4278/4278 2243/4279/4279
f 2697/4282/4282 2662/4294/4294 2663/4281/4281
f 2663/4281/4281 2662/4294/4294 2603/4295/4295
f 2663/4281/4281 2603/4295/4295 2604/4293/4293
f 2604/4293/4293 2603/4295/4295 2493/4296/4296
f 2604/4293/4293 2493/4296/4296 2494/4292/4292
f 2494/4292/4292 2493/4296/4296 2391/4297/4297
f 2494/4292/4292 2391/4297/4297 2392/4291/4291
f 2392/4291/4291 2391/4297/4297 2434/4298/4298
f 2392/4291/4291 2434/4298/4298 2435/4290/4290
f 2435/4290/4290 2434/4298/4298 2525/4299/4299
f 2435/4290/4290 2525/4299/4299 2526/4289/4289
f 2526/4289/4289 2525/4299/4299 2629/4307/4307
f 2526/4289/4289 2629/4308/4308 2630/4288/4288
f 2630/4309/4309 2629/4300/4300 2677/4301/4301
f 2630/4310/4310 2677/4301/4301 2678/4287/4287
f 2678/4287/4287 2677/4301/4301 2725/4302/4302
f 2678/4287/4287 2725/4302/4302 2726/4286/4286
f 2726/4286/4286 2725/4302/4302 2803/4303/4303
f 2726/4286/4286 2803/4303/4303 2804/4285/4285
f 2804/4285/4285 2803/4303/4303 2832/4304/4304
f 2804/4285/4285 2832/4304/4304 2833/4284/4284
f 2833/4284/4284 2832/4304/4304 2744/4305/4305
f 2833/4284/4284 2744/4305/4305 2745/4283/4283
f 2745/4283/4283 2744/4305/4305 2696/4306/4306
f 2745/4283/4283 2696/4306/4306 2697/4282/4282
f 2697/4282/4282 2696/4306/4306 2662/4294/4294
f 2542/4324/4324 2659/4311/4311 2663/4325/4325
f 2663/4325/4325 2659/4311/4311 2712/4312/4312
f 2663/4325/4325 2712/4312/4312 2697/4337/4337
f 2697/4337/4337 2712/4312/4312 2801/4313/4313
f 2697/4337/4337 2801/4313/4313 2745/4336/4336
f 2745/4336/4336 2801/4313/4313 2848/4314/4314
f 2745/4336/4336 2848/4314/4314 2833/4335/4335
f 2833/4335/4335 2848/4314/4314 2850/4315/4315
f 2833/4335/4335 2850/4315/4315 2804/4334/4334
f 2804/4334/4334 2850/4315/4315 2806/4316/4316
f 2804/4334/4334 2806/4316/4316 2726/4333/4333
f 2726/4333/4333 2806/4316/4316 2714/4317/4317
f 2726/4333/4333 2714/4317/4317 2678/4332/4332
f 2678/4332/4332 2714/4317/4317 2666/4338/4338
f 2678/4332/4332 2666/4339/4339 2630/4331/4331
f 2630/4340/4340 2666/4318/4318 2544/4319/4319
f 2630/4341/4341 2544/4319/4319 2526/4330/4330
f 2526/4330/4330 2544/4319/4319 2437/4320/4320
f 2526/4330/4330 2437/4320/4320 2435/4329/4329
f 2435/4329/4329 2437/4320/4320 2329/4321/4321
f 2435/4329/4329 2329/4321/4321 2392/4328/4328
f 2392/4328/4328 2329/4321/4321 2327/4322/4322
f 2392/4328/4328 2327/4322/4322 2494/4327/4327
f 2494/4327/4327 2327/4322/4322 2432/4323/4323
f 2494/4327/4327 2432/4323/4323 2604/4326/4326
f 2604/4326/4326 2432/4323/4323 2542/4324/4324
f 2604/4326/4326 2542/4324/4324 2663/4325/4325
f 3002/4348/4348 3001/4342/4342 2810/4345/4345
f 2810/4345/4345 3001/4342/4342 2905/4343/4343
f 2810/4345/4345 2905/4343/4343 2809/4344/4344
f 2499/4346/4346 2906/4347/4347 2810/4345/4345
f 2810/4345/4345 2906/4347/4347 3002/4348/4348
f 2906/4349/4349 2895/4350/4350 3002/4352/4352
f 3002/4352/4352 2895/4350/4350 2982/4351/4351
f 2814/4353/4353 2503/4354/4354 2810/4356/4356
f 2810/4356/4356 2503/4354/4354 2499/4355/4355
f 2814/4357/4357 2810/4358/4358 2813/4360/4360
f 2813/4360/4360 2810/4358/4358 2809/4359/4359
f 2799/4361/4361 2795/4362/4362 2798/4364/4364
f 2798/4364/4364 2795/4362/4362 2794/4363/4363
f 2970/4366/4366 2973/4367/4367 2889/4365/4365
f 2889/4365/4365 2973/4367/4367 2381/4368/4368
f 2889/4365/4365 2381/4368/4368 2595/4379/4379
f 2595/4379/4379 2381/4368/4368 2484/4378/4378
f 2484/4378/4378 2381/4368/4368 2238/4369/4369
f 2484/4378/4378 2238/4369/4369 2378/4377/4377
f 2378/4377/4377 2238/4369/4369 2372/4376/4376
f 2372/4376/4376 2238/4369/4369 2478/4375/4375
f 2478/4375/4375 2238/4369/4369 2368/4370/4370
f 2478/4375/4375 2368/4370/4370 2589/4374/4374
f 2589/4374/4374 2368/4370/4370 2885/4373/4373
f 2885/4373/4373 2368/4370/4370 2961/4371/4371
f 2885/4373/4373 2961/4371/4371 2966/4372/4372
f 2589/4380/4380 2588/4381/4381 2478/4391/4391
f 2478/4391/4391 2588/4381/4381 2477/4382/4382
f 2478/4391/4391 2477/4382/4382 2372/4390/4390
f 2372/4390/4390 2477/4382/4382 2371/4383/4383
f 2372/4390/4390 2371/4383/4383 2378/4389/4389
f 2378/4389/4389 2371/4383/4383 2377/4384/4384
f 2378/4389/4389 2377/4384/4384 2484/4388/4388
f 2484/4388/4388 2377/4384/4384 2483/4385/4385
f 2484/4388/4388 2483/4385/4385 2595/4387/4387
f 2595/4387/4387 2483/4385/4385 2594/4386/4386
f 2961/4393/4393 2368/4394/4394 2962/4392/4392
f 2962/4392/4392 2368/4394/4394 2369/4395/4395
f 2962/4397/4397 2827/4404/4404 2974/4396/4396
f 2974/4396/4396 2827/4404/4404 2788/4405/4405
f 2974/4396/4396 2788/4405/4405 2722/4406/4406
f 2369/4398/4398 2653/4401/4401 2962/4397/4397
f 2962/4397/4397 2653/4401/4401 2691/4402/4402
f 2962/4397/4397 2691/4402/4402 2739/4403/4403
f 2239/4399/4399 2480/4412/4412 2369/4398/4398
f 2369/4398/4398 2480/4412/4412 2590/4413/4413
f 2369/4398/4398 2590/4413/4413 2653/4401/4401
f 2382/4400/4400 2427/4410/4410 2239/4399/4399
f 2239/4399/4399 2427/4410/4410 2374/4411/4411
f 2239/4399/4399 2374/4411/4411 2480/4412/4412
f 2974/4396/4396 2674/4407/4407 2382/4400/4400
f 2382/4400/4400 2674/4407/4407 2626/4408/4408
f 2382/4400/4400 2626/4408/4408 2522/4409/4409
f 2739/4403/4403 2827/4404/4404 2962/4397/4397
f 2722/4406/4406 2674/4407/4407 2974/4396/4396
f 2522/4409/4409 2427/4410/4410 2382/4400/4400
f 2974/4415/4415 2382/4416/4416 2973/4414/4414
f 2973/4414/4414 2382/4416/4416 2381/4417/4417
f 2238/4418/4418 2381/4419/4419 2239/4421/4421
f 2239/4421/4421 2381/4419/4419 2382/4420/4420
f 2368/4422/4422 2238/4423/4423 2369/4425/4425
f 2369/4425/4425 2238/4423/4423 2239/4424/4424
f 2692/4427/4427 2653/4439/4439 2654/4426/4426
f 2654/4426/4426 2653/4439/4439 2590/4440/4440
f 2654/4426/4426 2590/4440/4440 2591/4438/4438
f 2591/4438/4438 2590/4440/4440 2480/4441/4441
f 2591/4438/4438 2480/4441/4441 2481/4437/4437
f 2481/4437/4437 2480/4441/4441 2374/4442/4442
f 2481/4437/4437 2374/4442/4442 2375/4436/4436
f 2375/4436/4436 2374/4442/4442 2427/4443/4443
f 2375/4436/4436 2427/4443/4443 2428/4435/4435
f 2428/4435/4435 2427/4443/4443 2522/4444/4444
f 2428/4435/4435 2522/4444/4444 2523/4434/4434
f 2523/4434/4434 2522/4444/4444 2626/4452/4452
f 2523/4434/4434 2626/4453/4453 2627/4433/4433
f 2627/4454/4454 2626/4445/4445 2674/4446/4446
f 2627/4455/4455 2674/4446/4446 2675/4432/4432
f 2675/4432/4432 2674/4446/4446 2722/4447/4447
f 2675/4432/4432 2722/4447/4447 2723/4431/4431
f 2723/4431/4431 2722/4447/4447 2788/4448/4448
f 2723/4431/4431 2788/4448/4448 2789/4430/4430
f 2789/4430/4430 2788/4448/4448 2827/4449/4449
f 2789/4430/4430 2827/4449/4449 2828/4429/4429
f 2828/4429/4429 2827/4449/4449 2739/4450/4450
f 2828/4429/4429 2739/4450/4450 2740/4428/4428
f 2740/4428/4428 2739/4450/4450 2691/4451/4451
f 2740/4428/4428 2691/4451/4451 2692/4427/4427
f 2692/4427/4427 2691/4451/4451 2653/4439/4439
f 2538/4469/4469 2650/4456/4456 2654/4470/4470
f 2654/4470/4470 2650/4456/4456 2708/4457/4457
f 2654/4470/4470 2708/4457/4457 2692/4482/4482
f 2692/4482/4482 2708/4457/4457 2786/4458/4458
f 2692/4482/4482 2786/4458/4458 2740/4481/4481
f 2740/4481/4481 2786/4458/4458 2844/4459/4459
f 2740/4481/4481 2844/4459/4459 2828/4480/4480
f 2828/4480/4480 2844/4459/4459 2846/4460/4460
f 2828/4480/4480 2846/4460/4460 2789/4479/4479
f 2789/4479/4479 2846/4460/4460 2791/4461/4461
f 2789/4479/4479 2791/4461/4461 2723/4478/4478
f 2723/4478/4478 2791/4461/4461 2710/4462/4462
f 2723/4478/4478 2710/4462/4462 2675/4477/4477
f 2675/4477/4477 2710/4462/4462 2657/4483/4483
f 2675/4477/4477 2657/4484/4484 2627/4476/4476
f 2627/4485/4485 2657/4463/4463 2540/4464/4464
f 2627/4486/4486 2540/4464/4464 2523/4475/4475
f 2523/4475/4475 2540/4464/4464 2430/4465/4465
f 2523/4475/4475 2430/4465/4465 2428/4474/4474
f 2428/4474/4474 2430/4465/4465 2325/4466/4466
f 2428/4474/4474 2325/4466/4466 2375/4473/4473
f 2375/4473/4473 2325/4466/4466 2323/4467/4467
f 2375/4473/4473 2323/4467/4467 2481/4472/4472
f 2481/4472/4472 2323/4467/4467 2425/4468/4468
f 2481/4472/4472 2425/4468/4468 2591/4471/4471
f 2591/4471/4471 2425/4468/4468 2538/4469/4469
f 2591/4471/4471 2538/4469/4469 2654/4470/4470
f 2784/4487/4487 2780/4488/4488 2783/4490/4490
f 2783/4490/4490 2780/4488/4488 2779/4489/4489
f 2946/4492/4492 2949/4493/4493 2875/4491/4491
f 2875/4491/4491 2949/4493/4493 2364/4494/4494
f 2875/4491/4491 2364/4494/4494 2582/4505/4505
f 2582/4505/4505 2364/4494/4494 2471/4504/4504
f 2471/4504/4504 2364/4494/4494 2234/4495/4495
f 2471/4504/4504 2234/4495/4495 2361/4503/4503
f 2361/4503/4503 2234/4495/4495 2355/4502/4502
f 2355/4502/4502 2234/4495/4495 2465/4501/4501
f 2465/4501/4501 2234/4495/4495 2351/4496/4496
f 2465/4501/4501 2351/4496/4496 2576/4500/4500
f 2576/4500/4500 2351/4496/4496 2871/4499/4499
f 2871/4499/4499 2351/4496/4496 2937/4497/4497
f 2871/4499/4499 2937/4497/4497 2942/4498/4498
f 2576/4506/4506 2575/4507/4507 2465/4517/4517
f 2465/4517/4517 2575/4507/4507 2464/4508/4508
f 2465/4517/4517 2464/4508/4508 2355/4516/4516
f 2355/4516/4516 2464/4508/4508 2354/4509/4509
f 2355/4516/4516 2354/4509/4509 2361/4515/4515
f 2361/4515/4515 2354/4509/4509 2360/4510/4510
f 2361/4515/4515 2360/4510/4510 2471/4514/4514
f 2471/4514/4514 2360/4510/4510 2470/4511/4511
f 2471/4514/4514 2470/4511/4511 2582/4513/4513
f 2582/4513/4513 2470/4511/4511 2581/4512/4512
f 2937/4519/4519 2351/4520/4520 2938/4518/4518
f 2938/4518/4518 2351/4520/4520 2352/4521/4521
f 2938/4523/4523 2822/4530/4530 2950/4522/4522
f 2950/4522/4522 2822/4530/4530 2773/4531/4531
f 2950/4522/4522 2773/4531/4531 2719/4532/4532
f 2352/4524/4524 2644/4527/4527 2938/4523/4523
f 2938/4523/4523 2644/4527/4527 2686/4528/4528
f 2938/4523/4523 2686/4528/4528 2734/4529/4529
f 2235/4525/4525 2467/4538/4538 2352/4524/4524
f 2352/4524/4524 2467/4538/4538 2577/4539/4539
f 2352/4524/4524 2577/4539/4539 2644/4527/4527
f 2365/4526/4526 2420/4536/4536 2235/4525/4525
f 2235/4525/4525 2420/4536/4536 2357/4537/4537
f 2235/4525/4525 2357/4537/4537 2467/4538/4538
f 2950/4522/4522 2671/4533/4533 2365/4526/4526
f 2365/4526/4526 2671/4533/4533 2623/4534/4534
f 2365/4526/4526 2623/4534/4534 2519/4535/4535
f 2734/4529/4529 2822/4530/4530 2938/4523/4523
f 2719/4532/4532 2671/4533/4533 2950/4522/4522
f 2519/4535/4535 2420/4536/4536 2365/4526/4526
f 2950/4541/4541 2365/4542/4542 2949/4540/4540
f 2949/4540/4540 2365/4542/4542 2364/4543/4543
f 2234/4544/4544 2364/4545/4545 2235/4547/4547
f 2235/4547/4547 2364/4545/4545 2365/4546/4546
f 2351/4548/4548 2234/4549/4549 2352/4551/4551
f 2352/4551/4551 2234/4549/4549 2235/4550/4550
f 2687/4553/4553 2644/4565/4565 2645/4552/4552
f 2645/4552/4552 2644/4565/4565 2577/4566/4566
f 2645/4552/4552 2577/4566/4566 2578/4564/4564
f 2578/4564/4564 2577/4566/4566 2467/4567/4567
f 2578/4564/4564 2467/4567/4567 2468/4563/4563
f 2468/4563/4563 2467/4567/4567 2357/4568/4568
f 2468/4563/4563 2357/4568/4568 2358/4562/4562
f 2358/4562/4562 2357/4568/4568 2420/4569/4569
f 2358/4562/4562 2420/4569/4569 2421/4561/4561
f 2421/4561/4561 2420/4569/4569 2519/4570/4570
f 2421/4561/4561 2519/4570/4570 2520/4560/4560
f 2520/4560/4560 2519/4570/4570 2623/4578/4578
f 2520/4560/4560 2623/4579/4579 2624/4559/4559
f 2624/4580/4580 2623/4571/4571 2671/4572/4572
f 2624/4581/4581 2671/4572/4572 2672/4558/4558
f 2672/4558/4558 2671/4572/4572 2719/4573/4573
f 2672/4558/4558 2719/4573/4573 2720/4557/4557
f 2720/4557/4557 2719/4573/4573 2773/4574/4574
f 2720/4557/4557 2773/4574/4574 2774/4556/4556
f 2774/4556/4556 2773/4574/4574 2822/4575/4575
f 2774/4556/4556 2822/4575/4575 2823/4555/4555
f 2823/4555/4555 2822/4575/4575 2734/4576/4576
f 2823/4555/4555 2734/4576/4576 2735/4554/4554
f 2735/4554/4554 2734/4576/4576 2686/4577/4577
f 2735/4554/4554 2686/4577/4577 2687/4553/4553
f 2687/4553/4553 2686/4577/4577 2644/4565/4565
f 2534/4595/4595 2641/4582/4582 2645/4596/4596
f 2645/4596/4596 2641/4582/4582 2704/4583/4583
f 2645/4596/4596 2704/4583/4583 2687/4608/4608
f 2687/4608/4608 2704/4583/4583 2771/4584/4584
f 2687/4608/4608 2771/4584/4584 2735/4607/4607
f 2735/4607/4607 2771/4584/4584 2840/4585/4585
f 2735/4607/4607 2840/4585/4585 2823/4606/4606
f 2823/4606/4606 2840/4585/4585 2842/4586/4586
f 2823/4606/4606 2842/4586/4586 2774/4605/4605
f 2774/4605/4605 2842/4586/4586 2776/4587/4587
f 2774/4605/4605 2776/4587/4587 2720/4604/4604
f 2720/4604/4604 2776/4587/4587 2706/4588/4588
f 2720/4604/4604 2706/4588/4588 2672/4603/4603
f 2672/4603/4603 2706/4588/4588 2648/4609/4609
f 2672/4603/4603 2648/4610/4610 2624/4602/4602
f 2624/4611/4611 2648/4589/4589 2536/4590/4590
f 2624/4612/4612 2536/4590/4590 2520/4601/4601
f 2520/4601/4601 2536/4590/4590 2423/4591/4591
f 2520/4601/4601 2423/4591/4591 2421/4600/4600
f 2421/4600/4600 2423/4591/4591 2321/4592/4592
f 2421/4600/4600 2321/4592/4592 2358/4599/4599
f 2358/4599/4599 2321/4592/4592 2319/4593/4593
f 2358/4599/4599 2319/4593/4593 2468/4598/4598
f 2468/4598/4598 2319/4593/4593 2418/4594/4594
f 2468/4598/4598 2418/4594/4594 2578/4597/4597
f 2578/4597/4597 2418/4594/4594 2534/4595/4595
f 2578/4597/4597 2534/4595/4595 2645/4596/4596
f 2769/4613/4613 2765/4614/4614 2768/4616/4616
f 2768/4616/4616 2765/4614/4614 2764/4615/4615
f 2922/4618/4618 2925/4619/4619 2861/4617/4617
f 2861/4617/4617 2925/4619/4619 2347/4620/4620
f 2861/4617/4617 2347/4620/4620 2569/4631/4631
f 2569/4631/4631 2347/4620/4620 2458/4630/4630
f 2458/4630/4630 2347/4620/4620 2230/4621/4621
f 2458/4630/4630 2230/4621/4621 2344/4629/4629
f 2344/4629/4629 2230/4621/4621 2338/4628/4628
f 2338/4628/4628 2230/4621/4621 2452/4627/4627
f 2452/4627/4627 2230/4621/4621 2334/4622/4622
f 2452/4627/4627 2334/4622/4622 2563/4626/4626
f 2563/4626/4626 2334/4622/4622 2857/4625/4625
f 2857/4625/4625 2334/4622/4622 2913/4623/4623
f 2857/4625/4625 2913/4623/4623 2918/4624/4624
f 2563/4632/4632 2562/4633/4633 2452/4643/4643
f 2452/4643/4643 2562/4633/4633 2451/4634/4634
f 2452/4643/4643 2451/4634/4634 2338/4642/4642
f 2338/4642/4642 2451/4634/4634 2337/4635/4635
f 2338/4642/4642 2337/4635/4635 2344/4641/4641
f 2344/4641/4641 2337/4635/4635 2343/4636/4636
f 2344/4641/4641 2343/4636/4636 2458/4640/4640
f 2458/4640/4640 2343/4636/4636 2457/4637/4637
f 2458/4640/4640 2457/4637/4637 2569/4639/4639
f 2569/4639/4639 2457/4637/4637 2568/4638/4638
f 2913/4645/4645 2334/4646/4646 2914/4644/4644
f 2914/4644/4644 2334/4646/4646 2335/4647/4647
f 2914/4649/4649 2817/4656/4656 2926/4648/4648
f 2926/4648/4648 2817/4656/4656 2758/4657/4657
f 2926/4648/4648 2758/4657/4657 2716/4658/4658
f 2335/4650/4650 2635/4653/4653 2914/4649/4649
f 2914/4649/4649 2635/4653/4653 2681/4654/4654
f 2914/4649/4649 2681/4654/4654 2729/4655/4655
f 2231/4651/4651 2454/4664/4664 2335/4650/4650
f 2335/4650/4650 2454/4664/4664 2564/4665/4665
f 2335/4650/4650 2564/4665/4665 2635/4653/4653
f 2348/4652/4652 2413/4662/4662 2231/4651/4651
f 2231/4651/4651 2413/4662/4662 2340/4663/4663
f 2231/4651/4651 2340/4663/4663 2454/4664/4664
f 2926/4648/4648 2668/4659/4659 2348/4652/4652
f 2348/4652/4652 2668/4659/4659 2620/4660/4660
f 2348/4652/4652 2620/4660/4660 2516/4661/4661
f 2729/4655/4655 2817/4656/4656 2914/4649/4649
f 2716/4658/4658 2668/4659/4659 2926/4648/4648
f 2516/4661/4661 2413/4662/4662 2348/4652/4652
f 2926/4667/4667 2348/4668/4668 2925/4666/4666
f 2925/4666/4666 2348/4668/4668 2347/4669/4669
f 2230/4670/4670 2347/4671/4671 2231/4673/4673
f 2231/4673/4673 2347/4671/4671 2348/4672/4672
f 2334/4674/4674 2230/4675/4675 2335/4677/4677
f 2335/4677/4677 2230/4675/4675 2231/4676/4676
f 2682/4679/4679 2635/4691/4691 2636/4678/4678
f 2636/4678/4678 2635/4691/4691 2564/4692/4692
f 2636/4678/4678 2564/4692/4692 2565/4690/4690
f 2565/4690/4690 2564/4692/4692 2454/4693/4693
f 2565/4690/4690 2454/4693/4693 2455/4689/4689
f 2455/4689/4689 2454/4693/4693 2340/4694/4694
f 2455/4689/4689 2340/4694/4694 2341/4688/4688
f 2341/4688/4688 2340/4694/4694 2413/4695/4695
f 2341/4688/4688 2413/4695/4695 2414/4687/4687
f 2414/4687/4687 2413/4695/4695 2516/4696/4696
f 2414/4687/4687 2516/4696/4696 2517/4686/4686
f 2517/4686/4686 2516/4696/4696 2620/4704/4704
f 2517/4686/4686 2620/4705/4705 2621/4685/4685
f 2621/4706/4706 2620/4697/4697 2668/4698/4698
f 2621/4707/4707 2668/4698/4698 2669/4684/4684
f 2669/4684/4684 2668/4698/4698 2716/4699/4699
f 2669/4684/4684 2716/4699/4699 2717/4683/4683
f 2717/4683/4683 2716/4699/4699 2758/4700/4700
f 2717/4683/4683 2758/4700/4700 2759/4682/4682
f 2759/4682/4682 2758/4700/4700 2817/4701/4701
f 2759/4682/4682 2817/4701/4701 2818/4681/4681
f 2818/4681/4681 2817/4701/4701 2729/4702/4702
f 2818/4681/4681 2729/4702/4702 2730/4680/4680
f 2730/4680/4680 2729/4702/4702 2681/4703/4703
f 2730/4680/4680 2681/4703/4703 2682/4679/4679
f 2682/4679/4679 2681/4703/4703 2635/4691/4691
f 2530/4721/4721 2632/4708/4708 2636/4722/4722
f 2636/4722/4722 2632/4708/4708 2700/4709/4709
f 2636/4722/4722 2700/4709/4709 2682/4734/4734
f 2682/4734/4734 2700/4709/4709 2756/4710/4710
f 2682/4734/4734 2756/4710/4710 2730/4733/4733
f 2730/4733/4733 2756/4710/4710 2836/4711/4711
f 2730/4733/4733 2836/4711/4711 2818/4732/4732
f 2818/4732/4732 2836/4711/4711 2838/4712/4712
f 2818/4732/4732 2838/4712/4712 2759/4731/4731
f 2759/4731/4731 2838/4712/4712 2761/4713/4713
f 2759/4731/4731 2761/4713/4713 2717/4730/4730
f 2717/4730/4730 2761/4713/4713 2702/4714/4714
f 2717/4730/4730 2702/4714/4714 2669/4729/4729
f 2669/4729/4729 2702/4714/4714 2639/4735/4735
f 2669/4729/4729 2639/4736/4736 2621/4728/4728
f 2621/4737/4737 2639/4715/4715 2532/4716/4716
f 2621/4738/4738 2532/4716/4716 2517/4727/4727
f 2517/4727/4727 2532/4716/4716 2416/4717/4717
f 2517/4727/4727 2416/4717/4717 2414/4726/4726
f 2414/4726/4726 2416/4717/4717 2317/4718/4718
f 2414/4726/4726 2317/4718/4718 2341/4725/4725
f 2341/4725/4725 2317/4718/4718 2315/4719/4719
f 2341/4725/4725 2315/4719/4719 2455/4724/4724
f 2455/4724/4724 2315/4719/4719 2411/4720/4720
f 2455/4724/4724 2411/4720/4720 2565/4723/4723
f 2565/4723/4723 2411/4720/4720 2530/4721/4721
f 2565/4723/4723 2530/4721/4721 2636/4722/4722
f 1777/4756/4756 1778/4739/4739 1898/4755/4755
f 1898/4755/4755 1778/4739/4739 1899/4740/4740
f 1898/4755/4755 1899/4740/4740 2058/4754/4754
f 2058/4754/4754 1899/4740/4740 2059/4741/4741
f 2058/4754/4754 2059/4741/4741 2191/4753/4753
f 2191/4753/4753 2059/4741/4741 2192/4742/4742
f 2191/4753/4753 2192/4742/4742 2247/4752/4752
f 2247/4752/4752 2192/4742/4742 2248/4743/4743
f 2247/4752/4752 2248/4743/4743 2300/4751/4751
f 2300/4751/4751 2248/4743/4743 2301/4744/4744
f 2300/4751/4751 2301/4744/4744 2441/4750/4750
f 2441/4750/4750 2301/4744/4744 2442/4745/4745
f 2441/4750/4750 2442/4745/4745 2551/4749/4749
f 2551/4749/4749 2442/4745/4745 2552/4746/4746
f 2551/4749/4749 2552/4746/4746 2615/4748/4748
f 2615/4748/4748 2552/4746/4746 2616/4747/4747
f 1103/4757/4757 1778/4758/4758 1102/4760/4760
f 1102/4760/4760 1778/4758/4758 1777/4759/4759
f 2812/4761/4761 2611/4762/4762 2808/4766/4766
f 2808/4766/4766 2611/4762/4762 2609/4763/4763
f 2808/4766/4766 2609/4763/4763 2996/4764/4764
f 2996/4764/4764 3000/4765/4765 2808/4766/4766
f 2807/4767/4767 2811/4768/4768 2808/4770/4770
f 2808/4770/4770 2811/4768/4768 2812/4769/4769
f 2987/4772/4772 2999/4778/4778 2991/4771/4771
f 2991/4771/4771 2999/4778/4778 2995/4781/4781
f 2991/4771/4771 2995/4781/4781 2992/4782/4782
f 2988/4773/4773 2983/4774/4774 2987/4772/4772
f 2987/4772/4772 2983/4774/4774 2979/4777/4777
f 2987/4772/4772 2979/4777/4777 2999/4778/4778
f 2984/4775/4775 2980/4776/4776 2983/4774/4774
f 2983/4774/4774 2980/4776/4776 2979/4777/4777
f 2999/4778/4778 3000/4779/4779 2995/4781/4781
f 2995/4781/4781 3000/4779/4779 2996/4780/4780
f 2896/4796/4796 2987/4783/4783 2830/4791/4791
f 2830/4791/4791 2987/4783/4783 2991/4784/4784
f 2830/4791/4791 2991/4784/4784 2834/4790/4790
f 2834/4790/4790 2991/4784/4784 2900/4785/4785
f 2834/4790/4790 2900/4785/4785 2746/4789/4789
f 2746/4789/4789 2900/4785/4785 2698/4788/4788
f 2698/4788/4788 2900/4785/4785 2664/4787/4787
f 2664/4787/4787 2900/4785/4785 2605/4786/4786
f 2830/4791/4791 2742/4792/4792 2896/4796/4796
f 2896/4796/4796 2742/4792/4792 2695/4793/4793
f 2896/4796/4796 2695/4793/4793 2661/4794/4794
f 2661/4794/4794 2599/4795/4795 2896/4796/4796
f 2897/4798/4798 2988/4799/4799 2896/4797/4797
f 2896/4797/4797 2988/4799/4799 2987/4800/4800
f 2896/4802/4802 2599/4803/4803 2897/4801/4801
f 2897/4801/4801 2599/4803/4803 2600/4804/4804
f 2992/4806/4806 2995/4807/4807 2901/4805/4805
f 2901/4805/4805 2995/4807/4807 2396/4808/4808
f 2901/4805/4805 2396/4808/4808 2606/4819/4819
f 2606/4819/4819 2396/4808/4808 2495/4818/4818
f 2495/4818/4818 2396/4808/4808 2240/4809/4809
f 2495/4818/4818 2240/4809/4809 2393/4817/4817
f 2393/4817/4817 2240/4809/4809 2387/4816/4816
f 2387/4816/4816 2240/4809/4809 2489/4815/4815
f 2489/4815/4815 2240/4809/4809 2383/4810/4810
f 2489/4815/4815 2383/4810/4810 2600/4814/4814
f 2600/4814/4814 2383/4810/4810 2897/4813/4813
f 2897/4813/4813 2383/4810/4810 2983/4811/4811
f 2897/4813/4813 2983/4811/4811 2988/4812/4812
f 2900/4821/4821 2991/4822/4822 2901/4820/4820
f 2901/4820/4820 2991/4822/4822 2992/4823/4823
f 2901/4825/4825 2606/4826/4826 2900/4824/4824
f 2900/4824/4824 2606/4826/4826 2605/4827/4827
f 2598/4829/4829 2661/4842/4842 2660/4828/4828
f 2660/4828/4828 2661/4842/4842 2695/4843/4843
f 2660/4828/4828 2695/4843/4843 2694/4840/4840
f 2694/4840/4840 2695/4843/4843 2742/4844/4844
f 2694/4840/4840 2742/4844/4844 2743/4839/4839
f 2743/4839/4839 2742/4844/4844 2830/4845/4845
f 2743/4839/4839 2830/4845/4845 2831/4838/4838
f 2831/4838/4838 2830/4845/4845 2834/4846/4846
f 2831/4838/4838 2834/4846/4846 2802/4837/4837
f 2802/4837/4837 2834/4846/4846 2746/4847/4847
f 2802/4837/4837 2746/4847/4847 2724/4836/4836
f 2724/4836/4836 2746/4847/4847 2698/4848/4848
f 2724/4836/4836 2698/4848/4848 2676/4835/4835
f 2676/4835/4835 2698/4848/4848 2664/4857/4857
f 2676/4835/4835 2664/4858/4858 2628/4834/4834
f 2628/4859/4859 2664/4849/4849 2605/4850/4850
f 2628/4860/4860 2605/4850/4850 2524/4833/4833
f 2524/4833/4833 2605/4850/4850 2606/4851/4851
f 2524/4833/4833 2606/4851/4851 2495/4852/4852
f 2492/4830/4830 2489/4855/4855 2598/4829/4829
f 2598/4829/4829 2489/4855/4855 2600/4856/4856
f 2598/4829/4829 2600/4856/4856 2599/4841/4841
f 2489/4855/4855 2492/4830/4830 2387/4854/4854
f 2387/4854/4854 2492/4830/4830 2390/4831/4831
f 2387/4854/4854 2390/4831/4831 2393/4853/4853
f 2393/4853/4853 2390/4831/4831 2433/4832/4832
f 2393/4853/4853 2433/4832/4832 2495/4852/4852
f 2495/4852/4852 2433/4832/4832 2524/4833/4833
f 2599/4841/4841 2661/4842/4842 2598/4829/4829
f 2711/4874/4874 2658/4861/4861 2660/4875/4875
f 2660/4875/4875 2658/4861/4861 2541/4862/4862
f 2660/4875/4875 2541/4862/4862 2598/4887/4887
f 2598/4887/4887 2541/4862/4862 2431/4863/4863
f 2598/4887/4887 2431/4863/4863 2492/4886/4886
f 2492/4886/4886 2431/4863/4863 2326/4864/4864
f 2492/4886/4886 2326/4864/4864 2390/4885/4885
f 2390/4885/4885 2326/4864/4864 2328/4865/4865
f 2390/4885/4885 2328/4865/4865 2433/4884/4884
f 2433/4884/4884 2328/4865/4865 2436/4866/4866
f 2433/4884/4884 2436/4866/4866 2524/4883/4883
f 2524/4883/4883 2436/4866/4866 2543/4867/4867
f 2524/4883/4883 2543/4867/4867 2628/4882/4882
f 2628/4882/4882 2543/4867/4867 2665/4888/4888
f 2628/4882/4882 2665/4889/4889 2676/4881/4881
f 2676/4890/4890 2665/4868/4868 2713/4869/4869
f 2676/4891/4891 2713/4869/4869 2724/4880/4880
f 2724/4880/4880 2713/4869/4869 2805/4870/4870
f 2724/4880/4880 2805/4870/4870 2802/4879/4879
f 2802/4879/4879 2805/4870/4870 2849/4871/4871
f 2802/4879/4879 2849/4871/4871 2831/4878/4878
f 2831/4878/4878 2849/4871/4871 2847/4872/4872
f 2831/4878/4878 2847/4872/4872 2743/4877/4877
f 2743/4877/4877 2847/4872/4872 2800/4873/4873
f 2743/4877/4877 2800/4873/4873 2694/4876/4876
f 2694/4876/4876 2800/4873/4873 2711/4874/4874
f 2694/4876/4876 2711/4874/4874 2660/4875/4875
f 2984/4893/4893 2983/4894/4894 2597/4892/4892
f 2597/4892/4892 2983/4894/4894 2383/4895/4895
f 2597/4892/4892 2383/4895/4895 2384/4896/4896
f 2597/4904/4904 2596/4897/4897 2793/4900/4900
f 2793/4900/4900 2596/4897/4897 2972/4898/4898
f 2793/4900/4900 2972/4898/4898 2976/4899/4899
f 2793/4900/4900 2797/4901/4901 2597/4904/4904
f 2597/4904/4904 2797/4901/4901 2984/4903/4903
f 2984/4903/4903 2797/4901/4901 2980/4902/4902
f 2972/4905/4905 2596/4906/4906 2971/4909/4909
f 2971/4909/4909 2596/4906/4906 2379/4908/4908
f 2379/4908/4908 2596/4906/4906 2380/4907/4907
f 2963/4911/4911 2975/4917/4917 2967/4910/4910
f 2967/4910/4910 2975/4917/4917 2971/4920/4920
f 2967/4910/4910 2971/4920/4920 2968/4921/4921
f 2964/4912/4912 2959/4913/4913 2963/4911/4911
f 2963/4911/4911 2959/4913/4913 2955/4916/4916
f 2963/4911/4911 2955/4916/4916 2975/4917/4917
f 2960/4914/4914 2956/4915/4915 2959/4913/4913
f 2959/4913/4913 2956/4915/4915 2955/4916/4916
f 2975/4917/4917 2976/4918/4918 2971/4920/4920
f 2971/4920/4920 2976/4918/4918 2972/4919/4919
f 2882/4935/4935 2963/4922/4922 2825/4930/4930
f 2825/4930/4930 2963/4922/4922 2967/4923/4923
f 2825/4930/4930 2967/4923/4923 2829/4929/4929
f 2829/4929/4929 2967/4923/4923 2886/4924/4924
f 2829/4929/4929 2886/4924/4924 2741/4928/4928
f 2741/4928/4928 2886/4924/4924 2693/4927/4927
f 2693/4927/4927 2886/4924/4924 2655/4926/4926
f 2655/4926/4926 2886/4924/4924 2592/4925/4925
f 2825/4930/4930 2737/4931/4931 2882/4935/4935
f 2882/4935/4935 2737/4931/4931 2690/4932/4932
f 2882/4935/4935 2690/4932/4932 2652/4933/4933
f 2652/4933/4933 2586/4934/4934 2882/4935/4935
f 2883/4937/4937 2964/4938/4938 2882/4936/4936
f 2882/4936/4936 2964/4938/4938 2963/4939/4939
f 2882/4941/4941 2586/4942/4942 2883/4940/4940
f 2883/4940/4940 2586/4942/4942 2587/4943/4943
f 2968/4945/4945 2971/4946/4946 2887/4944/4944
f 2887/4944/4944 2971/4946/4946 2379/4947/4947
f 2887/4944/4944 2379/4947/4947 2593/4958/4958
f 2593/4958/4958 2379/4947/4947 2482/4957/4957
f 2482/4957/4957 2379/4947/4947 2236/4948/4948
f 2482/4957/4957 2236/4948/4948 2376/4956/4956
f 2376/4956/4956 2236/4948/4948 2370/4955/4955
f 2370/4955/4955 2236/4948/4948 2476/4954/4954
f 2476/4954/4954 2236/4948/4948 2366/4949/4949
f 2476/4954/4954 2366/4949/4949 2587/4953/4953
f 2587/4953/4953 2366/4949/4949 2883/4952/4952
f 2883/4952/4952 2366/4949/4949 2959/4950/4950
f 2883/4952/4952 2959/4950/4950 2964/4951/4951
f 2886/4960/4960 2967/4961/4961 2887/4959/4959
f 2887/4959/4959 2967/4961/4961 2968/4962/4962
f 2887/4964/4964 2593/4965/4965 2886/4963/4963
f 2886/4963/4963 2593/4965/4965 2592/4966/4966
f 2585/4968/4968 2652/4981/4981 2651/4967/4967
f 2651/4967/4967 2652/4981/4981 2690/4982/4982
f 2651/4967/4967 2690/4982/4982 2689/4979/4979
f 2689/4979/4979 2690/4982/4982 2737/4983/4983
f 2689/4979/4979 2737/4983/4983 2738/4978/4978
f 2738/4978/4978 2737/4983/4983 2825/4984/4984
f 2738/4978/4978 2825/4984/4984 2826/4977/4977
f 2826/4977/4977 2825/4984/4984 2829/4985/4985
f 2826/4977/4977 2829/4985/4985 2787/4976/4976
f 2787/4976/4976 2829/4985/4985 2741/4986/4986
f 2787/4976/4976 2741/4986/4986 2721/4975/4975
f 2721/4975/4975 2741/4986/4986 2693/4987/4987
f 2721/4975/4975 2693/4987/4987 2673/4974/4974
f 2673/4974/4974 2693/4987/4987 2655/4996/4996
f 2673/4974/4974 2655/4997/4997 2625/4973/4973
f 2625/4998/4998 2655/4988/4988 2592/4989/4989
f 2625/4999/4999 2592/4989/4989 2521/4972/4972
f 2521/4972/4972 2592/4989/4989 2593/4990/4990
f 2521/4972/4972 2593/4990/4990 2482/4991/4991
f 2479/4969/4969 2476/4994/4994 2585/4968/4968
f 2585/4968/4968 2476/4994/4994 2587/4995/4995
f 2585/4968/4968 2587/4995/4995 2586/4980/4980
f 2476/4994/4994 2479/4969/4969 2370/4993/4993
f 2370/4993/4993 2479/4969/4969 2373/4970/4970
f 2370/4993/4993 2373/4970/4970 2376/4992/4992
f 2376/4992/4992 2373/4970/4970 2426/4971/4971
f 2376/4992/4992 2426/4971/4971 2482/4991/4991
f 2482/4991/4991 2426/4971/4971 2521/4972/4972
f 2586/4980/4980 2652/4981/4981 2585/4968/4968
f 2707/5013/5013 2649/5000/5000 2651/5014/5014
f 2651/5014/5014 2649/5000/5000 2537/5001/5001
f 2651/5014/5014 2537/5001/5001 2585/5026/5026
f 2585/5026/5026 2537/5001/5001 2424/5002/5002
f 2585/5026/5026 2424/5002/5002 2479/5025/5025
f 2479/5025/5025 2424/5002/5002 2322/5003/5003
f 2479/5025/5025 2322/5003/5003 2373/5024/5024
f 2373/5024/5024 2322/5003/5003 2324/5004/5004
f 2373/5024/5024 2324/5004/5004 2426/5023/5023
f 2426/5023/5023 2324/5004/5004 2429/5005/5005
f 2426/5023/5023 2429/5005/5005 2521/5022/5022
f 2521/5022/5022 2429/5005/5005 2539/5006/5006
f 2521/5022/5022 2539/5006/5006 2625/5021/5021
f 2625/5021/5021 2539/5006/5006 2656/5027/5027
f 2625/5021/5021 2656/5028/5028 2673/5020/5020
f 2673/5029/5029 2656/5007/5007 2709/5008/5008
f 2673/5030/5030 2709/5008/5008 2721/5019/5019
f 2721/5019/5019 2709/5008/5008 2790/5009/5009
f 2721/5019/5019 2790/5009/5009 2787/5018/5018
f 2787/5018/5018 2790/5009/5009 2845/5010/5010
f 2787/5018/5018 2845/5010/5010 2826/5017/5017
f 2826/5017/5017 2845/5010/5010 2843/5011/5011
f 2826/5017/5017 2843/5011/5011 2738/5016/5016
f 2738/5016/5016 2843/5011/5011 2785/5012/5012
f 2738/5016/5016 2785/5012/5012 2689/5015/5015
f 2689/5015/5015 2785/5012/5012 2707/5013/5013
f 2689/5015/5015 2707/5013/5013 2651/5014/5014
f 2960/5032/5032 2959/5033/5033 2584/5031/5031
f 2584/5031/5031 2959/5033/5033 2366/5034/5034
f 2584/5031/5031 2366/5034/5034 2367/5035/5035
f 2584/5043/5043 2583/5036/5036 2778/5039/5039
f 2778/5039/5039 2583/5036/5036 2948/5037/5037
f 2778/5039/5039 2948/5037/5037 2952/5038/5038
f 2778/5039/5039 2782/5040/5040 2584/5043/5043
f 2584/5043/5043 2782/5040/5040 2960/5042/5042
f 2960/5042/5042 2782/5040/5040 2956/5041/5041
f 2948/5044/5044 2583/5045/5045 2947/5048/5048
f 2947/5048/5048 2583/5045/5045 2362/5047/5047
f 2362/5047/5047 2583/5045/5045 2363/5046/5046
f 2939/5050/5050 2951/5056/5056 2943/5049/5049
f 2943/5049/5049 2951/5056/5056 2947/5059/5059
f 2943/5049/5049 2947/5059/5059 2944/5060/5060
f 2940/5051/5051 2935/5052/5052 2939/5050/5050
f 2939/5050/5050 2935/5052/5052 2931/5055/5055
f 2939/5050/5050 2931/5055/5055 2951/5056/5056
f 2936/5053/5053 2932/5054/5054 2935/5052/5052
f 2935/5052/5052 2932/5054/5054 2931/5055/5055
f 2951/5056/5056 2952/5057/5057 2947/5059/5059
f 2947/5059/5059 2952/5057/5057 2948/5058/5058
f 2868/5074/5074 2939/5061/5061 2820/5069/5069
f 2820/5069/5069 2939/5061/5061 2943/5062/5062
f 2820/5069/5069 2943/5062/5062 2824/5068/5068
f 2824/5068/5068 2943/5062/5062 2872/5063/5063
f 2824/5068/5068 2872/5063/5063 2736/5067/5067
f 2736/5067/5067 2872/5063/5063 2688/5066/5066
f 2688/5066/5066 2872/5063/5063 2646/5065/5065
f 2646/5065/5065 2872/5063/5063 2579/5064/5064
f 2820/5069/5069 2732/5070/5070 2868/5074/5074
f 2868/5074/5074 2732/5070/5070 2685/5071/5071
f 2868/5074/5074 2685/5071/5071 2643/5072/5072
f 2643/5072/5072 2573/5073/5073 2868/5074/5074
f 2869/5076/5076 2940/5077/5077 2868/5075/5075
f 2868/5075/5075 2940/5077/5077 2939/5078/5078
f 2868/5080/5080 2573/5081/5081 2869/5079/5079
f 2869/5079/5079 2573/5081/5081 2574/5082/5082
f 2944/5084/5084 2947/5085/5085 2873/5083/5083
f 2873/5083/5083 2947/5085/5085 2362/5086/5086
f 2873/5083/5083 2362/5086/5086 2580/5097/5097
f 2580/5097/5097 2362/5086/5086 2469/5096/5096
f 2469/5096/5096 2362/5086/5086 2232/5087/5087
f 2469/5096/5096 2232/5087/5087 2359/5095/5095
f 2359/5095/5095 2232/5087/5087 2353/5094/5094
f 2353/5094/5094 2232/5087/5087 2463/5093/5093
f 2463/5093/5093 2232/5087/5087 2349/5088/5088
f 2463/5093/5093 2349/5088/5088 2574/5092/5092
f 2574/5092/5092 2349/5088/5088 2869/5091/5091
f 2869/5091/5091 2349/5088/5088 2935/5089/5089
f 2869/5091/5091 2935/5089/5089 2940/5090/5090
f 2872/5099/5099 2943/5100/5100 2873/5098/5098
f 2873/5098/5098 2943/5100/5100 2944/5101/5101
f 2873/5103/5103 2580/5104/5104 2872/5102/5102
f 2872/5102/5102 2580/5104/5104 2579/5105/5105
f 2572/5107/5107 2643/5120/5120 2642/5106/5106
f 2642/5106/5106 2643/5120/5120 2685/5121/5121
f 2642/5106/5106 2685/5121/5121 2684/5118/5118
f 2684/5118/5118 2685/5121/5121 2732/5122/5122
f 2684/5118/5118 2732/5122/5122 2733/5117/5117
f 2733/5117/5117 2732/5122/5122 2820/5123/5123
f 2733/5117/5117 2820/5123/5123 2821/5116/5116
f 2821/5116/5116 2820/5123/5123 2824/5124/5124
f 2821/5116/5116 2824/5124/5124 2772/5115/5115
f 2772/5115/5115 2824/5124/5124 2736/5125/5125
f 2772/5115/5115 2736/5125/5125 2718/5114/5114
f 2718/5114/5114 2736/5125/5125 2688/5126/5126
f 2718/5114/5114 2688/5126/5126 2670/5113/5113
f 2670/5113/5113 2688/5126/5126 2646/5135/5135
f 2670/5113/5113 2646/5136/5136 2622/5112/5112
f 2622/5137/5137 2646/5127/5127 2579/5128/5128
f 2622/5138/5138 2579/5128/5128 2518/5111/5111
f 2518/5111/5111 2579/5128/5128 2580/5129/5129
f 2518/5111/5111 2580/5129/5129 2469/5130/5130
f 2466/5108/5108 2463/5133/5133 2572/5107/5107
f 2572/5107/5107 2463/5133/5133 2574/5134/5134
f 2572/5107/5107 2574/5134/5134 2573/5119/5119
f 2463/5133/5133 2466/5108/5108 2353/5132/5132
f 2353/5132/5132 2466/5108/5108 2356/5109/5109
f 2353/5132/5132 2356/5109/5109 2359/5131/5131
f 2359/5131/5131 2356/5109/5109 2419/5110/5110
f 2359/5131/5131 2419/5110/5110 2469/5130/5130
f 2469/5130/5130 2419/5110/5110 2518/5111/5111
f 2573/5119/5119 2643/5120/5120 2572/5107/5107
f 2703/5152/5152 2640/5139/5139 2642/5153/5153
f 2642/5153/5153 2640/5139/5139 2533/5140/5140
f 2642/5153/5153 2533/5140/5140 2572/5165/5165
f 2572/5165/5165 2533/5140/5140 2417/5141/5141
f 2572/5165/5165 2417/5141/5141 2466/5164/5164
f 2466/5164/5164 2417/5141/5141 2318/5142/5142
f 2466/5164/5164 2318/5142/5142 2356/5163/5163
f 2356/5163/5163 2318/5142/5142 2320/5143/5143
f 2356/5163/5163 2320/5143/5143 2419/5162/5162
f 2419/5162/5162 2320/5143/5143 2422/5144/5144
f 2419/5162/5162 2422/5144/5144 2518/5161/5161
f 2518/5161/5161 2422/5144/5144 2535/5145/5145
f 2518/5161/5161 2535/5145/5145 2622/5160/5160
f 2622/5160/5160 2535/5145/5145 2647/5166/5166
f 2622/5160/5160 2647/5167/5167 2670/5159/5159
f 2670/5168/5168 2647/5146/5146 2705/5147/5147
f 2670/5169/5169 2705/5147/5147 2718/5158/5158
f 2718/5158/5158 2705/5147/5147 2775/5148/5148
f 2718/5158/5158 2775/5148/5148 2772/5157/5157
f 2772/5157/5157 2775/5148/5148 2841/5149/5149
f 2772/5157/5157 2841/5149/5149 2821/5156/5156
f 2821/5156/5156 2841/5149/5149 2839/5150/5150
f 2821/5156/5156 2839/5150/5150 2733/5155/5155
f 2733/5155/5155 2839/5150/5150 2770/5151/5151
f 2733/5155/5155 2770/5151/5151 2684/5154/5154
f 2684/5154/5154 2770/5151/5151 2703/5152/5152
f 2684/5154/5154 2703/5152/5152 2642/5153/5153
f 2936/5171/5171 2935/5172/5172 2571/5170/5170
f 2571/5170/5170 2935/5172/5172 2349/5173/5173
f 2571/5170/5170 2349/5173/5173 2350/5174/5174
f 2571/5182/5182 2570/5175/5175 2763/5178/5178
f 2763/5178/5178 2570/5175/5175 2924/5176/5176
f 2763/5178/5178 2924/5176/5176 2928/5177/5177
f 2763/5178/5178 2767/5179/5179 2571/5182/5182
f 2571/5182/5182 2767/5179/5179 2936/5181/5181
f 2936/5181/5181 2767/5179/5179 2932/5180/5180
f 2924/5183/5183 2570/5184/5184 2923/5187/5187
f 2923/5187/5187 2570/5184/5184 2345/5186/5186
f 2345/5186/5186 2570/5184/5184 2346/5185/5185
f 2915/5189/5189 2927/5195/5195 2919/5188/5188
f 2919/5188/5188 2927/5195/5195 2923/5198/5198
f 2919/5188/5188 2923/5198/5198 2920/5199/5199
f 2916/5190/5190 2911/5191/5191 2915/5189/5189
f 2915/5189/5189 2911/5191/5191 2907/5194/5194
f 2915/5189/5189 2907/5194/5194 2927/5195/5195
f 2912/5192/5192 2908/5193/5193 2911/5191/5191
f 2911/5191/5191 2908/5193/5193 2907/5194/5194
f 2927/5195/5195 2928/5196/5196 2923/5198/5198
f 2923/5198/5198 2928/5196/5196 2924/5197/5197
f 2854/5213/5213 2915/5200/5200 2815/5208/5208
f 2815/5208/5208 2915/5200/5200 2919/5201/5201
f 2815/5208/5208 2919/5201/5201 2819/5207/5207
f 2819/5207/5207 2919/5201/5201 2858/5202/5202
f 2819/5207/5207 2858/5202/5202 2731/5206/5206
f 2731/5206/5206 2858/5202/5202 2683/5205/5205
f 2683/5205/5205 2858/5202/5202 2637/5204/5204
f 2637/5204/5204 2858/5202/5202 2566/5203/5203
f 2815/5208/5208 2727/5209/5209 2854/5213/5213
f 2854/5213/5213 2727/5209/5209 2680/5210/5210
f 2854/5213/5213 2680/5210/5210 2634/5211/5211
f 2634/5211/5211 2560/5212/5212 2854/5213/5213
f 2855/5215/5215 2916/5216/5216 2854/5214/5214
f 2854/5214/5214 2916/5216/5216 2915/5217/5217
f 2854/5219/5219 2560/5220/5220 2855/5218/5218
f 2855/5218/5218 2560/5220/5220 2561/5221/5221
f 2920/5223/5223 2923/5224/5224 2859/5222/5222
f 2859/5222/5222 2923/5224/5224 2345/5225/5225
f 2859/5222/5222 2345/5225/5225 2567/5236/5236
f 2567/5236/5236 2345/5225/5225 2456/5235/5235
f 2456/5235/5235 2345/5225/5225 2228/5226/5226
f 2456/5235/5235 2228/5226/5226 2342/5234/5234
f 2342/5234/5234 2228/5226/5226 2336/5233/5233
f 2336/5233/5233 2228/5226/5226 2450/5232/5232
f 2450/5232/5232 2228/5226/5226 2332/5227/5227
f 2450/5232/5232 2332/5227/5227 2561/5231/5231
f 2561/5231/5231 2332/5227/5227 2855/5230/5230
f 2855/5230/5230 2332/5227/5227 2911/5228/5228
f 2855/5230/5230 2911/5228/5228 2916/5229/5229
f 2858/5238/5238 2919/5239/5239 2859/5237/5237
f 2859/5237/5237 2919/5239/5239 2920/5240/5240
f 2859/5242/5242 2567/5243/5243 2858/5241/5241
f 2858/5241/5241 2567/5243/5243 2566/5244/5244
f 2559/5246/5246 2634/5259/5259 2633/5245/5245
f 2633/5245/5245 2634/5259/5259 2680/5260/5260
f 2633/5245/5245 2680/5260/5260 2679/5257/5257
f 2679/5257/5257 2680/5260/5260 2727/5261/5261
f 2679/5257/5257 2727/5261/5261 2728/5256/5256
f 2728/5256/5256 2727/5261/5261 2815/5262/5262
f 2728/5256/5256 2815/5262/5262 2816/5255/5255
f 2816/5255/5255 2815/5262/5262 2819/5263/5263
f 2816/5255/5255 2819/5263/5263 2757/5254/5254
f 2757/5254/5254 2819/5263/5263 2731/5264/5264
f 2757/5254/5254 2731/5264/5264 2715/5253/5253
f 2715/5253/5253 2731/5264/5264 2683/5265/5265
f 2715/5253/5253 2683/5265/5265 2667/5252/5252
f 2667/5252/5252 2683/5265/5265 2637/5274/5274
f 2667/5252/5252 2637/5275/5275 2619/5251/5251
f 2619/5276/5276 2637/5266/5266 2566/5267/5267
f 2619/5277/5277 2566/5267/5267 2515/5250/5250
f 2515/5250/5250 2566/5267/5267 2567/5268/5268
f 2515/5250/5250 2567/5268/5268 2456/5269/5269
f 2453/5247/5247 2450/5272/5272 2559/5246/5246
f 2559/5246/5246 2450/5272/5272 2561/5273/5273
f 2559/5246/5246 2561/5273/5273 2560/5258/5258
f 2450/5272/5272 2453/5247/5247 2336/5271/5271
f 2336/5271/5271 2453/5247/5247 2339/5248/5248
f 2336/5271/5271 2339/5248/5248 2342/5270/5270
f 2342/5270/5270 2339/5248/5248 2412/5249/5249
f 2342/5270/5270 2412/5249/5249 2456/5269/5269
f 2456/5269/5269 2412/5249/5249 2515/5250/5250
f 2560/5258/5258 2634/5259/5259 2559/5246/5246
f 2699/5291/5291 2631/5278/5278 2633/5292/5292
f 2633/5292/5292 2631/5278/5278 2529/5279/5279
f 2633/5292/5292 2529/5279/5279 2559/5304/5304
f 2559/5304/5304 2529/5279/5279 2410/5280/5280
f 2559/5304/5304 2410/5280/5280 2453/5303/5303
f 2453/5303/5303 2410/5280/5280 2314/5281/5281
f 2453/5303/5303 2314/5281/5281 2339/5302/5302
f 2339/5302/5302 2314/5281/5281 2316/5282/5282
f 2339/5302/5302 2316/5282/5282 2412/5301/5301
f 2412/5301/5301 2316/5282/5282 2415/5283/5283
f 2412/5301/5301 2415/5283/5283 2515/5300/5300
f 2515/5300/5300 2415/5283/5283 2531/5284/5284
f 2515/5300/5300 2531/5284/5284 2619/5299/5299
f 2619/5299/5299 2531/5284/5284 2638/5305/5305
f 2619/5299/5299 2638/5306/5306 2667/5298/5298
f 2667/5307/5307 2638/5285/5285 2701/5286/5286
f 2667/5308/5308 2701/5286/5286 2715/5297/5297
f 2715/5297/5297 2701/5286/5286 2760/5287/5287
f 2715/5297/5297 2760/5287/5287 2757/5296/5296
f 2757/5296/5296 2760/5287/5287 2837/5288/5288
f 2757/5296/5296 2837/5288/5288 2816/5295/5295
f 2816/5295/5295 2837/5288/5288 2835/5289/5289
f 2816/5295/5295 2835/5289/5289 2728/5294/5294
f 2728/5294/5294 2835/5289/5289 2755/5290/5290
f 2728/5294/5294 2755/5290/5290 2679/5293/5293
f 2679/5293/5293 2755/5290/5290 2699/5291/5291
f 2679/5293/5293 2699/5291/5291 2633/5292/5292
f 2912/5310/5310 2911/5311/5311 2558/5309/5309
f 2558/5309/5309 2911/5311/5311 2332/5312/5312
f 2558/5309/5309 2332/5312/5312 2333/5313/5313
f 2908/5322/5322 2912/5314/5314 2752/5321/5321
f 2752/5321/5321 2912/5314/5314 2558/5315/5315
f 2752/5321/5321 2558/5315/5315 2556/5316/5316
f 2556/5316/5316 2554/5317/5317 2752/5321/5321
f 2752/5321/5321 2554/5317/5317 2748/5320/5320
f 2748/5320/5320 2554/5317/5317 2513/5318/5318
f 2748/5320/5320 2513/5318/5318 2445/5319/5319
f 2747/5323/5323 2751/5324/5324 2748/5326/5326
f 2748/5326/5326 2751/5324/5324 2752/5325/5325
f 2748/5328/5328 2445/5329/5329 2747/5327/5327
f 2747/5327/5327 2445/5329/5329 2444/5330/5330
f 2570/5331/5331 2558/5332/5332 2346/5335/5335
f 2346/5335/5335 2558/5332/5332 2333/5333/5333
f 2346/5335/5335 2333/5333/5333 2229/5334/5334
f 2346/5336/5336 2229/5337/5337 2345/5339/5339
f 2345/5339/5339 2229/5337/5337 2228/5338/5338
f 2229/5340/5340 2333/5341/5341 2228/5343/5343
f 2228/5343/5343 2333/5341/5341 2332/5342/5342
f 2762/5344/5344 2766/5345/5345 2763/5347/5347
f 2763/5347/5347 2766/5345/5345 2767/5346/5346
f 2583/5348/5348 2571/5349/5349 2363/5352/5352
f 2363/5352/5352 2571/5349/5349 2350/5350/5350
f 2363/5352/5352 2350/5350/5350 2233/5351/5351
f 2363/5353/5353 2233/5354/5354 2362/5356/5356
f 2362/5356/5356 2233/5354/5354 2232/5355/5355
f 2233/5357/5357 2350/5358/5358 2232/5360/5360
f 2232/5360/5360 2350/5358/5358 2349/5359/5359
f 2777/5361/5361 2781/5362/5362 2778/5364/5364
f 2778/5364/5364 2781/5362/5362 2782/5363/5363
f 2596/5365/5365 2584/5366/5366 2380/5369/5369
f 2380/5369/5369 2584/5366/5366 2367/5367/5367
f 2380/5369/5369 2367/5367/5367 2237/5368/5368
f 2380/5370/5370 2237/5371/5371 2379/5373/5373
f 2379/5373/5373 2237/5371/5371 2236/5372/5372
f 2237/5374/5374 2367/5375/5375 2236/5377/5377
f 2236/5377/5377 2367/5375/5375 2366/5376/5376
f 2792/5378/5378 2796/5379/5379 2793/5381/5381
f 2793/5381/5381 2796/5379/5379 2797/5380/5380
f 2609/5382/5382 2597/5383/5383 2397/5386/5386
f 2397/5386/5386 2597/5383/5383 2384/5384/5384
f 2397/5386/5386 2384/5384/5384 2241/5385/5385
f 2996/5387/5387 2609/5388/5388 2995/5391/5391
f 2995/5391/5391 2609/5388/5388 2396/5390/5390
f 2396/5390/5390 2609/5388/5388 2397/5389/5389
f 2397/5392/5392 2241/5393/5393 2396/5395/5395
f 2396/5395/5395 2241/5393/5393 2240/5394/5394
f 2241/5396/5396 2384/5397/5397 2240/5399/5399
f 2240/5399/5399 2384/5397/5397 2383/5398/5398
f 2409/5400/5400 2261/5401/5401 2409/5404/5404
f 2409/5404/5404 2261/5401/5401 2259/5402/5402
f 2409/5404/5404 2259/5402/5402 2405/5403/5403
f 2404/5406/5406 2408/5407/5407 2405/5405/5405
f 2405/5405/5405 2408/5407/5407 2409/5408/5408
f 2405/5409/5409 2259/5410/5410 2404/5412/5412
f 2404/5412/5412 2259/5410/5410 2258/5411/5411
f 2254/5421/5421 2139/5413/5413 2258/5420/5420
f 2258/5420/5420 2139/5413/5413 1997/5414/5414
f 2258/5420/5420 1997/5414/5414 2269/5415/5415
f 2258/5420/5420 2269/5415/5415 2404/5419/5419
f 2404/5419/5419 2269/5415/5415 2291/5416/5416
f 2404/5419/5419 2291/5416/5416 2310/5417/5417
f 2310/5417/5417 2408/5418/5418 2404/5419/5419
f 2139/5423/5423 2140/5424/5424 1997/5422/5422
f 1997/5422/5422 2140/5424/5424 1998/5425/5425
f 1997/5422/5422 1998/5425/5425 1997/5426/5426
f 1751/5434/5434 1997/5427/5427 1751/5433/5433
f 1751/5433/5433 1997/5427/5427 1997/5428/5428
f 1751/5433/5433 1997/5428/5428 1803/5432/5432
f 1803/5432/5432 1997/5428/5428 1952/5429/5429
f 1803/5432/5432 1952/5429/5429 1839/5431/5431
f 1839/5431/5431 1952/5429/5429 1891/5430/5430
f 1708/5435/5435 1751/5436/5436 1709/5439/5439
f 1709/5439/5439 1751/5436/5436 1752/5438/5438
f 1752/5438/5438 1751/5436/5436 1751/5437/5437
f 1629/5440/5440 1682/5441/5441 1625/5445/5445
f 1625/5445/5445 1682/5441/5441 1708/5444/5444
f 1708/5444/5444 1682/5441/5441 1751/5443/5443
f 1751/5443/5443 1682/5441/5441 1684/5442/5442
f 1708/5446/5446 1704/5447/5447 1625/5449/5449
f 1625/5449/5449 1704/5447/5447 1622/5448/5448
f 1705/5450/5450 1704/5451/5451 1709/5453/5453
f 1709/5453/5453 1704/5451/5451 1708/5452/5452
f 2136/5454/5454 2135/5455/5455 2170/5465/5465
f 2170/5465/5465 2135/5455/5455 2251/5456/5456
f 2170/5465/5465 2251/5456/5456 2171/5464/5464
f 2171/5464/5464 2251/5456/5456 2252/5457/5457
f 2171/5464/5464 2252/5457/5457 1623/5458/5458
f 2171/5464/5464 1623/5458/5458 1692/5463/5463
f 1692/5463/5463 1623/5458/5458 1622/5459/5459
f 1692/5463/5463 1622/5459/5459 1691/5462/5462
f 1691/5462/5462 1622/5459/5459 1704/5460/5460
f 1691/5462/5462 1704/5460/5460 1705/5461/5461
f 2136/5467/5467 2140/5468/5468 2135/5466/5466
f 2135/5466/5466 2140/5468/5468 2139/5469/5469
f 2135/5470/5470 2139/5471/5471 2251/5473/5473
f 2251/5473/5473 2139/5471/5471 2254/5472/5472
f 2252/5480/5480 2251/5474/5474 2259/5477/5477
f 2259/5477/5477 2251/5474/5474 2254/5475/5475
f 2259/5477/5477 2254/5475/5475 2258/5476/5476
f 2261/5478/5478 2255/5479/5479 2259/5477/5477
f 2259/5477/5477 2255/5479/5479 2252/5480/5480
f 2255/5481/5481 1626/5482/5482 2252/5484/5484
f 2252/5484/5484 1626/5482/5482 1623/5483/5483
f 1752/5486/5486 1696/5497/5497 1709/5485/5485
f 1709/5485/5485 1696/5497/5497 1691/5498/5498
f 1709/5485/5485 1691/5498/5498 1705/5499/5499
f 1752/5486/5486 1804/5487/5487 1696/5497/5497
f 1696/5497/5497 1804/5487/5487 1871/5496/5496
f 1871/5496/5496 1804/5487/5487 1840/5488/5488
f 1871/5496/5496 1840/5488/5488 1892/5489/5489
f 1892/5489/5489 1953/5490/5490 1871/5496/5496
f 1871/5496/5496 1953/5490/5490 2175/5495/5495
f 2175/5495/5495 1953/5490/5490 1998/5491/5491
f 2175/5495/5495 1998/5491/5491 2140/5492/5492
f 2136/5493/5493 2170/5494/5494 2140/5492/5492
f 2140/5492/5492 2170/5494/5494 2175/5495/5495
f 1691/5501/5501 1696/5502/5502 1692/5500/5500
f 1692/5500/5500 1696/5502/5502 1697/5503/5503
f 1692/5505/5505 1864/5509/5509 2171/5504/5504
f 2171/5504/5504 1864/5509/5509 1919/5510/5510
f 2171/5504/5504 1919/5510/5510 1977/5511/5511
f 1697/5506/5506 1737/5519/5519 1692/5505/5505
f 1692/5505/5505 1737/5519/5519 1780/5520/5520
f 1692/5505/5505 1780/5520/5520 1821/5521/5521
f 1872/5507/5507 1800/5517/5517 1697/5506/5506
f 1697/5506/5506 1800/5517/5517 1747/5518/5518
f 1697/5506/5506 1747/5518/5518 1737/5519/5519
f 2176/5508/5508 1949/5514/5514 1872/5507/5507
f 1872/5507/5507 1949/5514/5514 1901/5515/5515
f 1872/5507/5507 1901/5515/5515 1833/5516/5516
f 2171/5504/5504 2017/5512/5512 2176/5508/5508
f 2176/5508/5508 2017/5512/5512 1993/5513/5513
f 2176/5508/5508 1993/5513/5513 1949/5514/5514
f 1977/5511/5511 2017/5512/5512 2171/5504/5504
f 1833/5516/5516 1800/5517/5517 1872/5507/5507
f 1821/5521/5521 1864/5509/5509 1692/5505/5505
f 2171/5523/5523 2176/5524/5524 2170/5522/5522
f 2170/5522/5522 2176/5524/5524 2175/5525/5525
f 1871/5526/5526 2175/5527/5527 1872/5529/5529
f 1872/5529/5529 2175/5527/5527 2176/5528/5528
f 1696/5530/5530 1871/5531/5531 1697/5533/5533
f 1697/5533/5533 1871/5531/5531 1872/5532/5532
f 1920/5535/5535 1864/5547/5547 1865/5534/5534
f 1865/5534/5534 1864/5547/5547 1821/5548/5548
f 1865/5534/5534 1821/5548/5548 1822/5546/5546
f 1822/5546/5546 1821/5548/5548 1780/5549/5549
f 1822/5546/5546 1780/5549/5549 1781/5545/5545
f 1781/5545/5545 1780/5549/5549 1737/5550/5550
f 1781/5545/5545 1737/5550/5550 1738/5544/5544
f 1738/5544/5544 1737/5550/5550 1747/5551/5551
f 1738/5544/5544 1747/5551/5551 1748/5543/5543
f 1748/5543/5543 1747/5551/5551 1800/5552/5552
f 1748/5543/5543 1800/5552/5552 1801/5542/5542
f 1801/5542/5542 1800/5552/5552 1833/5560/5560
f 1801/5542/5542 1833/5561/5561 1834/5541/5541
f 1834/5562/5562 1833/5553/5553 1901/5554/5554
f 1834/5563/5563 1901/5554/5554 1902/5540/5540
f 1902/5540/5540 1901/5554/5554 1949/5555/5555
f 1902/5540/5540 1949/5555/5555 1950/5539/5539
f 1950/5539/5539 1949/5555/5555 1993/5556/5556
f 1950/5539/5539 1993/5556/5556 1994/5538/5538
f 1994/5538/5538 1993/5556/5556 2017/5557/5557
f 1994/5538/5538 2017/5557/5557 2018/5537/5537
f 2018/5537/5537 2017/5557/5557 1977/5558/5558
f 2018/5537/5537 1977/5558/5558 1978/5536/5536
f 1978/5536/5536 1977/5558/5558 1919/5559/5559
f 1978/5536/5536 1919/5559/5559 1920/5535/5535
f 1920/5535/5535 1919/5559/5559 1864/5547/5547
f 1812/5577/5577 1863/5564/5564 1865/5578/5578
f 1865/5578/5578 1863/5564/5564 1934/5565/5565
f 1865/5578/5578 1934/5565/5565 1920/5590/5590
f 1920/5590/5590 1934/5565/5565 1990/5566/5566
f 1920/5590/5590 1990/5566/5566 1978/5589/5589
f 1978/5589/5589 1990/5566/5566 2048/5567/5567
f 1978/5589/5589 2048/5567/5567 2018/5588/5588
f 2018/5588/5588 2048/5567/5567 2050/5568/5568
f 2018/5588/5588 2050/5568/5568 1994/5587/5587
f 1994/5587/5587 2050/5568/5568 2000/5569/5569
f 1994/5587/5587 2000/5569/5569 1950/5586/5586
f 1950/5586/5586 2000/5569/5569 1936/5570/5570
f 1950/5586/5586 1936/5570/5570 1902/5585/5585
f 1902/5585/5585 1936/5570/5570 1868/5591/5591
f 1902/5585/5585 1868/5592/5592 1834/5584/5584
f 1834/5593/5593 1868/5571/5571 1814/5572/5572
f 1834/5594/5594 1814/5572/5572 1801/5583/5583
f 1801/5583/5583 1814/5572/5572 1754/5573/5573
f 1801/5583/5583 1754/5573/5573 1748/5582/5582
f 1748/5582/5582 1754/5573/5573 1728/5574/5574
f 1748/5582/5582 1728/5574/5574 1738/5581/5581
f 1738/5581/5581 1728/5574/5574 1726/5575/5575
f 1738/5581/5581 1726/5575/5575 1781/5580/5580
f 1781/5580/5580 1726/5575/5575 1744/5576/5576
f 1781/5580/5580 1744/5576/5576 1822/5579/5579
f 1822/5579/5579 1744/5576/5576 1812/5577/5577
f 1822/5579/5579 1812/5577/5577 1865/5578/5578
f 1752/5606/5606 1751/5595/5595 1804/5605/5605
f 1804/5605/5605 1751/5595/5595 1803/5596/5596
f 1804/5605/5605 1803/5596/5596 1840/5604/5604
f 1840/5604/5604 1803/5596/5596 1839/5597/5597
f 1840/5604/5604 1839/5597/5597 1892/5603/5603
f 1892/5603/5603 1839/5597/5597 1891/5598/5598
f 1892/5603/5603 1891/5598/5598 1953/5602/5602
f 1953/5602/5602 1891/5598/5598 1952/5599/5599
f 1953/5602/5602 1952/5599/5599 1998/5601/5601
f 1998/5601/5601 1952/5599/5599 1997/5600/5600
f 1209/5607/5607 629/5608/5608 1207/5610/5610
f 1207/5610/5610 629/5608/5608 627/5609/5609
f 635/5612/5612 633/5613/5613 629/5611/5611
f 629/5611/5611 633/5613/5613 627/5616/5616
f 627/5616/5616 633/5613/5613 626/5615/5615
f 626/5615/5615 633/5613/5613 632/5614/5614
f 633/5617/5617 495/5618/5618 632/5620/5620
f 632/5620/5620 495/5618/5618 494/5619/5619
f 499/5622/5622 499/5623/5623 635/5621/5621
f 635/5621/5621 499/5623/5623 633/5625/5625
f 633/5625/5625 499/5623/5623 495/5624/5624
f 494/5626/5626 495/5627/5627 498/5629/5629
f 498/5629/5629 495/5627/5627 499/5628/5628
f 443/5630/5630 445/5631/5631 443/5634/5634
f 443/5634/5634 445/5631/5631 160/5632/5632
f 443/5634/5634 160/5632/5632 156/5633/5633
f 155/5636/5636 442/5637/5637 156/5635/5635
f 156/5635/5635 442/5637/5637 443/5638/5638
f 156/5639/5639 160/5640/5640 155/5642/5642
f 155/5642/5642 160/5640/5640 159/5641/5641
f 445/5643/5643 66/5644/5644 160/5648/5648
f 160/5648/5648 66/5644/5644 4/5645/5645
f 160/5648/5648 4/5645/5645 3/5646/5646
f 3/5646/5646 159/5647/5647 160/5648/5648
f 8/5650/5650 16/5654/5654 12/5649/5649
f 12/5649/5649 16/5654/5654 15/5655/5655
f 12/5649/5649 15/5655/5655 11/5656/5656
f 7/5651/5651 3/5652/5652 8/5650/5650
f 8/5650/5650 3/5652/5652 4/5653/5653
f 8/5650/5650 4/5653/5653 16/5654/5654
f 70/5670/5670 8/5657/5657 130/5665/5665
f 130/5665/5665 8/5657/5657 12/5658/5658
f 130/5665/5665 12/5658/5658 134/5664/5664
f 134/5664/5664 12/5658/5658 74/5659/5659
f 134/5664/5664 74/5659/5659 222/5663/5663
f 222/5663/5663 74/5659/5659 270/5662/5662
f 270/5662/5662 74/5659/5659 304/5661/5661
f 304/5661/5661 74/5659/5659 358/5660/5660
f 130/5665/5665 218/5666/5666 70/5670/5670
f 70/5670/5670 218/5666/5666 266/5667/5667
f 70/5670/5670 266/5667/5667 300/5668/5668
f 300/5668/5668 352/5669/5669 70/5670/5670
f 353/5672/5672 300/5685/5685 301/5671/5671
f 301/5671/5671 300/5685/5685 266/5686/5686
f 301/5671/5671 266/5686/5686 267/5683/5683
f 267/5683/5683 266/5686/5686 218/5687/5687
f 267/5683/5683 218/5687/5687 219/5682/5682
f 219/5682/5682 218/5687/5687 130/5688/5688
f 219/5682/5682 130/5688/5688 131/5681/5681
f 131/5681/5681 130/5688/5688 134/5689/5689
f 131/5681/5681 134/5689/5689 164/5680/5680
f 164/5680/5680 134/5689/5689 222/5690/5690
f 164/5680/5680 222/5690/5690 242/5679/5679
f 242/5679/5679 222/5690/5690 270/5691/5691
f 242/5679/5679 270/5691/5691 290/5678/5678
f 290/5678/5678 270/5691/5691 304/5700/5700
f 290/5678/5678 304/5701/5701 338/5677/5677
f 338/5702/5702 304/5692/5692 358/5693/5693
f 338/5703/5703 358/5693/5693 426/5676/5676
f 426/5676/5676 358/5693/5693 357/5694/5694
f 426/5676/5676 357/5694/5694 451/5695/5695
f 448/5673/5673 447/5698/5698 353/5672/5672
f 353/5672/5672 447/5698/5698 351/5699/5699
f 353/5672/5672 351/5699/5699 352/5684/5684
f 447/5698/5698 448/5673/5673 531/5697/5697
f 531/5697/5697 448/5673/5673 532/5674/5674
f 531/5697/5697 532/5674/5674 535/5696/5696
f 535/5696/5696 532/5674/5674 503/5675/5675
f 535/5696/5696 503/5675/5675 451/5695/5695
f 451/5695/5695 503/5675/5675 426/5676/5676
f 352/5684/5684 300/5685/5685 353/5672/5672
f 250/5717/5717 298/5704/5704 301/5718/5718
f 301/5718/5718 298/5704/5704 399/5705/5705
f 301/5718/5718 399/5705/5705 353/5730/5730
f 353/5730/5730 399/5705/5705 501/5706/5706
f 353/5730/5730 501/5706/5706 448/5729/5729
f 448/5729/5729 501/5706/5706 564/5707/5707
f 448/5729/5729 564/5707/5707 532/5728/5728
f 532/5728/5728 564/5707/5707 566/5708/5708
f 532/5728/5728 566/5708/5708 503/5727/5727
f 503/5727/5727 566/5708/5708 505/5709/5709
f 503/5727/5727 505/5709/5709 426/5726/5726
f 426/5726/5726 505/5709/5709 401/5710/5710
f 426/5726/5726 401/5710/5710 338/5725/5725
f 338/5725/5725 401/5710/5710 306/5731/5731
f 338/5725/5725 306/5732/5732 290/5724/5724
f 290/5733/5733 306/5711/5711 252/5712/5712
f 290/5734/5734 252/5712/5712 242/5723/5723
f 242/5723/5723 252/5712/5712 166/5713/5713
f 242/5723/5723 166/5713/5713 164/5722/5722
f 164/5722/5722 166/5713/5713 116/5714/5714
f 164/5722/5722 116/5714/5714 131/5721/5721
f 131/5721/5721 116/5714/5714 114/5715/5715
f 131/5721/5721 114/5715/5715 219/5720/5720
f 219/5720/5720 114/5715/5715 162/5716/5716
f 219/5720/5720 162/5716/5716 267/5719/5719
f 267/5719/5719 162/5716/5716 250/5717/5717
f 267/5719/5719 250/5717/5717 301/5718/5718
f 453/5736/5736 170/5737/5737 76/5735/5735
f 76/5735/5735 170/5737/5737 16/5740/5740
f 16/5740/5740 170/5737/5737 15/5739/5739
f 15/5739/5739 170/5737/5737 169/5738/5738
f 66/5741/5741 76/5742/5742 4/5744/5744
f 4/5744/5744 76/5742/5742 16/5743/5743
f 170/5745/5745 174/5746/5746 169/5748/5748
f 169/5748/5748 174/5746/5746 173/5747/5747
f 453/5749/5749 455/5750/5750 170/5752/5752
f 170/5752/5752 455/5750/5750 174/5751/5751
f 455/5753/5753 78/5754/5754 174/5758/5758
f 174/5758/5758 78/5754/5754 20/5755/5755
f 174/5758/5758 20/5755/5755 19/5756/5756
f 19/5756/5756 173/5757/5757 174/5758/5758
f 24/5760/5760 32/5764/5764 28/5759/5759
f 28/5759/5759 32/5764/5764 31/5765/5765
f 28/5759/5759 31/5765/5765 27/5766/5766
f 23/5761/5761 19/5762/5762 24/5760/5760
f 24/5760/5760 19/5762/5762 20/5763/5763
f 24/5760/5760 20/5763/5763 32/5764/5764
f 82/5780/5780 24/5767/5767 136/5775/5775
f 136/5775/5775 24/5767/5767 28/5768/5768
f 136/5775/5775 28/5768/5768 140/5774/5774
f 140/5774/5774 28/5768/5768 86/5769/5769
f 140/5774/5774 86/5769/5769 228/5773/5773
f 228/5773/5773 86/5769/5769 276/5772/5772
f 276/5772/5772 86/5769/5769 314/5771/5771
f 314/5771/5771 86/5769/5769 368/5770/5770
f 136/5775/5775 224/5776/5776 82/5780/5780
f 82/5780/5780 224/5776/5776 272/5777/5777
f 82/5780/5780 272/5777/5777 310/5778/5778
f 310/5778/5778 362/5779/5779 82/5780/5780
f 363/5782/5782 310/5795/5795 311/5781/5781
f 311/5781/5781 310/5795/5795 272/5796/5796
f 311/5781/5781 272/5796/5796 273/5793/5793
f 273/5793/5793 272/5796/5796 224/5797/5797
f 273/5793/5793 224/5797/5797 225/5792/5792
f 225/5792/5792 224/5797/5797 136/5798/5798
f 225/5792/5792 136/5798/5798 137/5791/5791
f 137/5791/5791 136/5798/5798 140/5799/5799
f 137/5791/5791 140/5799/5799 178/5790/5790
f 178/5790/5790 140/5799/5799 228/5800/5800
f 178/5790/5790 228/5800/5800 244/5789/5789
f 244/5789/5789 228/5800/5800 276/5801/5801
f 244/5789/5789 276/5801/5801 292/5788/5788
f 292/5788/5788 276/5801/5801 314/5810/5810
f 292/5788/5788 314/5811/5811 340/5787/5787
f 340/5812/5812 314/5802/5802 368/5803/5803
f 340/5813/5813 368/5803/5803 428/5786/5786
f 428/5786/5786 368/5803/5803 367/5804/5804
f 428/5786/5786 367/5804/5804 461/5805/5805
f 458/5783/5783 457/5808/5808 363/5782/5782
f 363/5782/5782 457/5808/5808 361/5809/5809
f 363/5782/5782 361/5809/5809 362/5794/5794
f 457/5808/5808 458/5783/5783 537/5807/5807
f 537/5807/5807 458/5783/5783 538/5784/5784
f 537/5807/5807 538/5784/5784 541/5806/5806
f 541/5806/5806 538/5784/5784 509/5785/5785
f 541/5806/5806 509/5785/5785 461/5805/5805
f 461/5805/5805 509/5785/5785 428/5786/5786
f 362/5794/5794 310/5795/5795 363/5782/5782
f 254/5827/5827 308/5814/5814 311/5828/5828
f 311/5828/5828 308/5814/5814 403/5815/5815
f 311/5828/5828 403/5815/5815 363/5840/5840
f 363/5840/5840 403/5815/5815 507/5816/5816
f 363/5840/5840 507/5816/5816 458/5839/5839
f 458/5839/5839 507/5816/5816 568/5817/5817
f 458/5839/5839 568/5817/5817 538/5838/5838
f 538/5838/5838 568/5817/5817 570/5818/5818
f 538/5838/5838 570/5818/5818 509/5837/5837
f 509/5837/5837 570/5818/5818 511/5819/5819
f 509/5837/5837 511/5819/5819 428/5836/5836
f 428/5836/5836 511/5819/5819 405/5820/5820
f 428/5836/5836 405/5820/5820 340/5835/5835
f 340/5835/5835 405/5820/5820 316/5841/5841
f 340/5835/5835 316/5842/5842 292/5834/5834
f 292/5843/5843 316/5821/5821 256/5822/5822
f 292/5844/5844 256/5822/5822 244/5833/5833
f 244/5833/5833 256/5822/5822 180/5823/5823
f 244/5833/5833 180/5823/5823 178/5832/5832
f 178/5832/5832 180/5823/5823 120/5824/5824
f 178/5832/5832 120/5824/5824 137/5831/5831
f 137/5831/5831 120/5824/5824 118/5825/5825
f 137/5831/5831 118/5825/5825 225/5830/5830
f 225/5830/5830 118/5825/5825 176/5826/5826
f 225/5830/5830 176/5826/5826 273/5829/5829
f 273/5829/5829 176/5826/5826 254/5827/5827
f 273/5829/5829 254/5827/5827 311/5828/5828
f 463/5846/5846 184/5847/5847 88/5845/5845
f 88/5845/5845 184/5847/5847 32/5850/5850
f 32/5850/5850 184/5847/5847 31/5849/5849
f 31/5849/5849 184/5847/5847 183/5848/5848
f 78/5851/5851 88/5852/5852 20/5854/5854
f 20/5854/5854 88/5852/5852 32/5853/5853
f 184/5855/5855 188/5856/5856 183/5858/5858
f 183/5858/5858 188/5856/5856 187/5857/5857
f 463/5859/5859 465/5860/5860 184/5862/5862
f 184/5862/5862 465/5860/5860 188/5861/5861
f 465/5863/5863 90/5864/5864 188/5868/5868
f 188/5868/5868 90/5864/5864 36/5865/5865
f 188/5868/5868 36/5865/5865 35/5866/5866
f 35/5866/5866 187/5867/5867 188/5868/5868
f 40/5870/5870 48/5874/5874 44/5869/5869
f 44/5869/5869 48/5874/5874 47/5875/5875
f 44/5869/5869 47/5875/5875 43/5876/5876
f 39/5871/5871 35/5872/5872 40/5870/5870
f 40/5870/5870 35/5872/5872 36/5873/5873
f 40/5870/5870 36/5873/5873 48/5874/5874
f 94/5890/5890 40/5877/5877 142/5885/5885
f 142/5885/5885 40/5877/5877 44/5878/5878
f 142/5885/5885 44/5878/5878 146/5884/5884
f 146/5884/5884 44/5878/5878 98/5879/5879
f 146/5884/5884 98/5879/5879 234/5883/5883
f 234/5883/5883 98/5879/5879 282/5882/5882
f 282/5882/5882 98/5879/5879 324/5881/5881
f 324/5881/5881 98/5879/5879 378/5880/5880
f 142/5885/5885 230/5886/5886 94/5890/5890
f 94/5890/5890 230/5886/5886 278/5887/5887
f 94/5890/5890 278/5887/5887 320/5888/5888
f 320/5888/5888 372/5889/5889 94/5890/5890
f 373/5892/5892 320/5905/5905 321/5891/5891
f 321/5891/5891 320/5905/5905 278/5906/5906
f 321/5891/5891 278/5906/5906 279/5903/5903
f 279/5903/5903 278/5906/5906 230/5907/5907
f 279/5903/5903 230/5907/5907 231/5902/5902
f 231/5902/5902 230/5907/5907 142/5908/5908
f 231/5902/5902 142/5908/5908 143/5901/5901
f 143/5901/5901 142/5908/5908 146/5909/5909
f 143/5901/5901 146/5909/5909 192/5900/5900
f 192/5900/5900 146/5909/5909 234/5910/5910
f 192/5900/5900 234/5910/5910 246/5899/5899
f 246/5899/5899 234/5910/5910 282/5911/5911
f 246/5899/5899 282/5911/5911 294/5898/5898
f 294/5898/5898 282/5911/5911 324/5920/5920
f 294/5898/5898 324/5921/5921 342/5897/5897
f 342/5922/5922 324/5912/5912 378/5913/5913
f 342/5923/5923 378/5913/5913 430/5896/5896
f 430/5896/5896 378/5913/5913 377/5914/5914
f 430/5896/5896 377/5914/5914 471/5915/5915
f 468/5893/5893 467/5918/5918 373/5892/5892
f 373/5892/5892 467/5918/5918 371/5919/5919
f 373/5892/5892 371/5919/5919 372/5904/5904
f 467/5918/5918 468/5893/5893 543/5917/5917
f 543/5917/5917 468/5893/5893 544/5894/5894
f 543/5917/5917 544/5894/5894 547/5916/5916
f 547/5916/5916 544/5894/5894 515/5895/5895
f 547/5916/5916 515/5895/5895 471/5915/5915
f 471/5915/5915 515/5895/5895 430/5896/5896
f 372/5904/5904 320/5905/5905 373/5892/5892
f 258/5937/5937 318/5924/5924 321/5938/5938
f 321/5938/5938 318/5924/5924 407/5925/5925
f 321/5938/5938 407/5925/5925 373/5950/5950
f 373/5950/5950 407/5925/5925 513/5926/5926
f 373/5950/5950 513/5926/5926 468/5949/5949
f 468/5949/5949 513/5926/5926 572/5927/5927
f 468/5949/5949 572/5927/5927 544/5948/5948
f 544/5948/5948 572/5927/5927 574/5928/5928
f 544/5948/5948 574/5928/5928 515/5947/5947
f 515/5947/5947 574/5928/5928 517/5929/5929
f 515/5947/5947 517/5929/5929 430/5946/5946
f 430/5946/5946 517/5929/5929 409/5930/5930
f 430/5946/5946 409/5930/5930 342/5945/5945
f 342/5945/5945 409/5930/5930 326/5951/5951
f 342/5945/5945 326/5952/5952 294/5944/5944
f 294/5953/5953 326/5931/5931 260/5932/5932
f 294/5954/5954 260/5932/5932 246/5943/5943
f 246/5943/5943 260/5932/5932 194/5933/5933
f 246/5943/5943 194/5933/5933 192/5942/5942
f 192/5942/5942 194/5933/5933 124/5934/5934
f 192/5942/5942 124/5934/5934 143/5941/5941
f 143/5941/5941 124/5934/5934 122/5935/5935
f 143/5941/5941 122/5935/5935 231/5940/5940
f 231/5940/5940 122/5935/5935 190/5936/5936
f 231/5940/5940 190/5936/5936 279/5939/5939
f 279/5939/5939 190/5936/5936 258/5937/5937
f 279/5939/5939 258/5937/5937 321/5938/5938
f 473/5956/5956 198/5957/5957 100/5955/5955
f 100/5955/5955 198/5957/5957 48/5960/5960
f 48/5960/5960 198/5957/5957 47/5959/5959
f 47/5959/5959 198/5957/5957 197/5958/5958
f 90/5961/5961 100/5962/5962 36/5964/5964
f 36/5964/5964 100/5962/5962 48/5963/5963
f 198/5965/5965 202/5966/5966 197/5968/5968
f 197/5968/5968 202/5966/5966 201/5967/5967
f 473/5969/5969 475/5970/5970 198/5972/5972
f 198/5972/5972 475/5970/5970 202/5971/5971
f 475/5973/5973 102/5974/5974 202/5978/5978
f 202/5978/5978 102/5974/5974 52/5975/5975
f 202/5978/5978 52/5975/5975 51/5976/5976
f 51/5976/5976 201/5977/5977 202/5978/5978
f 56/5980/5980 64/5984/5984 60/5979/5979
f 60/5979/5979 64/5984/5984 63/5985/5985
f 60/5979/5979 63/5985/5985 59/5986/5986
f 55/5981/5981 51/5982/5982 56/5980/5980
f 56/5980/5980 51/5982/5982 52/5983/5983
f 56/5980/5980 52/5983/5983 64/5984/5984
f 106/6000/6000 56/5987/5987 148/5995/5995
f 148/5995/5995 56/5987/5987 60/5988/5988
f 148/5995/5995 60/5988/5988 152/5994/5994
f 152/5994/5994 60/5988/5988 110/5989/5989
f 152/5994/5994 110/5989/5989 240/5993/5993
f 240/5993/5993 110/5989/5989 288/5992/5992
f 288/5992/5992 110/5989/5989 334/5991/5991
f 334/5991/5991 110/5989/5989 388/5990/5990
f 148/5995/5995 236/5996/5996 106/6000/6000
f 106/6000/6000 236/5996/5996 284/5997/5997
f 106/6000/6000 284/5997/5997 330/5998/5998
f 330/5998/5998 382/5999/5999 106/6000/6000
f 383/6002/6002 330/6015/6015 331/6001/6001
f 331/6001/6001 330/6015/6015 284/6016/6016
f 331/6001/6001 284/6016/6016 285/6013/6013
f 285/6013/6013 284/6016/6016 236/6017/6017
f 285/6013/6013 236/6017/6017 237/6012/6012
f 237/6012/6012 236/6017/6017 148/6018/6018
f 237/6012/6012 148/6018/6018 149/6011/6011
f 149/6011/6011 148/6018/6018 152/6019/6019
f 149/6011/6011 152/6019/6019 206/6010/6010
f 206/6010/6010 152/6019/6019 240/6020/6020
f 206/6010/6010 240/6020/6020 248/6009/6009
f 248/6009/6009 240/6020/6020 288/6021/6021
f 248/6009/6009 288/6021/6021 296/6008/6008
f 296/6008/6008 288/6021/6021 334/6030/6030
f 296/6008/6008 334/6031/6031 344/6007/6007
f 344/6032/6032 334/6022/6022 388/6023/6023
f 344/6033/6033 388/6023/6023 432/6006/6006
f 432/6006/6006 388/6023/6023 387/6024/6024
f 432/6006/6006 387/6024/6024 481/6025/6025
f 478/6003/6003 477/6028/6028 383/6002/6002
f 383/6002/6002 477/6028/6028 381/6029/6029
f 383/6002/6002 381/6029/6029 382/6014/6014
f 477/6028/6028 478/6003/6003 549/6027/6027
f 549/6027/6027 478/6003/6003 550/6004/6004
f 549/6027/6027 550/6004/6004 553/6026/6026
f 553/6026/6026 550/6004/6004 521/6005/6005
f 553/6026/6026 521/6005/6005 481/6025/6025
f 481/6025/6025 521/6005/6005 432/6006/6006
f 382/6014/6014 330/6015/6015 383/6002/6002
f 262/6047/6047 328/6034/6034 331/6048/6048
f 331/6048/6048 328/6034/6034 411/6035/6035
f 331/6048/6048 411/6035/6035 383/6060/6060
f 383/6060/6060 411/6035/6035 519/6036/6036
f 383/6060/6060 519/6036/6036 478/6059/6059
f 478/6059/6059 519/6036/6036 576/6037/6037
f 478/6059/6059 576/6037/6037 550/6058/6058
f 550/6058/6058 576/6037/6037 578/6038/6038
f 550/6058/6058 578/6038/6038 521/6057/6057
f 521/6057/6057 578/6038/6038 523/6039/6039
f 521/6057/6057 523/6039/6039 432/6056/6056
f 432/6056/6056 523/6039/6039 413/6040/6040
f 432/6056/6056 413/6040/6040 344/6055/6055
f 344/6055/6055 413/6040/6040 336/6061/6061
f 344/6055/6055 336/6062/6062 296/6054/6054
f 296/6063/6063 336/6041/6041 264/6042/6042
f 296/6064/6064 264/6042/6042 248/6053/6053
f 248/6053/6053 264/6042/6042 208/6043/6043
f 248/6053/6053 208/6043/6043 206/6052/6052
f 206/6052/6052 208/6043/6043 128/6044/6044
f 206/6052/6052 128/6044/6044 149/6051/6051
f 149/6051/6051 128/6044/6044 126/6045/6045
f 149/6051/6051 126/6045/6045 237/6050/6050
f 237/6050/6050 126/6045/6045 204/6046/6046
f 237/6050/6050 204/6046/6046 285/6049/6049
f 285/6049/6049 204/6046/6046 262/6047/6047
f 285/6049/6049 262/6047/6047 331/6048/6048
f 211/6066/6066 63/6067/6067 212/6065/6065
f 212/6065/6065 63/6067/6067 64/6068/6068
f 212/6065/6065 64/6068/6068 112/6069/6069
f 112/6069/6069 483/6070/6070 212/6065/6065
f 212/6071/6071 216/6072/6072 211/6074/6074
f 211/6074/6074 216/6072/6072 215/6073/6073
f 487/6075/6075 216/6076/6076 483/6078/6078
f 483/6078/6078 216/6076/6076 212/6077/6077
f 102/6079/6079 112/6080/6080 52/6082/6082
f 52/6082/6082 112/6080/6080 64/6081/6081
f 370/6084/6084 376/6085/6085 370/6083/6083
f 370/6083/6083 376/6085/6085 376/6086/6086
f 370/6083/6083 376/6086/6086 466/6090/6090
f 466/6090/6090 376/6086/6086 470/6087/6087
f 466/6090/6090 470/6087/6087 542/6089/6089
f 542/6089/6089 470/6087/6087 546/6088/6088
f 374/6092/6092 323/6120/6120 322/6091/6091
f 322/6121/6121 323/6105/6105 281/6106/6106
f 322/6122/6122 281/6106/6106 280/6103/6103
f 280/6103/6103 281/6106/6106 233/6107/6107
f 280/6103/6103 233/6107/6107 232/6102/6102
f 232/6102/6102 233/6107/6107 145/6108/6108
f 232/6102/6102 145/6108/6108 144/6101/6101
f 144/6101/6101 145/6108/6108 141/6109/6109
f 144/6101/6101 141/6109/6109 191/6100/6100
f 191/6100/6100 141/6109/6109 229/6110/6110
f 191/6100/6100 229/6110/6110 245/6099/6099
f 245/6099/6099 229/6110/6110 277/6111/6111
f 245/6099/6099 277/6111/6111 293/6098/6098
f 293/6098/6098 277/6111/6111 319/6112/6112
f 293/6098/6098 319/6112/6112 341/6097/6097
f 341/6097/6097 319/6112/6112 369/6113/6113
f 341/6097/6097 369/6113/6113 429/6096/6096
f 429/6096/6096 369/6113/6113 370/6114/6114
f 429/6096/6096 370/6114/6114 466/6115/6115
f 469/6093/6093 470/6118/6118 374/6092/6092
f 374/6092/6092 470/6118/6118 376/6119/6119
f 374/6092/6092 376/6119/6119 375/6104/6104
f 470/6118/6118 469/6093/6093 546/6117/6117
f 546/6117/6117 469/6093/6093 545/6094/6094
f 546/6117/6117 545/6094/6094 542/6116/6116
f 542/6116/6116 545/6094/6094 514/6095/6095
f 542/6116/6116 514/6095/6095 466/6115/6115
f 466/6115/6115 514/6095/6095 429/6096/6096
f 375/6104/6104 323/6123/6123 374/6092/6092
f 259/6137/6137 325/6151/6151 322/6138/6138
f 322/6152/6152 325/6124/6124 408/6125/6125
f 322/6153/6153 408/6125/6125 374/6150/6150
f 374/6150/6150 408/6125/6125 516/6126/6126
f 374/6150/6150 516/6126/6126 469/6149/6149
f 469/6149/6149 516/6126/6126 573/6127/6127
f 469/6149/6149 573/6127/6127 545/6148/6148
f 545/6148/6148 573/6127/6127 571/6128/6128
f 545/6148/6148 571/6128/6128 514/6147/6147
f 514/6147/6147 571/6128/6128 512/6129/6129
f 514/6147/6147 512/6129/6129 429/6146/6146
f 429/6146/6146 512/6129/6129 406/6130/6130
f 429/6146/6146 406/6130/6130 341/6145/6145
f 341/6145/6145 406/6130/6130 317/6131/6131
f 341/6145/6145 317/6131/6131 293/6144/6144
f 293/6144/6144 317/6131/6131 257/6132/6132
f 293/6144/6144 257/6132/6132 245/6143/6143
f 245/6143/6143 257/6132/6132 189/6133/6133
f 245/6143/6143 189/6133/6133 191/6142/6142
f 191/6142/6142 189/6133/6133 121/6134/6134
f 191/6142/6142 121/6134/6134 144/6141/6141
f 144/6141/6141 121/6134/6134 123/6135/6135
f 144/6141/6141 123/6135/6135 232/6140/6140
f 232/6140/6140 123/6135/6135 193/6136/6136
f 232/6140/6140 193/6136/6136 280/6139/6139
f 280/6139/6139 193/6136/6136 259/6137/6137
f 280/6139/6139 259/6137/6137 322/6138/6138
f 360/6155/6155 366/6156/6156 360/6154/6154
f 360/6154/6154 366/6156/6156 366/6157/6157
f 360/6154/6154 366/6157/6157 456/6161/6161
f 456/6161/6161 366/6157/6157 460/6158/6158
f 456/6161/6161 460/6158/6158 536/6160/6160
f 536/6160/6160 460/6158/6158 540/6159/6159
f 364/6163/6163 313/6191/6191 312/6162/6162
f 312/6192/6192 313/6176/6176 275/6177/6177
f 312/6193/6193 275/6177/6177 274/6174/6174
f 274/6174/6174 275/6177/6177 227/6178/6178
f 274/6174/6174 227/6178/6178 226/6173/6173
f 226/6173/6173 227/6178/6178 139/6179/6179
f 226/6173/6173 139/6179/6179 138/6172/6172
f 138/6172/6172 139/6179/6179 135/6180/6180
f 138/6172/6172 135/6180/6180 177/6171/6171
f 177/6171/6171 135/6180/6180 223/6181/6181
f 177/6171/6171 223/6181/6181 243/6170/6170
f 243/6170/6170 223/6181/6181 271/6182/6182
f 243/6170/6170 271/6182/6182 291/6169/6169
f 291/6169/6169 271/6182/6182 309/6183/6183
f 291/6169/6169 309/6183/6183 339/6168/6168
f 339/6168/6168 309/6183/6183 359/6184/6184
f 339/6168/6168 359/6184/6184 427/6167/6167
f 427/6167/6167 359/6184/6184 360/6185/6185
f 427/6167/6167 360/6185/6185 456/6186/6186
f 459/6164/6164 460/6189/6189 364/6163/6163
f 364/6163/6163 460/6189/6189 366/6190/6190
f 364/6163/6163 366/6190/6190 365/6175/6175
f 460/6189/6189 459/6164/6164 540/6188/6188
f 540/6188/6188 459/6164/6164 539/6165/6165
f 540/6188/6188 539/6165/6165 536/6187/6187
f 536/6187/6187 539/6165/6165 508/6166/6166
f 536/6187/6187 508/6166/6166 456/6186/6186
f 456/6186/6186 508/6166/6166 427/6167/6167
f 365/6175/6175 313/6194/6194 364/6163/6163
f 255/6208/6208 315/6222/6222 312/6209/6209
f 312/6223/6223 315/6195/6195 404/6196/6196
f 312/6224/6224 404/6196/6196 364/6221/6221
f 364/6221/6221 404/6196/6196 510/6197/6197
f 364/6221/6221 510/6197/6197 459/6220/6220
f 459/6220/6220 510/6197/6197 569/6198/6198
f 459/6220/6220 569/6198/6198 539/6219/6219
f 539/6219/6219 569/6198/6198 567/6199/6199
f 539/6219/6219 567/6199/6199 508/6218/6218
f 508/6218/6218 567/6199/6199 506/6200/6200
f 508/6218/6218 506/6200/6200 427/6217/6217
f 427/6217/6217 506/6200/6200 402/6201/6201
f 427/6217/6217 402/6201/6201 339/6216/6216
f 339/6216/6216 402/6201/6201 307/6202/6202
f 339/6216/6216 307/6202/6202 291/6215/6215
f 291/6215/6215 307/6202/6202 253/6203/6203
f 291/6215/6215 253/6203/6203 243/6214/6214
f 243/6214/6214 253/6203/6203 175/6204/6204
f 243/6214/6214 175/6204/6204 177/6213/6213
f 177/6213/6213 175/6204/6204 117/6205/6205
f 177/6213/6213 117/6205/6205 138/6212/6212
f 138/6212/6212 117/6205/6205 119/6206/6206
f 138/6212/6212 119/6206/6206 226/6211/6211
f 226/6211/6211 119/6206/6206 179/6207/6207
f 226/6211/6211 179/6207/6207 274/6210/6210
f 274/6210/6210 179/6207/6207 255/6208/6208
f 274/6210/6210 255/6208/6208 312/6209/6209
f 350/6226/6226 356/6227/6227 350/6225/6225
f 350/6225/6225 356/6227/6227 356/6228/6228
f 350/6225/6225 356/6228/6228 446/6232/6232
f 446/6232/6232 356/6228/6228 450/6229/6229
f 446/6232/6232 450/6229/6229 530/6231/6231
f 530/6231/6231 450/6229/6229 534/6230/6230
f 354/6234/6234 303/6262/6262 302/6233/6233
f 302/6263/6263 303/6247/6247 269/6248/6248
f 302/6264/6264 269/6248/6248 268/6245/6245
f 268/6245/6245 269/6248/6248 221/6249/6249
f 268/6245/6245 221/6249/6249 220/6244/6244
f 220/6244/6244 221/6249/6249 133/6250/6250
f 220/6244/6244 133/6250/6250 132/6243/6243
f 132/6243/6243 133/6250/6250 129/6251/6251
f 132/6243/6243 129/6251/6251 163/6242/6242
f 163/6242/6242 129/6251/6251 217/6252/6252
f 163/6242/6242 217/6252/6252 241/6241/6241
f 241/6241/6241 217/6252/6252 265/6253/6253
f 241/6241/6241 265/6253/6253 289/6240/6240
f 289/6240/6240 265/6253/6253 299/6254/6254
f 289/6240/6240 299/6254/6254 337/6239/6239
f 337/6239/6239 299/6254/6254 349/6255/6255
f 337/6239/6239 349/6255/6255 425/6238/6238
f 425/6238/6238 349/6255/6255 350/6256/6256
f 425/6238/6238 350/6256/6256 446/6257/6257
f 449/6235/6235 450/6260/6260 354/6234/6234
f 354/6234/6234 450/6260/6260 356/6261/6261
f 354/6234/6234 356/6261/6261 355/6246/6246
f 450/6260/6260 449/6235/6235 534/6259/6259
f 534/6259/6259 449/6235/6235 533/6236/6236
f 534/6259/6259 533/6236/6236 530/6258/6258
f 530/6258/6258 533/6236/6236 502/6237/6237
f 530/6258/6258 502/6237/6237 446/6257/6257
f 446/6257/6257 502/6237/6237 425/6238/6238
f 355/6246/6246 303/6265/6265 354/6234/6234
f 251/6279/6279 305/6293/6293 302/6280/6280
f 302/6294/6294 305/6266/6266 400/6267/6267
f 302/6295/6295 400/6267/6267 354/6292/6292
f 354/6292/6292 400/6267/6267 504/6268/6268
f 354/6292/6292 504/6268/6268 449/6291/6291
f 449/6291/6291 504/6268/6268 565/6269/6269
f 449/6291/6291 565/6269/6269 533/6290/6290
f 533/6290/6290 565/6269/6269 563/6270/6270
f 533/6290/6290 563/6270/6270 502/6289/6289
f 502/6289/6289 563/6270/6270 500/6271/6271
f 502/6289/6289 500/6271/6271 425/6288/6288
f 425/6288/6288 500/6271/6271 398/6272/6272
f 425/6288/6288 398/6272/6272 337/6287/6287
f 337/6287/6287 398/6272/6272 297/6273/6273
f 337/6287/6287 297/6273/6273 289/6286/6286
f 289/6286/6286 297/6273/6273 249/6274/6274
f 289/6286/6286 249/6274/6274 241/6285/6285
f 241/6285/6285 249/6274/6274 161/6275/6275
f 241/6285/6285 161/6275/6275 163/6284/6284
f 163/6284/6284 161/6275/6275 113/6276/6276
f 163/6284/6284 113/6276/6276 132/6283/6283
f 132/6283/6283 113/6276/6276 115/6277/6277
f 132/6283/6283 115/6277/6277 220/6282/6282
f 220/6282/6282 115/6277/6277 165/6278/6278
f 220/6282/6282 165/6278/6278 268/6281/6281
f 268/6281/6281 165/6278/6278 251/6279/6279
f 268/6281/6281 251/6279/6279 302/6280/6280
f 1661/6297/6297 1666/6351/6351 1672/6296/6296
f 1672/6296/6296 1666/6351/6351 1671/6352/6352
f 1672/6296/6296 1671/6353/6353 1664/6323/6323
f 1664/6354/6354 1671/6324/6324 1663/6325/6325
f 1664/6355/6355 1663/6325/6325 1654/6322/6322
f 1654/6322/6322 1663/6325/6325 1653/6326/6326
f 1654/6322/6322 1653/6326/6326 1605/6321/6321
f 1605/6321/6321 1653/6326/6326 1592/6327/6327
f 1605/6321/6321 1592/6327/6327 1550/6320/6320
f 1550/6320/6320 1592/6327/6327 1543/6328/6328
f 1550/6320/6320 1543/6328/6328 1523/6319/6319
f 1523/6319/6319 1543/6328/6328 1517/6329/6329
f 1523/6319/6319 1517/6329/6329 1482/6318/6318
f 1482/6318/6318 1517/6329/6329 1479/6330/6330
f 1482/6318/6318 1479/6330/6330 1428/6317/6317
f 1428/6317/6317 1479/6330/6330 1416/6331/6331
f 1428/6317/6317 1416/6331/6331 1362/6316/6316
f 1362/6316/6316 1416/6331/6331 1359/6332/6332
f 1362/6316/6316 1359/6332/6332 1322/6315/6315
f 1322/6315/6315 1359/6332/6332 1319/6333/6333
f 1322/6315/6315 1319/6333/6333 1295/6314/6314
f 1295/6314/6314 1319/6333/6333 1287/6334/6334
f 1295/6314/6314 1287/6334/6334 1247/6313/6313
f 1247/6313/6313 1287/6334/6334 1242/6335/6335
f 1247/6313/6313 1242/6335/6335 1190/6312/6312
f 1190/6312/6312 1242/6335/6335 1185/6336/6336
f 1190/6312/6312 1185/6336/6336 1175/6311/6311
f 1175/6311/6311 1185/6336/6336 1168/6337/6337
f 1175/6311/6311 1168/6337/6337 1163/6310/6310
f 1163/6310/6310 1168/6337/6337 1164/6338/6338
f 1163/6310/6310 1164/6338/6338 1170/6309/6309
f 1170/6309/6309 1164/6338/6338 1171/6339/6339
f 1170/6309/6309 1171/6339/6339 1187/6308/6308
f 1187/6308/6308 1171/6339/6339 1188/6340/6340
f 1187/6308/6308 1188/6340/6340 1241/6307/6307
f 1241/6307/6307 1188/6340/6340 1244/6341/6341
f 1241/6307/6307 1244/6341/6341 1286/6306/6306
f 1286/6306/6306 1244/6341/6341 1293/6342/6342
f 1286/6306/6306 1293/6342/6342 1318/6305/6305
f 1318/6305/6305 1293/6342/6342 1321/6343/6343
f 1318/6305/6305 1321/6343/6343 1358/6304/6304
f 1358/6304/6304 1321/6343/6343 1361/6344/6344
f 1358/6304/6304 1361/6344/6344 1398/6303/6303
f 1398/6303/6303 1361/6344/6344 1425/6345/6345
f 1398/6303/6303 1425/6345/6345 1478/6302/6302
f 1478/6302/6302 1425/6345/6345 1481/6346/6346
f 1478/6302/6302 1481/6346/6346 1514/6301/6301
f 1514/6301/6301 1481/6346/6346 1519/6347/6347
f 1514/6301/6301 1519/6347/6347 1542/6300/6300
f 1542/6300/6300 1519/6347/6347 1549/6348/6348
f 1542/6300/6300 1549/6348/6348 1591/6299/6299
f 1591/6299/6299 1549/6348/6348 1594/6349/6349
f 1591/6299/6299 1594/6349/6349 1652/6298/6298
f 1652/6298/6298 1594/6349/6349 1656/6350/6350
f 1652/6298/6298 1656/6350/6350 1661/6297/6297
f 1661/6297/6297 1656/6350/6350 1666/6351/6351
f 1616/6357/6357 1657/6466/6466 1635/6356/6356
f 1635/6467/6467 1657/6410/6410 1655/6415/6415
f 1635/6468/6468 1655/6415/6415 1613/6381/6381
f 1613/6381/6381 1655/6415/6415 1612/6464/6464
f 1613/6381/6381 1612/6464/6464 1589/6380/6380
f 1589/6380/6380 1612/6464/6464 1570/6462/6462
f 1589/6380/6380 1570/6462/6462 1551/6379/6379
f 1551/6379/6379 1570/6462/6462 1540/6460/6460
f 1551/6379/6379 1540/6460/6460 1528/6378/6378
f 1528/6378/6378 1540/6460/6460 1513/6458/6458
f 1528/6378/6378 1513/6458/6458 1496/6377/6377
f 1496/6377/6377 1513/6458/6458 1480/6456/6456
f 1496/6377/6377 1480/6456/6456 1457/6376/6376
f 1457/6376/6376 1480/6456/6456 1430/6454/6454
f 1457/6376/6376 1430/6454/6454 1374/6375/6375
f 1374/6375/6375 1430/6454/6454 1364/6452/6452
f 1374/6375/6375 1364/6452/6452 1341/6374/6374
f 1341/6374/6374 1364/6452/6452 1325/6450/6450
f 1341/6374/6374 1325/6450/6450 1311/6373/6373
f 1311/6373/6373 1325/6450/6450 1301/6448/6448
f 1311/6373/6373 1301/6448/6448 1280/6372/6372
f 1280/6372/6372 1301/6448/6448 1275/6445/6445
f 1280/6372/6372 1275/6445/6445 1248/6371/6371
f 1248/6371/6371 1275/6445/6445 1219/6412/6412
f 1248/6371/6371 1219/6412/6412 1220/6370/6370
f 1220/6370/6370 1219/6412/6412 1191/6443/6443
f 1220/6370/6370 1191/6443/6443 1184/6441/6441
f 1184/6441/6441 1191/6443/6443 1180/6444/6444
f 1184/6441/6441 1180/6444/6444 1169/6442/6442
f 1169/6442/6442 1180/6444/6444 1175/6395/6395
f 1169/6442/6442 1175/6395/6395 1163/6396/6396
f 1590/6358/6358 1617/6413/6413 1616/6357/6357
f 1616/6357/6357 1617/6413/6413 1651/6416/6416
f 1616/6357/6357 1651/6416/6416 1657/6469/6469
f 1657/6470/6470 1651/6416/6416 1658/6417/6417
f 1657/6410/6410 1658/6471/6471 1665/6411/6411
f 1665/6472/6472 1658/6417/6417 1661/6409/6409
f 1665/6411/6411 1661/6473/6473 1672/6382/6382
f 1617/6413/6413 1590/6358/6358 1565/6418/6418
f 1565/6418/6418 1590/6358/6358 1556/6359/6359
f 1565/6418/6418 1556/6359/6359 1536/6421/6421
f 1536/6421/6421 1556/6359/6359 1529/6360/6360
f 1536/6421/6421 1529/6360/6360 1511/6423/6423
f 1511/6423/6423 1529/6360/6360 1497/6361/6361
f 1511/6423/6423 1497/6361/6361 1474/6425/6425
f 1474/6425/6425 1497/6361/6361 1462/6362/6362
f 1474/6425/6425 1462/6362/6362 1396/6427/6427
f 1396/6427/6427 1462/6362/6362 1379/6363/6363
f 1396/6427/6427 1379/6363/6363 1360/6429/6429
f 1360/6429/6429 1379/6363/6363 1342/6364/6364
f 1360/6429/6429 1342/6364/6364 1323/6431/6431
f 1323/6431/6431 1342/6364/6364 1312/6365/6365
f 1323/6431/6431 1312/6365/6365 1297/6433/6433
f 1297/6433/6433 1312/6365/6365 1285/6366/6366
f 1297/6433/6433 1285/6366/6366 1274/6435/6435
f 1274/6435/6435 1285/6366/6366 1249/6367/6367
f 1274/6435/6435 1249/6367/6367 1224/6437/6437
f 1224/6437/6437 1249/6367/6367 1223/6368/6368
f 1224/6437/6437 1223/6368/6368 1186/6439/6439
f 1186/6439/6439 1223/6368/6368 1216/6369/6369
f 1186/6439/6439 1216/6369/6369 1184/6441/6441
f 1184/6441/6441 1216/6369/6369 1220/6370/6370
f 1665/6411/6411 1672/6382/6382 1660/6414/6414
f 1660/6414/6414 1672/6382/6382 1664/6383/6383
f 1660/6414/6414 1664/6383/6383 1650/6465/6465
f 1650/6465/6465 1664/6383/6383 1654/6384/6384
f 1650/6465/6465 1654/6384/6384 1593/6463/6463
f 1593/6463/6463 1654/6384/6384 1605/6385/6385
f 1593/6463/6463 1605/6385/6385 1544/6461/6461
f 1544/6461/6461 1605/6385/6385 1550/6386/6386
f 1544/6461/6461 1550/6386/6386 1518/6459/6459
f 1518/6459/6459 1550/6386/6386 1523/6387/6387
f 1518/6459/6459 1523/6387/6387 1483/6457/6457
f 1483/6457/6457 1523/6387/6387 1482/6388/6388
f 1483/6457/6457 1482/6388/6388 1429/6455/6455
f 1429/6455/6455 1482/6388/6388 1428/6389/6389
f 1429/6455/6455 1428/6389/6389 1363/6453/6453
f 1363/6453/6453 1428/6389/6389 1362/6390/6390
f 1363/6453/6453 1362/6390/6390 1324/6451/6451
f 1324/6451/6451 1362/6390/6390 1322/6391/6391
f 1324/6451/6451 1322/6391/6391 1296/6449/6449
f 1296/6449/6449 1322/6391/6391 1295/6392/6392
f 1296/6449/6449 1295/6392/6392 1263/6446/6446
f 1263/6446/6446 1295/6392/6392 1247/6393/6393
f 1263/6446/6446 1247/6393/6393 1203/6447/6447
f 1203/6447/6447 1247/6393/6393 1190/6394/6394
f 1203/6447/6447 1190/6394/6394 1180/6444/6444
f 1180/6444/6444 1190/6394/6394 1175/6395/6395
f 1169/6442/6442 1163/6396/6396 1176/6440/6440
f 1176/6440/6440 1163/6396/6396 1170/6397/6397
f 1176/6440/6440 1170/6397/6397 1192/6438/6438
f 1192/6438/6438 1170/6397/6397 1187/6398/6398
f 1192/6438/6438 1187/6398/6398 1243/6436/6436
f 1243/6436/6436 1187/6398/6398 1241/6399/6399
f 1243/6436/6436 1241/6399/6399 1292/6434/6434
f 1292/6434/6434 1241/6399/6399 1286/6400/6400
f 1292/6434/6434 1286/6400/6400 1320/6432/6432
f 1320/6432/6432 1286/6400/6400 1318/6401/6401
f 1320/6432/6432 1318/6401/6401 1357/6430/6430
f 1357/6430/6430 1318/6401/6401 1358/6402/6402
f 1357/6430/6430 1358/6402/6402 1397/6428/6428
f 1397/6428/6428 1358/6402/6402 1398/6403/6403
f 1397/6428/6428 1398/6403/6403 1477/6426/6426
f 1477/6426/6426 1398/6403/6403 1478/6404/6404
f 1477/6426/6426 1478/6404/6404 1512/6424/6424
f 1512/6424/6424 1478/6404/6404 1514/6405/6405
f 1512/6424/6424 1514/6405/6405 1541/6422/6422
f 1541/6422/6422 1514/6405/6405 1542/6406/6406
f 1541/6422/6422 1542/6406/6406 1588/6419/6419
f 1588/6419/6419 1542/6406/6406 1591/6407/6407
f 1588/6419/6419 1591/6407/6407 1648/6420/6420
f 1648/6420/6420 1591/6407/6407 1652/6408/6408
f 1648/6420/6420 1652/6408/6408 1658/6417/6417
f 1658/6417/6417 1652/6408/6408 1661/6409/6409
f 1657/6410/6410 1665/6411/6411 1655/6415/6415
f 1655/6415/6415 1665/6411/6411 1660/6414/6414
f 1655/6415/6415 1660/6414/6414 1612/6464/6464
f 1612/6464/6464 1660/6414/6414 1650/6465/6465
f 1612/6464/6464 1650/6465/6465 1570/6462/6462
f 1570/6462/6462 1650/6465/6465 1593/6463/6463
f 1570/6462/6462 1593/6463/6463 1540/6460/6460
f 1540/6460/6460 1593/6463/6463 1544/6461/6461
f 1540/6460/6460 1544/6461/6461 1513/6458/6458
f 1513/6458/6458 1544/6461/6461 1518/6459/6459
f 1513/6458/6458 1518/6459/6459 1480/6456/6456
f 1480/6456/6456 1518/6459/6459 1483/6457/6457
f 1480/6456/6456 1483/6457/6457 1430/6454/6454
f 1430/6454/6454 1483/6457/6457 1429/6455/6455
f 1430/6454/6454 1429/6455/6455 1364/6452/6452
f 1364/6452/6452 1429/6455/6455 1363/6453/6453
f 1364/6452/6452 1363/6453/6453 1325/6450/6450
f 1325/6450/6450 1363/6453/6453 1324/6451/6451
f 1325/6450/6450 1324/6451/6451 1301/6448/6448
f 1301/6448/6448 1324/6451/6451 1296/6449/6449
f 1301/6448/6448 1296/6449/6449 1275/6445/6445
f 1275/6445/6445 1296/6449/6449 1263/6446/6446
f 1275/6445/6445 1263/6446/6446 1219/6412/6412
f 1219/6412/6412 1263/6446/6446 1203/6447/6447
f 1219/6412/6412 1203/6447/6447 1191/6443/6443
f 1191/6443/6443 1203/6447/6447 1180/6444/6444
f 1648/6420/6420 1658/6417/6417 1651/6416/6416
f 1565/6418/6418 1588/6419/6419 1617/6413/6413
f 1617/6413/6413 1588/6419/6419 1648/6420/6420
f 1617/6413/6413 1648/6420/6420 1651/6416/6416
f 1588/6419/6419 1565/6418/6418 1541/6422/6422
f 1541/6422/6422 1565/6418/6418 1536/6421/6421
f 1541/6422/6422 1536/6421/6421 1512/6424/6424
f 1512/6424/6424 1536/6421/6421 1511/6423/6423
f 1512/6424/6424 1511/6423/6423 1477/6426/6426
f 1477/6426/6426 1511/6423/6423 1474/6425/6425
f 1477/6426/6426 1474/6425/6425 1397/6428/6428
f 1397/6428/6428 1474/6425/6425 1396/6427/6427
f 1397/6428/6428 1396/6427/6427 1357/6430/6430
f 1357/6430/6430 1396/6427/6427 1360/6429/6429
f 1357/6430/6430 1360/6429/6429 1320/6432/6432
f 1320/6432/6432 1360/6429/6429 1323/6431/6431
f 1320/6432/6432 1323/6431/6431 1292/6434/6434
f 1292/6434/6434 1323/6431/6431 1297/6433/6433
f 1292/6434/6434 1297/6433/6433 1243/6436/6436
f 1243/6436/6436 1297/6433/6433 1274/6435/6435
f 1243/6436/6436 1274/6435/6435 1192/6438/6438
f 1192/6438/6438 1274/6435/6435 1224/6437/6437
f 1192/6438/6438 1224/6437/6437 1176/6440/6440
f 1176/6440/6440 1224/6437/6437 1186/6439/6439
f 1176/6440/6440 1186/6439/6439 1169/6442/6442
f 1169/6442/6442 1186/6439/6439 1184/6441/6441
f 1616/6499/6499 1635/6474/6474 1571/6512/6512
f 1571/6512/6512 1635/6474/6474 1613/6475/6475
f 1571/6512/6512 1613/6475/6475 1561/6511/6511
f 1561/6511/6511 1613/6475/6475 1589/6476/6476
f 1561/6511/6511 1589/6476/6476 1552/6510/6510
f 1552/6510/6510 1589/6476/6476 1551/6477/6477
f 1552/6510/6510 1551/6477/6477 1530/6509/6509
f 1530/6509/6509 1551/6477/6477 1528/6478/6478
f 1530/6509/6509 1528/6478/6478 1503/6508/6508
f 1503/6508/6508 1528/6478/6478 1496/6479/6479
f 1503/6508/6508 1496/6479/6479 1470/6507/6507
f 1470/6507/6507 1496/6479/6479 1457/6480/6480
f 1470/6507/6507 1457/6480/6480 1417/6506/6506
f 1417/6506/6506 1457/6480/6480 1374/6481/6481
f 1417/6506/6506 1374/6481/6481 1365/6505/6505
f 1365/6505/6505 1374/6481/6481 1341/6482/6482
f 1365/6505/6505 1341/6482/6482 1330/6504/6504
f 1330/6504/6504 1341/6482/6482 1311/6483/6483
f 1330/6504/6504 1311/6483/6483 1307/6503/6503
f 1307/6503/6503 1311/6483/6483 1280/6484/6484
f 1307/6503/6503 1280/6484/6484 1281/6502/6502
f 1281/6502/6502 1280/6484/6484 1248/6485/6485
f 1281/6502/6502 1248/6485/6485 1276/6501/6501
f 1276/6501/6501 1248/6485/6485 1220/6486/6486
f 1276/6501/6501 1220/6486/6486 1272/6500/6500
f 1272/6500/6500 1220/6486/6486 1216/6487/6487
f 1272/6500/6500 1216/6487/6487 1223/6488/6488
f 1272/6500/6500 1223/6488/6488 1278/6523/6523
f 1278/6523/6523 1223/6488/6488 1249/6489/6489
f 1278/6523/6523 1249/6489/6489 1283/6522/6522
f 1283/6522/6522 1249/6489/6489 1285/6490/6490
f 1283/6522/6522 1285/6490/6490 1309/6521/6521
f 1309/6521/6521 1285/6490/6490 1312/6491/6491
f 1309/6521/6521 1312/6491/6491 1332/6520/6520
f 1332/6520/6520 1312/6491/6491 1342/6492/6492
f 1332/6520/6520 1342/6492/6492 1367/6519/6519
f 1367/6519/6519 1342/6492/6492 1379/6493/6493
f 1367/6519/6519 1379/6493/6493 1423/6518/6518
f 1423/6518/6518 1379/6493/6493 1462/6494/6494
f 1423/6518/6518 1462/6494/6494 1472/6517/6517
f 1472/6517/6517 1462/6494/6494 1497/6495/6495
f 1472/6517/6517 1497/6495/6495 1505/6516/6516
f 1505/6516/6516 1497/6495/6495 1529/6496/6496
f 1505/6516/6516 1529/6496/6496 1532/6515/6515
f 1532/6515/6515 1529/6496/6496 1556/6497/6497
f 1532/6515/6515 1556/6497/6497 1554/6514/6514
f 1554/6514/6514 1556/6497/6497 1590/6498/6498
f 1554/6514/6514 1590/6498/6498 1563/6513/6513
f 1563/6513/6513 1590/6498/6498 1616/6499/6499
f 1563/6513/6513 1616/6499/6499 1571/6512/6512
f 1278/6525/6525 1279/6571/6571 1272/6524/6524
f 1272/6524/6524 1279/6571/6571 1273/6548/6548
f 1272/6524/6524 1273/6548/6548 1276/6547/6547
f 1276/6547/6547 1273/6548/6548 1277/6549/6549
f 1276/6547/6547 1277/6549/6549 1281/6546/6546
f 1281/6546/6546 1277/6549/6549 1282/6550/6550
f 1281/6546/6546 1282/6550/6550 1307/6545/6545
f 1307/6545/6545 1282/6550/6550 1308/6551/6551
f 1307/6545/6545 1308/6551/6551 1330/6544/6544
f 1330/6544/6544 1308/6551/6551 1331/6552/6552
f 1330/6544/6544 1331/6552/6552 1365/6543/6543
f 1365/6543/6543 1331/6552/6552 1366/6553/6553
f 1365/6543/6543 1366/6553/6553 1417/6542/6542
f 1417/6542/6542 1366/6553/6553 1418/6554/6554
f 1417/6542/6542 1418/6554/6554 1470/6541/6541
f 1470/6541/6541 1418/6554/6554 1471/6555/6555
f 1470/6541/6541 1471/6555/6555 1503/6540/6540
f 1503/6540/6540 1471/6555/6555 1504/6556/6556
f 1503/6540/6540 1504/6556/6556 1530/6539/6539
f 1530/6539/6539 1504/6556/6556 1531/6557/6557
f 1530/6539/6539 1531/6557/6557 1552/6538/6538
f 1552/6538/6538 1531/6557/6557 1553/6558/6558
f 1552/6538/6538 1553/6558/6558 1561/6537/6537
f 1561/6537/6537 1553/6558/6558 1562/6559/6559
f 1561/6537/6537 1562/6559/6559 1571/6536/6536
f 1571/6536/6536 1562/6559/6559 1572/6572/6572
f 1571/6573/6573 1572/6560/6560 1563/6535/6535
f 1563/6535/6535 1572/6560/6560 1564/6561/6561
f 1563/6535/6535 1564/6561/6561 1554/6534/6534
f 1554/6534/6534 1564/6561/6561 1555/6562/6562
f 1554/6534/6534 1555/6562/6562 1532/6533/6533
f 1532/6533/6533 1555/6562/6562 1533/6563/6563
f 1532/6533/6533 1533/6563/6563 1505/6532/6532
f 1505/6532/6532 1533/6563/6563 1506/6564/6564
f 1505/6532/6532 1506/6564/6564 1472/6531/6531
f 1472/6531/6531 1506/6564/6564 1473/6565/6565
f 1472/6531/6531 1473/6565/6565 1423/6530/6530
f 1423/6530/6530 1473/6565/6565 1424/6566/6566
f 1423/6530/6530 1424/6566/6566 1367/6529/6529
f 1367/6529/6529 1424/6566/6566 1368/6567/6567
f 1367/6529/6529 1368/6567/6567 1332/6528/6528
f 1332/6528/6528 1368/6567/6567 1333/6568/6568
f 1332/6528/6528 1333/6568/6568 1309/6527/6527
f 1309/6527/6527 1333/6568/6568 1310/6569/6569
f 1309/6527/6527 1310/6569/6569 1283/6526/6526
f 1283/6526/6526 1310/6569/6569 1284/6570/6570
f 1283/6526/6526 1284/6570/6570 1278/6525/6525
f 1278/6525/6525 1284/6570/6570 1279/6571/6571
f 1279/6575/6575 1328/6611/6611 1273/6574/6574
f 1273/6574/6574 1328/6611/6611 1326/6612/6612
f 1273/6574/6574 1326/6612/6612 1277/6597/6597
f 1277/6597/6597 1326/6612/6612 1334/6613/6613
f 1277/6597/6597 1334/6613/6613 1282/6596/6596
f 1282/6596/6596 1334/6613/6613 1308/6595/6595
f 1308/6595/6595 1334/6613/6613 1353/6614/6614
f 1308/6595/6595 1353/6614/6614 1331/6594/6594
f 1331/6594/6594 1353/6614/6614 1370/6615/6615
f 1331/6594/6594 1370/6615/6615 1366/6593/6593
f 1366/6593/6593 1370/6615/6615 1419/6598/6598
f 1366/6593/6593 1419/6598/6598 1418/6592/6592
f 1418/6592/6592 1419/6598/6598 1471/6591/6591
f 1471/6591/6591 1419/6598/6598 1463/6599/6599
f 1471/6591/6591 1463/6599/6599 1504/6590/6590
f 1504/6590/6590 1463/6599/6599 1484/6600/6600
f 1504/6590/6590 1484/6600/6600 1531/6589/6589
f 1531/6589/6589 1484/6600/6600 1499/6601/6601
f 1531/6589/6589 1499/6601/6601 1553/6588/6588
f 1553/6588/6588 1499/6601/6601 1562/6587/6587
f 1562/6587/6587 1499/6601/6601 1507/6602/6602
f 1562/6587/6587 1507/6602/6602 1572/6586/6586
f 1572/6586/6586 1507/6602/6602 1509/6603/6603
f 1572/6586/6586 1509/6603/6603 1564/6585/6585
f 1564/6585/6585 1509/6603/6603 1501/6604/6604
f 1564/6585/6585 1501/6604/6604 1555/6584/6584
f 1555/6584/6584 1501/6604/6604 1533/6583/6583
f 1533/6583/6583 1501/6604/6604 1486/6605/6605
f 1533/6583/6583 1486/6605/6605 1506/6582/6582
f 1506/6582/6582 1486/6605/6605 1465/6606/6606
f 1506/6582/6582 1465/6606/6606 1473/6581/6581
f 1473/6581/6581 1465/6606/6606 1421/6607/6607
f 1473/6581/6581 1421/6607/6607 1424/6580/6580
f 1424/6580/6580 1421/6607/6607 1368/6579/6579
f 1368/6579/6579 1421/6607/6607 1372/6608/6608
f 1368/6579/6579 1372/6608/6608 1333/6578/6578
f 1333/6578/6578 1372/6608/6608 1355/6609/6609
f 1333/6578/6578 1355/6609/6609 1310/6577/6577
f 1310/6577/6577 1355/6609/6609 1336/6610/6610
f 1310/6577/6577 1336/6610/6610 1284/6576/6576
f 1284/6576/6576 1336/6610/6610 1279/6575/6575
f 1279/6575/6575 1336/6610/6610 1328/6611/6611
f 1370/6617/6617 1371/6651/6651 1419/6616/6616
f 1419/6616/6616 1371/6651/6651 1420/6634/6634
f 1419/6616/6616 1420/6634/6634 1463/6633/6633
f 1463/6633/6633 1420/6634/6634 1464/6635/6635
f 1463/6633/6633 1464/6635/6635 1484/6632/6632
f 1484/6632/6632 1464/6635/6635 1485/6636/6636
f 1484/6632/6632 1485/6636/6636 1499/6631/6631
f 1499/6631/6631 1485/6636/6636 1500/6637/6637
f 1499/6631/6631 1500/6637/6637 1507/6630/6630
f 1507/6630/6630 1500/6637/6637 1508/6638/6638
f 1507/6630/6630 1508/6638/6638 1509/6629/6629
f 1509/6629/6629 1508/6638/6638 1510/6639/6639
f 1509/6629/6629 1510/6639/6639 1501/6628/6628
f 1501/6628/6628 1510/6639/6639 1502/6640/6640
f 1501/6628/6628 1502/6640/6640 1486/6627/6627
f 1486/6627/6627 1502/6640/6640 1487/6641/6641
f 1486/6627/6627 1487/6641/6641 1465/6626/6626
f 1465/6626/6626 1487/6641/6641 1466/6642/6642
f 1465/6626/6626 1466/6642/6642 1421/6625/6625
f 1421/6625/6625 1466/6642/6642 1422/6652/6652
f 1421/6653/6653 1422/6643/6643 1372/6624/6624
f 1372/6624/6624 1422/6643/6643 1373/6644/6644
f 1372/6624/6624 1373/6644/6644 1355/6623/6623
f 1355/6623/6623 1373/6644/6644 1356/6645/6645
f 1355/6623/6623 1356/6645/6645 1336/6622/6622
f 1336/6622/6622 1356/6645/6645 1337/6646/6646
f 1336/6622/6622 1337/6646/6646 1328/6621/6621
f 1328/6621/6621 1337/6646/6646 1329/6647/6647
f 1328/6621/6621 1329/6647/6647 1326/6620/6620
f 1326/6620/6620 1329/6647/6647 1327/6648/6648
f 1326/6620/6620 1327/6648/6648 1334/6619/6619
f 1334/6619/6619 1327/6648/6648 1335/6649/6649
f 1334/6619/6619 1335/6649/6649 1353/6618/6618
f 1353/6618/6618 1335/6649/6649 1354/6650/6650
f 1353/6618/6618 1354/6650/6650 1370/6617/6617
f 1370/6617/6617 1354/6650/6650 1371/6651/6651
f 1371/6655/6655 1373/6662/6662 1420/6654/6654
f 1420/6654/6654 1373/6662/6662 1422/6663/6663
f 1420/6654/6654 1422/6663/6663 1464/6671/6671
f 1464/6671/6671 1422/6663/6663 1466/6664/6664
f 1464/6671/6671 1466/6664/6664 1485/6670/6670
f 1485/6670/6670 1466/6664/6664 1487/6665/6665
f 1485/6670/6670 1487/6665/6665 1500/6669/6669
f 1500/6669/6669 1487/6665/6665 1502/6666/6666
f 1500/6669/6669 1502/6666/6666 1508/6668/6668
f 1508/6668/6668 1502/6666/6666 1510/6667/6667
f 1373/6662/6662 1371/6655/6655 1356/6661/6661
f 1356/6661/6661 1371/6655/6655 1354/6656/6656
f 1356/6661/6661 1354/6656/6656 1337/6660/6660
f 1337/6660/6660 1354/6656/6656 1335/6657/6657
f 1337/6660/6660 1335/6657/6657 1329/6659/6659
f 1329/6659/6659 1335/6657/6657 1327/6658/6658
f 2159/6673/6673 2160/6674/6674 2153/6672/6672
f 2153/6672/6672 2160/6674/6674 2152/6675/6675
f 2153/6672/6672 2152/6675/6675 2154/6676/6676
f 2153/6678/6678 2072/6679/6679 2159/6677/6677
f 2159/6677/6677 2072/6679/6679 2078/6680/6680
f 718/6682/6682 719/6683/6683 792/6681/6681
f 792/6681/6681 719/6683/6683 1389/6692/6692
f 792/6681/6681 1389/6692/6692 1387/6693/6693
f 1389/6692/6692 719/6683/6683 1448/6691/6691
f 1448/6691/6691 719/6683/6683 2160/6684/6684
f 1448/6691/6691 2160/6684/6684 2078/6686/6686
f 2078/6686/6686 2160/6684/6684 2159/6685/6685
f 2076/6687/6687 1455/6689/6689 2078/6686/6686
f 2078/6686/6686 1455/6689/6689 1456/6690/6690
f 2078/6686/6686 1456/6690/6690 1448/6691/6691
f 2076/6687/6687 1453/6688/6688 1455/6689/6689
f 1387/6693/6693 1386/6694/6694 792/6681/6681
f 792/6681/6681 1386/6694/6694 790/6696/6696
f 790/6696/6696 1386/6694/6694 1384/6695/6695
f 718/6697/6697 792/6698/6698 712/6700/6700
f 712/6700/6700 792/6698/6698 786/6699/6699
f 718/6701/6701 712/6702/6702 719/6705/6705
f 719/6705/6705 712/6702/6702 711/6704/6704
f 711/6704/6704 712/6702/6702 713/6703/6703
f 2154/6707/6707 2152/6708/6708 2073/6706/6706
f 2073/6706/6706 2152/6708/6708 1447/6717/6717
f 2073/6706/6706 1447/6717/6717 1449/6718/6718
f 2152/6708/6708 711/6709/6709 1447/6717/6717
f 1447/6717/6717 711/6709/6709 1388/6716/6716
f 1388/6716/6716 711/6709/6709 787/6711/6711
f 1388/6716/6716 787/6711/6711 1380/6715/6715
f 1380/6715/6715 787/6711/6711 1381/6714/6714
f 1381/6714/6714 787/6711/6711 788/6712/6712
f 1381/6714/6714 788/6712/6712 1382/6713/6713
f 711/6709/6709 713/6710/6710 787/6711/6711
f 1449/6718/6718 1450/6719/6719 2073/6706/6706
f 2073/6706/6706 1450/6719/6719 2074/6721/6721
f 2074/6721/6721 1450/6719/6719 1451/6720/6720
f 2154/6723/6723 2073/6724/6724 2153/6722/6722
f 2153/6722/6722 2073/6724/6724 2072/6725/6725
f 2075/6732/6732 2077/6726/6726 2074/6731/6731
f 2074/6731/6731 2077/6726/6726 2076/6727/6727
f 2074/6731/6731 2076/6727/6727 2072/6729/6729
f 2072/6729/6729 2076/6727/6727 2078/6728/6728
f 2072/6729/6729 2073/6730/6730 2074/6731/6731
f 2076/6733/6733 2077/6734/6734 1453/6738/6738
f 1453/6738/6738 2077/6734/6734 1454/6737/6737
f 1454/6737/6737 2077/6734/6734 2158/6736/6736
f 2158/6736/6736 2077/6734/6734 2157/6735/6735
f 1450/6739/6739 1455/6740/6740 1451/6744/6744
f 1451/6744/6744 1455/6740/6740 1453/6741/6741
f 1451/6744/6744 1453/6741/6741 1452/6743/6743
f 1452/6743/6743 1453/6741/6741 1454/6742/6742
f 1447/6746/6746 1448/6751/6751 1447/6745/6745
f 1447/6745/6745 1448/6751/6751 1448/6752/6752
f 1447/6745/6745 1448/6752/6752 1456/6753/6753
f 1448/6751/6751 1447/6746/6746 1448/6750/6750
f 1448/6750/6750 1447/6746/6746 1447/6747/6747
f 1448/6750/6750 1447/6747/6747 1446/6749/6749
f 1446/6749/6749 1447/6747/6747 1445/6748/6748
f 1447/6745/6745 1456/6753/6753 1449/6756/6756
f 1449/6756/6756 1456/6753/6753 1455/6754/6754
f 1449/6756/6756 1455/6754/6754 1450/6755/6755
f 1447/6764/6764 1388/6757/6757 1447/6763/6763
f 1447/6763/6763 1388/6757/6757 1388/6758/6758
f 1447/6763/6763 1388/6758/6758 1447/6762/6762
f 1447/6762/6762 1388/6758/6758 1388/6759/6759
f 1447/6762/6762 1388/6759/6759 1445/6761/6761
f 1445/6761/6761 1388/6759/6759 1394/6760/6760
f 1389/6766/6766 1388/6771/6771 1389/6765/6765
f 1389/6765/6765 1388/6771/6771 1388/6772/6772
f 1389/6765/6765 1388/6772/6772 1380/6773/6773
f 1388/6771/6771 1389/6766/6766 1388/6770/6770
f 1388/6770/6770 1389/6766/6766 1389/6767/6767
f 1388/6770/6770 1389/6767/6767 1394/6769/6769
f 1394/6769/6769 1389/6767/6767 1395/6768/6768
f 1389/6765/6765 1380/6773/6773 1387/6776/6776
f 1387/6776/6776 1380/6773/6773 1381/6774/6774
f 1387/6776/6776 1381/6774/6774 1386/6775/6775
f 1446/6784/6784 1395/6777/6777 1448/6783/6783
f 1448/6783/6783 1395/6777/6777 1389/6778/6778
f 1448/6783/6783 1389/6778/6778 1448/6782/6782
f 1448/6782/6782 1389/6778/6778 1389/6779/6779
f 1448/6782/6782 1389/6779/6779 1448/6781/6781
f 1448/6781/6781 1389/6779/6779 1389/6780/6780
f 1395/6786/6786 1446/6787/6787 1394/6785/6785
f 1394/6785/6785 1446/6787/6787 1445/6788/6788
f 1386/6789/6789 1381/6790/6790 1384/6794/6794
f 1384/6794/6794 1381/6790/6790 1382/6791/6791
f 1384/6794/6794 1382/6791/6791 1385/6793/6793
f 1385/6793/6793 1382/6791/6791 1383/6792/6792
f 716/6795/6795 791/6796/6796 717/6800/6800
f 717/6800/6800 791/6796/6796 1385/6799/6799
f 1385/6799/6799 791/6796/6796 1384/6798/6798
f 1384/6798/6798 791/6796/6796 790/6797/6797
f 791/6801/6801 716/6802/6802 789/6804/6804
f 789/6804/6804 716/6802/6802 714/6803/6803
f 791/6806/6806 789/6807/6807 790/6805/6805
f 790/6805/6805 789/6807/6807 788/6808/6808
f 790/6805/6805 788/6808/6808 786/6810/6810
f 786/6810/6810 788/6808/6808 787/6809/6809
f 786/6810/6810 792/6811/6811 790/6805/6805
f 787/6812/6812 713/6813/6813 786/6815/6815
f 786/6815/6815 713/6813/6813 712/6814/6814
f 714/6817/6817 715/6818/6818 789/6816/6816
f 789/6816/6816 715/6818/6818 1383/6819/6819
f 789/6816/6816 1383/6819/6819 1382/6820/6820
f 1382/6820/6820 788/6821/6821 789/6816/6816
f 1385/6822/6822 1383/6823/6823 717/6825/6825
f 717/6825/6825 1383/6823/6823 715/6824/6824
f 714/6826/6826 716/6827/6827 715/6829/6829
f 715/6829/6829 716/6827/6827 717/6828/6828
f 2155/6830/6830 2075/6831/6831 2156/6835/6835
f 2156/6835/6835 2075/6831/6831 1452/6834/6834
f 1452/6834/6834 2075/6831/6831 1451/6833/6833
f 1451/6833/6833 2075/6831/6831 2074/6832/6832
f 2157/6837/6837 2077/6838/6838 2155/6836/6836
f 2155/6836/6836 2077/6838/6838 2075/6839/6839
f 2157/6840/6840 2155/6841/6841 2158/6843/6843
f 2158/6843/6843 2155/6841/6841 2156/6842/6842
f 1452/6844/6844 1454/6845/6845 2156/6847/6847
f 2156/6847/6847 1454/6845/6845 2158/6846/6846
f 2144/6849/6849 2150/6850/6850 2145/6848/6848
f 2145/6848/6848 2150/6850/6850 2151/6851/6851
f 2144/6852/6852 2145/6853/6853 2119/6859/6859
f 2119/6859/6859 2145/6853/6853 2120/6854/6854
f 2119/6859/6859 2120/6854/6854 2088/6858/6858
f 2088/6858/6858 2120/6854/6854 2089/6855/6855
f 2088/6858/6858 2089/6855/6855 2026/6857/6857
f 2026/6857/6857 2089/6855/6855 2027/6856/6856
f 2029/6868/6868 2031/6860/6860 2071/6869/6869
f 2071/6869/6869 2031/6860/6860 2090/6861/6861
f 2071/6869/6869 2090/6861/6861 2112/6871/6871
f 2112/6871/6871 2090/6861/6861 2121/6862/6862
f 2112/6871/6871 2121/6862/6862 2119/6864/6864
f 2119/6864/6864 2121/6862/6862 2144/6863/6863
f 2119/6864/6864 2088/6865/6865 2112/6871/6871
f 2112/6871/6871 2088/6865/6865 2069/6872/6872
f 2112/6871/6871 2069/6872/6872 2071/6869/6869
f 2071/6869/6869 2069/6872/6872 2060/6870/6870
f 2071/6869/6869 2060/6870/6870 2029/6868/6868
f 2029/6868/6868 2060/6870/6870 2028/6867/6867
f 2028/6867/6867 2060/6870/6870 2026/6866/6866
f 2088/6865/6865 2026/6866/6866 2069/6872/6872
f 2069/6872/6872 2026/6866/6866 2060/6870/6870
f 2150/6873/6873 2144/6874/6874 2125/6880/6880
f 2125/6880/6880 2144/6874/6874 2121/6875/6875
f 2125/6880/6880 2121/6875/6875 2097/6879/6879
f 2097/6879/6879 2121/6875/6875 2090/6876/6876
f 2097/6879/6879 2090/6876/6876 2034/6878/6878
f 2034/6878/6878 2090/6876/6876 2031/6877/6877
f 2097/6889/6889 2034/6881/6881 2098/6890/6890
f 2098/6890/6890 2034/6881/6881 2035/6882/6882
f 2098/6890/6890 2035/6882/6882 2099/6892/6892
f 2099/6892/6892 2035/6882/6882 2036/6883/6883
f 2099/6892/6892 2036/6883/6883 2100/6885/6885
f 2100/6885/6885 2036/6883/6883 2037/6884/6884
f 2100/6885/6885 2128/6886/6886 2099/6892/6892
f 2099/6892/6892 2128/6886/6886 2127/6893/6893
f 2099/6892/6892 2127/6893/6893 2098/6890/6890
f 2098/6890/6890 2127/6893/6893 2126/6891/6891
f 2098/6890/6890 2126/6891/6891 2097/6889/6889
f 2097/6889/6889 2126/6891/6891 2125/6888/6888
f 2125/6888/6888 2126/6891/6891 2150/6887/6887
f 2128/6886/6886 2150/6887/6887 2127/6893/6893
f 2127/6893/6893 2150/6887/6887 2126/6891/6891
f 2034/6894/6894 1643/6895/6895 2035/6901/6901
f 2035/6901/6901 1643/6895/6895 1644/6896/6896
f 2035/6901/6901 1644/6896/6896 2036/6900/6900
f 2036/6900/6900 1644/6896/6896 1645/6897/6897
f 2036/6900/6900 1645/6897/6897 2037/6899/6899
f 2037/6899/6899 1645/6897/6897 1646/6898/6898
f 1643/6903/6903 2034/6904/6904 1642/6902/6902
f 1642/6902/6902 2034/6904/6904 2031/6905/6905
f 1566/6906/6906 1568/6907/6907 1577/6913/6913
f 1577/6913/6913 1568/6907/6907 1578/6908/6908
f 1577/6913/6913 1578/6908/6908 1599/6912/6912
f 1599/6912/6912 1578/6908/6908 1600/6909/6909
f 1599/6912/6912 1600/6909/6909 1642/6911/6911
f 1642/6911/6911 1600/6909/6909 1643/6910/6910
f 1568/6915/6915 1566/6916/6916 1569/6914/6914
f 1569/6914/6914 1566/6916/6916 1567/6917/6917
f 1568/6918/6918 1569/6919/6919 1581/6925/6925
f 1581/6925/6925 1569/6919/6919 1582/6920/6920
f 1581/6925/6925 1582/6920/6920 1603/6924/6924
f 1603/6924/6924 1582/6920/6920 1604/6921/6921
f 1603/6924/6924 1604/6921/6921 1646/6923/6923
f 1646/6923/6923 1604/6921/6921 1647/6922/6922
f 1603/6934/6934 1646/6926/6926 1602/6935/6935
f 1602/6935/6935 1646/6926/6926 1645/6927/6927
f 1602/6935/6935 1645/6927/6927 1601/6937/6937
f 1601/6937/6937 1645/6927/6927 1644/6928/6928
f 1601/6937/6937 1644/6928/6928 1600/6930/6930
f 1600/6930/6930 1644/6928/6928 1643/6929/6929
f 1600/6930/6930 1578/6931/6931 1601/6937/6937
f 1601/6937/6937 1578/6931/6931 1579/6938/6938
f 1601/6937/6937 1579/6938/6938 1602/6935/6935
f 1602/6935/6935 1579/6938/6938 1580/6936/6936
f 1602/6935/6935 1580/6936/6936 1603/6934/6934
f 1603/6934/6934 1580/6936/6936 1581/6933/6933
f 1581/6933/6933 1580/6936/6936 1568/6932/6932
f 1578/6931/6931 1568/6932/6932 1579/6938/6938
f 1579/6938/6938 1568/6932/6932 1580/6936/6936
f 1647/6940/6940 2038/6941/6941 1646/6939/6939
f 1646/6939/6939 2038/6941/6941 2037/6942/6942
f 2037/6943/6943 2038/6944/6944 2100/6950/6950
f 2100/6950/6950 2038/6944/6944 2101/6945/6945
f 2100/6950/6950 2101/6945/6945 2128/6949/6949
f 2128/6949/6949 2101/6945/6945 2129/6946/6946
f 2128/6949/6949 2129/6946/6946 2150/6948/6948
f 2150/6948/6948 2129/6946/6946 2151/6947/6947
f 1638/6951/6951 1639/6952/6952 1595/6958/6958
f 1595/6958/6958 1639/6952/6952 1596/6953/6953
f 1595/6958/6958 1596/6953/6953 1573/6957/6957
f 1573/6957/6957 1596/6953/6953 1574/6954/6954
f 1573/6957/6957 1574/6954/6954 1566/6956/6956
f 1566/6956/6956 1574/6954/6954 1567/6955/6955
f 1638/6960/6960 2026/6961/6961 1639/6959/6959
f 1639/6959/6959 2026/6961/6961 2027/6962/6962
f 2026/6963/6963 1638/6964/6964 2028/6970/6970
f 2028/6970/6970 1638/6964/6964 1640/6965/6965
f 2028/6970/6970 1640/6965/6965 2029/6969/6969
f 2029/6969/6969 1640/6965/6965 1641/6966/6966
f 2029/6969/6969 1641/6966/6966 2031/6968/6968
f 2031/6968/6968 1641/6966/6966 1642/6967/6967
f 1599/6979/6979 1642/6971/6971 1598/6980/6980
f 1598/6980/6980 1642/6971/6971 1641/6972/6972
f 1598/6980/6980 1641/6972/6972 1597/6982/6982
f 1597/6982/6982 1641/6972/6972 1640/6973/6973
f 1597/6982/6982 1640/6973/6973 1595/6975/6975
f 1595/6975/6975 1640/6973/6973 1638/6974/6974
f 1595/6975/6975 1573/6976/6976 1597/6982/6982
f 1597/6982/6982 1573/6976/6976 1575/6983/6983
f 1597/6982/6982 1575/6983/6983 1598/6980/6980
f 1598/6980/6980 1575/6983/6983 1576/6981/6981
f 1598/6980/6980 1576/6981/6981 1599/6979/6979
f 1599/6979/6979 1576/6981/6981 1577/6978/6978
f 1577/6978/6978 1576/6981/6981 1566/6977/6977
f 1573/6976/6976 1566/6977/6977 1575/6983/6983
f 1575/6983/6983 1566/6977/6977 1576/6981/6981
f 709/6984/6984 710/6985/6985 738/6991/6991
f 738/6991/6991 710/6985/6985 739/6986/6986
f 738/6991/6991 739/6986/6986 772/6990/6990
f 772/6990/6990 739/6986/6986 773/6987/6987
f 772/6990/6990 773/6987/6987 827/6989/6989
f 827/6989/6989 773/6987/6987 828/6988/6988
f 827/6992/6992 826/6993/6993 772/7000/7000
f 772/7000/7000 826/6993/6993 785/7002/7002
f 772/7000/7000 785/7002/7002 738/6999/6999
f 738/6999/6999 785/7002/7002 752/7003/7003
f 738/6999/6999 752/7003/7003 709/6998/6998
f 709/6998/6998 752/7003/7003 737/6997/6997
f 737/6997/6997 752/7003/7003 784/7004/7004
f 737/6997/6997 784/7004/7004 771/6996/6996
f 771/6996/6996 784/7004/7004 824/6995/6995
f 826/6993/6993 825/6994/6994 785/7002/7002
f 785/7002/7002 825/6994/6994 800/7001/7001
f 785/7002/7002 800/7001/7001 752/7003/7003
f 752/7003/7003 800/7001/7001 784/7004/7004
f 825/6994/6994 824/6995/6995 800/7001/7001
f 800/7001/7001 824/6995/6995 784/7004/7004
f 827/7005/7005 1201/7006/7006 826/7012/7012
f 826/7012/7012 1201/7006/7006 1200/7007/7007
f 826/7012/7012 1200/7007/7007 825/7011/7011
f 825/7011/7011 1200/7007/7007 1199/7008/7008
f 825/7011/7011 1199/7008/7008 824/7010/7010
f 824/7010/7010 1199/7008/7008 1198/7009/7009
f 1201/7014/7014 827/7015/7015 1202/7013/7013
f 1202/7013/7013 827/7015/7015 828/7016/7016
f 1201/7017/7017 1202/7018/7018 1239/7024/7024
f 1239/7024/7024 1202/7018/7018 1240/7019/7019
f 1239/7024/7024 1240/7019/7019 1260/7023/7023
f 1260/7023/7023 1240/7019/7019 1261/7020/7020
f 1260/7023/7023 1261/7020/7020 1270/7022/7022
f 1270/7022/7022 1261/7020/7020 1271/7021/7021
f 1236/7033/7033 1198/7025/7025 1237/7034/7034
f 1237/7034/7034 1198/7025/7025 1199/7026/7026
f 1237/7034/7034 1199/7026/7026 1238/7036/7036
f 1238/7036/7036 1199/7026/7026 1200/7027/7027
f 1238/7036/7036 1200/7027/7027 1239/7029/7029
f 1239/7029/7029 1200/7027/7027 1201/7028/7028
f 1239/7029/7029 1260/7030/7030 1238/7036/7036
f 1238/7036/7036 1260/7030/7030 1259/7037/7037
f 1238/7036/7036 1259/7037/7037 1237/7034/7034
f 1237/7034/7034 1259/7037/7037 1258/7035/7035
f 1237/7034/7034 1258/7035/7035 1236/7033/7033
f 1236/7033/7033 1258/7035/7035 1257/7032/7032
f 1257/7032/7032 1258/7035/7035 1270/7031/7031
f 1260/7030/7030 1270/7031/7031 1259/7037/7037
f 1259/7037/7037 1270/7031/7031 1258/7035/7035
f 1268/7039/7039 1270/7040/7040 1269/7038/7038
f 1269/7038/7038 1270/7040/7040 1271/7041/7041
f 1268/7042/7042 1269/7043/7043 1252/7049/7049
f 1252/7049/7049 1269/7043/7043 1253/7044/7044
f 1252/7049/7049 1253/7044/7044 1231/7048/7048
f 1231/7048/7048 1253/7044/7044 1232/7045/7045
f 1231/7048/7048 1232/7045/7045 1193/7047/7047
f 1193/7047/7047 1232/7045/7045 1194/7046/7046
f 934/7062/7062 984/7074/7074 983/7063/7063
f 983/7075/7075 984/7050/7050 1027/7051/7051
f 983/7076/7076 1027/7051/7051 1026/7073/7073
f 1026/7073/7073 1027/7051/7051 1063/7052/7052
f 1026/7073/7073 1063/7052/7052 1056/7072/7072
f 1056/7072/7072 1063/7052/7052 1083/7053/7053
f 1056/7072/7072 1083/7053/7053 1054/7071/7071
f 1054/7071/7071 1083/7053/7053 1082/7054/7054
f 1054/7071/7071 1082/7054/7054 1036/7070/7070
f 1036/7070/7070 1082/7054/7054 1044/7055/7055
f 1036/7070/7070 1044/7055/7055 1003/7069/7069
f 1003/7069/7069 1044/7055/7055 1008/7056/7056
f 1003/7069/7069 1008/7056/7056 950/7057/7057
f 1003/7069/7069 950/7057/7057 960/7068/7068
f 960/7068/7068 950/7057/7057 908/7058/7058
f 960/7068/7068 908/7058/7058 917/7067/7067
f 917/7067/7067 908/7058/7058 859/7059/7059
f 917/7067/7067 859/7059/7059 889/7066/7066
f 889/7066/7066 859/7059/7059 860/7060/7060
f 889/7066/7066 860/7060/7060 891/7065/7065
f 891/7065/7065 860/7060/7060 878/7061/7061
f 891/7065/7065 878/7061/7061 933/7064/7064
f 933/7064/7064 878/7061/7061 934/7062/7062
f 933/7064/7064 934/7062/7062 983/7063/7063
f 1026/7078/7078 1019/7090/7090 983/7077/7077
f 983/7077/7077 1019/7090/7090 968/7091/7091
f 983/7077/7077 968/7091/7091 933/7087/7087
f 933/7087/7087 968/7091/7091 919/7092/7092
f 933/7087/7087 919/7092/7092 891/7086/7086
f 891/7086/7086 919/7092/7092 890/7093/7093
f 891/7086/7086 890/7093/7093 889/7085/7085
f 889/7085/7085 890/7093/7093 888/7094/7094
f 889/7085/7085 888/7094/7094 917/7084/7084
f 917/7084/7084 888/7094/7094 918/7095/7095
f 917/7084/7084 918/7095/7095 960/7083/7083
f 960/7083/7083 918/7095/7095 967/7096/7096
f 960/7083/7083 967/7096/7096 1003/7082/7082
f 1003/7082/7082 967/7096/7096 1018/7097/7097
f 1003/7082/7082 1018/7097/7097 1036/7081/7081
f 1036/7081/7081 1018/7097/7097 1045/7098/7098
f 1036/7081/7081 1045/7098/7098 1054/7080/7080
f 1054/7080/7080 1045/7098/7098 1055/7099/7099
f 1054/7080/7080 1055/7100/7100 1056/7079/7079
f 1056/7101/7101 1055/7088/7088 1046/7089/7089
f 1056/7102/7102 1046/7089/7089 1026/7078/7078
f 1026/7078/7078 1046/7089/7089 1019/7090/7090
f 1055/7103/7103 1045/7104/7104 1046/7113/7113
f 1046/7113/7113 1045/7104/7104 1019/7112/7112
f 1019/7112/7112 1045/7104/7104 1018/7105/7105
f 1019/7112/7112 1018/7105/7105 968/7111/7111
f 968/7111/7111 1018/7105/7105 967/7106/7106
f 968/7111/7111 967/7106/7106 919/7110/7110
f 919/7110/7110 967/7106/7106 918/7107/7107
f 919/7110/7110 918/7107/7107 890/7109/7109
f 890/7109/7109 918/7107/7107 888/7108/7108
f 1825/7126/7126 1876/7138/7138 1875/7127/7127
f 1875/7139/7139 1876/7114/7114 1924/7115/7115
f 1875/7140/7140 1924/7115/7115 1923/7137/7137
f 1923/7137/7137 1924/7115/7115 1985/7116/7116
f 1923/7137/7137 1985/7116/7116 1971/7136/7136
f 1971/7136/7136 1985/7116/7116 2005/7117/7117
f 1971/7136/7136 2005/7117/7117 1970/7135/7135
f 1970/7135/7135 2005/7117/7117 2004/7118/7118
f 1970/7135/7135 2004/7118/7118 1940/7134/7134
f 1940/7134/7134 2004/7118/7118 1956/7119/7119
f 1940/7134/7134 1956/7119/7119 1893/7133/7133
f 1893/7133/7133 1956/7119/7119 1909/7120/7120
f 1893/7133/7133 1909/7120/7120 1835/7121/7121
f 1893/7133/7133 1835/7121/7121 1841/7132/7132
f 1841/7132/7132 1835/7121/7121 1805/7122/7122
f 1841/7132/7132 1805/7122/7122 1815/7131/7131
f 1815/7131/7131 1805/7122/7122 1755/7123/7123
f 1815/7131/7131 1755/7123/7123 1790/7130/7130
f 1790/7130/7130 1755/7123/7123 1756/7124/7124
f 1790/7130/7130 1756/7124/7124 1792/7129/7129
f 1792/7129/7129 1756/7124/7124 1783/7125/7125
f 1792/7129/7129 1783/7125/7125 1824/7128/7128
f 1824/7128/7128 1783/7125/7125 1825/7126/7126
f 1824/7128/7128 1825/7126/7126 1875/7127/7127
f 1923/7142/7142 1916/7154/7154 1875/7141/7141
f 1875/7141/7141 1916/7154/7154 1853/7155/7155
f 1875/7141/7141 1853/7155/7155 1824/7151/7151
f 1824/7151/7151 1853/7155/7155 1817/7156/7156
f 1824/7151/7151 1817/7156/7156 1792/7150/7150
f 1792/7150/7150 1817/7156/7156 1791/7157/7157
f 1792/7150/7150 1791/7157/7157 1790/7149/7149
f 1790/7149/7149 1791/7157/7157 1789/7158/7158
f 1790/7149/7149 1789/7158/7158 1815/7148/7148
f 1815/7148/7148 1789/7158/7158 1816/7159/7159
f 1815/7148/7148 1816/7159/7159 1841/7147/7147
f 1841/7147/7147 1816/7159/7159 1852/7160/7160
f 1841/7147/7147 1852/7160/7160 1893/7146/7146
f 1893/7146/7146 1852/7160/7160 1915/7161/7161
f 1893/7146/7146 1915/7161/7161 1940/7145/7145
f 1940/7145/7145 1915/7161/7161 1957/7162/7162
f 1940/7145/7145 1957/7162/7162 1970/7144/7144
f 1970/7144/7144 1957/7162/7162 1984/7163/7163
f 1970/7144/7144 1984/7164/7164 1971/7143/7143
f 1971/7165/7165 1984/7152/7152 1958/7153/7153
f 1971/7166/7166 1958/7153/7153 1923/7142/7142
f 1923/7142/7142 1958/7153/7153 1916/7154/7154
f 1984/7167/7167 1957/7168/7168 1958/7177/7177
f 1958/7177/7177 1957/7168/7168 1916/7176/7176
f 1916/7176/7176 1957/7168/7168 1915/7169/7169
f 1916/7176/7176 1915/7169/7169 1853/7175/7175
f 1853/7175/7175 1915/7169/7169 1852/7170/7170
f 1853/7175/7175 1852/7170/7170 1817/7174/7174
f 1817/7174/7174 1852/7170/7170 1816/7171/7171
f 1817/7174/7174 1816/7171/7171 1791/7173/7173
f 1791/7173/7173 1816/7171/7171 1789/7172/7172
f 936/7190/7190 989/7202/7202 988/7191/7191
f 988/7203/7203 989/7178/7178 1029/7179/7179
f 988/7204/7204 1029/7179/7179 1028/7201/7201
f 1028/7201/7201 1029/7179/7179 1064/7180/7180
f 1028/7201/7201 1064/7180/7180 1059/7200/7200
f 1059/7200/7200 1064/7180/7180 1085/7181/7181
f 1059/7200/7200 1085/7181/7181 1057/7199/7199
f 1057/7199/7199 1085/7181/7181 1084/7182/7182
f 1057/7199/7199 1084/7182/7182 1037/7198/7198
f 1037/7198/7198 1084/7182/7182 1048/7183/7183
f 1037/7198/7198 1048/7183/7183 1005/7197/7197
f 1005/7197/7197 1048/7183/7183 1009/7184/7184
f 1005/7197/7197 1009/7184/7184 951/7185/7185
f 1005/7197/7197 951/7185/7185 963/7196/7196
f 963/7196/7196 951/7185/7185 909/7186/7186
f 963/7196/7196 909/7186/7186 920/7195/7195
f 920/7195/7195 909/7186/7186 861/7187/7187
f 920/7195/7195 861/7187/7187 893/7194/7194
f 893/7194/7194 861/7187/7187 862/7188/7188
f 893/7194/7194 862/7188/7188 895/7193/7193
f 895/7193/7193 862/7188/7188 879/7189/7189
f 895/7193/7193 879/7189/7189 935/7192/7192
f 935/7192/7192 879/7189/7189 936/7190/7190
f 935/7192/7192 936/7190/7190 988/7191/7191
f 1028/7206/7206 1023/7218/7218 988/7205/7205
f 988/7205/7205 1023/7218/7218 970/7219/7219
f 988/7205/7205 970/7219/7219 935/7215/7215
f 935/7215/7215 970/7219/7219 922/7220/7220
f 935/7215/7215 922/7220/7220 895/7214/7214
f 895/7214/7214 922/7220/7220 894/7221/7221
f 895/7214/7214 894/7221/7221 893/7213/7213
f 893/7213/7213 894/7221/7221 892/7222/7222
f 893/7213/7213 892/7222/7222 920/7212/7212
f 920/7212/7212 892/7222/7222 921/7223/7223
f 920/7212/7212 921/7223/7223 963/7211/7211
f 963/7211/7211 921/7223/7223 969/7224/7224
f 963/7211/7211 969/7224/7224 1005/7210/7210
f 1005/7210/7210 969/7224/7224 1022/7225/7225
f 1005/7210/7210 1022/7225/7225 1037/7209/7209
f 1037/7209/7209 1022/7225/7225 1049/7226/7226
f 1037/7209/7209 1049/7226/7226 1057/7208/7208
f 1057/7208/7208 1049/7226/7226 1058/7227/7227
f 1057/7208/7208 1058/7228/7228 1059/7207/7207
f 1059/7229/7229 1058/7216/7216 1050/7217/7217
f 1059/7230/7230 1050/7217/7217 1028/7206/7206
f 1028/7206/7206 1050/7217/7217 1023/7218/7218
f 1058/7231/7231 1049/7232/7232 1050/7241/7241
f 1050/7241/7241 1049/7232/7232 1023/7240/7240
f 1023/7240/7240 1049/7232/7232 1022/7233/7233
f 1023/7240/7240 1022/7233/7233 970/7239/7239
f 970/7239/7239 1022/7233/7233 969/7234/7234
f 970/7239/7239 969/7234/7234 922/7238/7238
f 922/7238/7238 969/7234/7234 921/7235/7235
f 922/7238/7238 921/7235/7235 894/7237/7237
f 894/7237/7237 921/7235/7235 892/7236/7236
f 1827/7254/7254 1881/7266/7266 1880/7255/7255
f 1880/7267/7267 1881/7242/7242 1926/7243/7243
f 1880/7268/7268 1926/7243/7243 1925/7265/7265
f 1925/7265/7265 1926/7243/7243 1987/7244/7244
f 1925/7265/7265 1987/7244/7244 1973/7264/7264
f 1973/7264/7264 1987/7244/7244 2007/7245/7245
f 1973/7264/7264 2007/7245/7245 1972/7263/7263
f 1972/7263/7263 2007/7245/7245 2006/7246/7246
f 1972/7263/7263 2006/7246/7246 1941/7262/7262
f 1941/7262/7262 2006/7246/7246 1959/7247/7247
f 1941/7262/7262 1959/7247/7247 1896/7261/7261
f 1896/7261/7261 1959/7247/7247 1910/7248/7248
f 1896/7261/7261 1910/7248/7248 1836/7249/7249
f 1896/7261/7261 1836/7249/7249 1843/7260/7260
f 1843/7260/7260 1836/7249/7249 1807/7250/7250
f 1843/7260/7260 1807/7250/7250 1818/7259/7259
f 1818/7259/7259 1807/7250/7250 1757/7251/7251
f 1818/7259/7259 1757/7251/7251 1794/7258/7258
f 1794/7258/7258 1757/7251/7251 1758/7252/7252
f 1794/7258/7258 1758/7252/7252 1796/7257/7257
f 1796/7257/7257 1758/7252/7252 1784/7253/7253
f 1796/7257/7257 1784/7253/7253 1826/7256/7256
f 1826/7256/7256 1784/7253/7253 1827/7254/7254
f 1826/7256/7256 1827/7254/7254 1880/7255/7255
f 1925/7270/7270 1918/7282/7282 1880/7269/7269
f 1880/7269/7269 1918/7282/7282 1856/7283/7283
f 1880/7269/7269 1856/7283/7283 1826/7279/7279
f 1826/7279/7279 1856/7283/7283 1820/7284/7284
f 1826/7279/7279 1820/7284/7284 1796/7278/7278
f 1796/7278/7278 1820/7284/7284 1795/7285/7285
f 1796/7278/7278 1795/7285/7285 1794/7277/7277
f 1794/7277/7277 1795/7285/7285 1793/7286/7286
f 1794/7277/7277 1793/7286/7286 1818/7276/7276
f 1818/7276/7276 1793/7286/7286 1819/7287/7287
f 1818/7276/7276 1819/7287/7287 1843/7275/7275
f 1843/7275/7275 1819/7287/7287 1855/7288/7288
f 1843/7275/7275 1855/7288/7288 1896/7274/7274
f 1896/7274/7274 1855/7288/7288 1917/7289/7289
f 1896/7274/7274 1917/7289/7289 1941/7273/7273
f 1941/7273/7273 1917/7289/7289 1960/7290/7290
f 1941/7273/7273 1960/7290/7290 1972/7272/7272
f 1972/7272/7272 1960/7290/7290 1986/7291/7291
f 1972/7272/7272 1986/7292/7292 1973/7271/7271
f 1973/7293/7293 1986/7280/7280 1961/7281/7281
f 1973/7294/7294 1961/7281/7281 1925/7270/7270
f 1925/7270/7270 1961/7281/7281 1918/7282/7282
f 1986/7295/7295 1960/7296/7296 1961/7305/7305
f 1961/7305/7305 1960/7296/7296 1918/7304/7304
f 1918/7304/7304 1960/7296/7296 1917/7297/7297
f 1918/7304/7304 1917/7297/7297 1856/7303/7303
f 1856/7303/7303 1917/7297/7297 1855/7298/7298
f 1856/7303/7303 1855/7298/7298 1820/7302/7302
f 1820/7302/7302 1855/7298/7298 1819/7299/7299
f 1820/7302/7302 1819/7299/7299 1795/7301/7301
f 1795/7301/7301 1819/7299/7299 1793/7300/7300
f 1117/7318/7318 1133/7330/7330 1132/7319/7319
f 1132/7331/7331 1133/7306/7306 1155/7307/7307
f 1132/7332/7332 1155/7307/7307 1154/7329/7329
f 1154/7329/7329 1155/7307/7307 1174/7308/7308
f 1154/7329/7329 1174/7308/7308 1166/7328/7328
f 1166/7328/7328 1174/7308/7308 1183/7309/7309
f 1166/7328/7328 1183/7309/7309 1172/7327/7327
f 1172/7327/7327 1183/7309/7309 1177/7310/7310
f 1172/7327/7327 1177/7310/7310 1162/7326/7326
f 1162/7326/7326 1177/7310/7310 1161/7311/7311
f 1162/7326/7326 1161/7311/7311 1147/7325/7325
f 1147/7325/7325 1161/7311/7311 1146/7312/7312
f 1147/7325/7325 1146/7312/7312 1127/7313/7313
f 1147/7325/7325 1127/7313/7313 1128/7324/7324
f 1128/7324/7324 1127/7313/7313 1089/7314/7314
f 1128/7324/7324 1089/7314/7314 1110/7323/7323
f 1110/7323/7323 1089/7314/7314 1060/7315/7315
f 1110/7323/7323 1060/7315/7315 1067/7322/7322
f 1067/7322/7322 1060/7315/7315 1051/7316/7316
f 1067/7322/7322 1051/7316/7316 1090/7321/7321
f 1090/7321/7321 1051/7316/7316 1069/7317/7317
f 1090/7321/7321 1069/7317/7317 1122/7320/7320
f 1122/7320/7320 1069/7317/7317 1117/7318/7318
f 1122/7320/7320 1117/7318/7318 1132/7319/7319
f 1154/7334/7334 1153/7346/7346 1132/7333/7333
f 1132/7333/7333 1153/7346/7346 1130/7347/7347
f 1132/7333/7333 1130/7347/7347 1122/7343/7343
f 1122/7343/7343 1130/7347/7347 1116/7348/7348
f 1122/7343/7343 1116/7348/7348 1090/7342/7342
f 1090/7342/7342 1116/7348/7348 1068/7349/7349
f 1090/7342/7342 1068/7349/7349 1067/7341/7341
f 1067/7341/7341 1068/7349/7349 1066/7350/7350
f 1067/7341/7341 1066/7350/7350 1110/7340/7340
f 1110/7340/7340 1066/7350/7350 1115/7351/7351
f 1110/7340/7340 1115/7351/7351 1128/7339/7339
f 1128/7339/7339 1115/7351/7351 1129/7352/7352
f 1128/7339/7339 1129/7352/7352 1147/7338/7338
f 1147/7338/7338 1129/7352/7352 1150/7353/7353
f 1147/7338/7338 1150/7353/7353 1162/7337/7337
f 1162/7337/7337 1150/7353/7353 1165/7354/7354
f 1162/7337/7337 1165/7354/7354 1172/7336/7336
f 1172/7336/7336 1165/7354/7354 1173/7355/7355
f 1172/7336/7336 1173/7356/7356 1166/7335/7335
f 1166/7357/7357 1173/7344/7344 1167/7345/7345
f 1166/7358/7358 1167/7345/7345 1154/7334/7334
f 1154/7334/7334 1167/7345/7345 1153/7346/7346
f 1173/7359/7359 1165/7360/7360 1167/7369/7369
f 1167/7369/7369 1165/7360/7360 1153/7368/7368
f 1153/7368/7368 1165/7360/7360 1150/7361/7361
f 1153/7368/7368 1150/7361/7361 1130/7367/7367
f 1130/7367/7367 1150/7361/7361 1129/7362/7362
f 1130/7367/7367 1129/7362/7362 1116/7366/7366
f 1116/7366/7366 1129/7362/7362 1115/7363/7363
f 1116/7366/7366 1115/7363/7363 1068/7365/7365
f 1068/7365/7365 1115/7363/7363 1066/7364/7364
f 1688/7382/7382 1720/7394/7394 1719/7383/7383
f 1719/7395/7395 1720/7370/7370 1736/7371/7371
f 1719/7396/7396 1736/7371/7371 1733/7393/7393
f 1733/7393/7393 1736/7371/7371 1788/7372/7372
f 1733/7393/7393 1788/7372/7372 1764/7392/7392
f 1764/7392/7392 1788/7372/7372 1808/7373/7373
f 1764/7392/7392 1808/7373/7373 1786/7391/7391
f 1786/7391/7391 1808/7373/7373 1797/7374/7374
f 1786/7391/7391 1797/7374/7374 1742/7390/7390
f 1742/7390/7390 1797/7374/7374 1762/7375/7375
f 1742/7390/7390 1762/7375/7375 1722/7389/7389
f 1722/7389/7389 1762/7375/7375 1721/7376/7376
f 1722/7389/7389 1721/7376/7376 1710/7377/7377
f 1722/7389/7389 1710/7377/7377 1711/7388/7388
f 1711/7388/7388 1710/7377/7377 1679/7378/7378
f 1711/7388/7388 1679/7378/7378 1680/7387/7387
f 1680/7387/7387 1679/7378/7378 1662/7379/7379
f 1680/7387/7387 1662/7379/7379 1668/7386/7386
f 1668/7386/7386 1662/7379/7379 1659/7380/7380
f 1668/7386/7386 1659/7380/7380 1673/7385/7385
f 1673/7385/7385 1659/7380/7380 1670/7381/7381
f 1673/7385/7385 1670/7381/7381 1687/7384/7384
f 1687/7384/7384 1670/7381/7381 1688/7382/7382
f 1687/7384/7384 1688/7382/7382 1719/7383/7383
f 1733/7398/7398 1724/7410/7410 1719/7397/7397
f 1719/7397/7397 1724/7410/7410 1713/7411/7411
f 1719/7397/7397 1713/7411/7411 1687/7407/7407
f 1687/7407/7407 1713/7411/7411 1686/7412/7412
f 1687/7407/7407 1686/7412/7412 1673/7406/7406
f 1673/7406/7406 1686/7412/7412 1669/7413/7413
f 1673/7406/7406 1669/7413/7413 1668/7405/7405
f 1668/7405/7405 1669/7413/7413 1667/7414/7414
f 1668/7405/7405 1667/7414/7414 1680/7404/7404
f 1680/7404/7404 1667/7414/7414 1685/7415/7415
f 1680/7404/7404 1685/7415/7415 1711/7403/7403
f 1711/7403/7403 1685/7415/7415 1712/7416/7416
f 1711/7403/7403 1712/7416/7416 1722/7402/7402
f 1722/7402/7402 1712/7416/7416 1723/7417/7417
f 1722/7402/7402 1723/7417/7417 1742/7401/7401
f 1742/7401/7401 1723/7417/7417 1763/7418/7418
f 1742/7401/7401 1763/7418/7418 1786/7400/7400
f 1786/7400/7400 1763/7418/7418 1787/7419/7419
f 1786/7400/7400 1787/7420/7420 1764/7399/7399
f 1764/7421/7421 1787/7408/7408 1765/7409/7409
f 1764/7422/7422 1765/7409/7409 1733/7398/7398
f 1733/7398/7398 1765/7409/7409 1724/7410/7410
f 1787/7423/7423 1763/7424/7424 1765/7433/7433
f 1765/7433/7433 1763/7424/7424 1724/7432/7432
f 1724/7432/7432 1763/7424/7424 1723/7425/7425
f 1724/7432/7432 1723/7425/7425 1713/7431/7431
f 1713/7431/7431 1723/7425/7425 1712/7426/7426
f 1713/7431/7431 1712/7426/7426 1686/7430/7430
f 1686/7430/7430 1712/7426/7426 1685/7427/7427
f 1686/7430/7430 1685/7427/7427 1669/7429/7429
f 1669/7429/7429 1685/7427/7427 1667/7428/7428
# 3002 vertices
# 7433 texture params
# 7433 normals
# 6358 facets

# 1 groups
